R,P,U
0.7219168194298144,0.09165869935649261,0.7720562336272312
0.7218785720081544,0.09579127538042813,0.7774192237542427
0.7213555545397935,0.09065698537808985,0.7766483056922308
0.7354510894645612,0.08666588888066105,0.7729628716976796
0.7654585264480666,0.0782308781916782,0.7812268374830494
0.7468248984995357,0.08370972843366349,0.7717628292864334
0.7612746705893564,0.07588296140079302,0.7827822132378948
0.7428290347994074,0.08329613392343867,0.7852242833353079
0.7297809606685739,0.09333087615780504,0.7753328367630917
0.7271823178744968,0.09496849251622194,0.7760992139247838
0.7613646142924242,0.08316747020479714,0.7730095252992272
0.7132870923628931,0.09567734647738585,0.7759516854735455
0.737602230735222,0.0838329445584495,0.7724427874482759
0.7513020337205654,0.08744217082040481,0.7762114499981839
0.726825506717001,0.08895863145095159,0.7721366045951166
0.7220005416978187,0.08904488650650072,0.7725836607393071
0.7502327217646497,0.08435136922125024,0.7715223198761396
0.7646638200572763,0.07632407643638095,0.7794090577844532
0.7679067561726793,0.083503111808561,0.7742312039100061
0.7561984988659154,0.08502564538703651,0.7731840623814598
0.7047686223713879,0.09434249376442559,0.7733530970209547
0.7649576903832933,0.08316986030465369,0.7744021204930083
0.7227806496420102,0.08769601738670565,0.7728588366038354
0.7480635479755735,0.08473286376760923,0.7725016099633406
0.7577833992557179,0.08325606301896028,0.7720353090349363
0.7637217502118422,0.07893315453726518,0.7852754634782537
0.7561924235210901,0.08366438055530644,0.771160312241943
0.7366789082870313,0.08952375851594113,0.7759615158945923
0.7514777853118534,0.08073048591765658,0.7721177241656885
0.6956042109398064,0.09616697511140879,0.7744249154295344
0.7774936108932552,0.07790435799228396,0.7841030652324948
0.7367321429002717,0.08929081183375802,0.7760128257578492
0.7418132092458278,0.08468646882892217,0.7728378310127422
0.7064038500272988,0.08883328924804097,0.7745817581967714
0.7631631814093274,0.07542895421110073,0.7793690256382289
0.7793734741094516,0.0745370567486961,0.7820788694186597
0.7635142757146782,0.0781545565851813,0.7719349878051349
0.7111977590770456,0.08980830876477686,0.7734427479758366
0.7419420244130486,0.08685925887861845,0.771450906604075
0.7186197490083768,0.09264181041204937,0.7765405693990074
0.713352336112845,0.09164133675470025,0.7729730546830945
0.749121936483931,0.08514384472639228,0.771941507303993
0.7446529728293905,0.0837496893690389,0.7720909727290364
0.7096635546914916,0.09240399033558125,0.7738039852980979
0.7834580482454743,0.07240520553451477,0.7790757360547189
0.7877493135308998,0.0687593245429206,0.7800456273837354
0.7452727286673958,0.08262214678566683,0.7722143614035761
0.7352848876049095,0.08727213892017419,0.7723105819111644
0.7754185858790442,0.07647477970408205,0.7824699716827119
0.7423164460072564,0.09037013517695966,0.7766608121198606
0.7403621839679344,0.0838548575065975,0.7860990237643255
0.7181126008306792,0.09189807063273245,0.7727890470488146
0.7540839203656464,0.0819912976597041,0.7715979891861579
0.7346787790988165,0.08823891162042105,0.7722548978238627
0.7325814854027335,0.08576243610629562,0.7724181863941671
0.7328907282390316,0.08771281405222346,0.7720225641135522
0.7095138084055627,0.09482762750160206,0.7746121632959281
0.7628194801813777,0.08279612570287356,0.7738819653482787
0.7943885568872033,0.07667813998223257,0.7707494514578442
0.7733323017747672,0.07888620367155931,0.7709578340100565
0.7164706653519903,0.09340014285364293,0.7751678665200089
0.7745712452994209,0.07602608984559005,0.7716905204242288
0.7358735132549835,0.08980658428310513,0.7763532727520479
0.7205849528174301,0.08735065994431909,0.7734853609228964
0.7341239147347234,0.08902574379155426,0.7754343845971274
0.7487238180379966,0.0858667629470123,0.7710990988598054
0.7543721323975897,0.08160234175584295,0.7719541170120048
0.7628175903288478,0.08127937816641413,0.7713499657731809
0.7521699353890116,0.0823685719237156,0.7722305875030894
0.7375571884329678,0.08097613777990255,0.7807883527108654
0.7025488383107077,0.09548724815565662,0.7728509637061695
0.7174984330985458,0.09042926719567891,0.7726806894820089
0.7421271407779071,0.08823286857161812,0.7719110703399065
0.772275042627434,0.07773938494143098,0.7712763826677266
0.6997292669817656,0.09645036677833915,0.7730614792935674
0.725518077254981,0.08737884066010153,0.7754445408902925
0.7134401095002426,0.08457277031195802,0.7813514502557307
0.7564890234620725,0.07660917714963766,0.780222456390771
0.762054133525523,0.08242941217451169,0.7715228579564013
0.740640271920467,0.09019215886147498,0.7760274685592047
0.7744989840815717,0.0797868496359253,0.773955661935479
0.8175275273027639,0.06645831511400653,0.7791987186543686
0.7347175161343085,0.08718583585566239,0.7742664010759966
0.7586561417129957,0.07977342546690282,0.7717729199134193
0.7204360428059318,0.09836762483329124,0.7766732432504084
0.7666412670869379,0.08085062955383777,0.7710413929338658
0.7846973926434343,0.08201968185664321,0.7748711733307878
0.7097329582654944,0.0899110424287378,0.7734534506148106
0.7185033726531289,0.08532933447619499,0.7804185242597944
0.786860678626102,0.07246127964360272,0.7785707745903425
0.7454481516607527,0.08540775174443338,0.7760021466161613
0.7307062258583412,0.09003055962947581,0.775563193614592
0.7827782087946994,0.07431875558472786,0.7821296661765724
0.7208111194368096,0.08700893952393725,0.7732893898518127
0.7368709446927983,0.08770021342161524,0.7716067139839126
0.7486284580525265,0.0840973527095603,0.7715327558404229
0.744324873618392,0.08456091771299772,0.7718087187297443
0.6954737463840093,0.09505312186346757,0.7738484235066772
0.7846177131924831,0.07066913187030764,0.7788594957509383
0.7869145270184672,0.08122216060448534,0.7739979810631922
0.7910720330737275,0.0767632795559571,0.7704640188304867
0.7353246932900503,0.08731916651404624,0.7718517469169932
0.7256729119578589,0.08426042821835959,0.7833919247113597
0.7543801512222957,0.08103089543694603,0.7720368011119979
0.764291113989148,0.08472103528977365,0.7745620878237027
0.738901353252356,0.08516096246108776,0.7720223659798786
0.7226049813366412,0.08793188715315764,0.7730499510373467
0.7277247032860703,0.08700111186584712,0.7725325251505726
0.7074950240094685,0.09606959956653804,0.7734218194904602
0.732008589503938,0.08686604928833616,0.7721900500793121
0.7295028566800336,0.08786978415586774,0.7721647914301066
0.7221896664567201,0.0828090138587299,0.7808812393981156
0.7398665853684527,0.08240892300493416,0.7734393876490349
0.7920106047736982,0.07808671187683797,0.7748767803406302
0.7297156972685888,0.08753065011950324,0.7726004044594835
0.729052323203063,0.08573895028456183,0.7727585952534985
0.713973792539948,0.09009748088589929,0.7730043240456665
0.7841386048119916,0.07498069366558474,0.7843663584267035
0.7584823189132437,0.08251026435360496,0.7724436939614283
0.7543639590407805,0.08202121826471984,0.7715990802680447
0.7498689786084193,0.08851755339697992,0.7753642204499968
0.7500596745442205,0.08051467353819788,0.7729471077935911
0.7544811175902117,0.0859960602778626,0.7721245218065125
0.762011721607989,0.08056444082530563,0.7837442229879956
0.7149931087510258,0.09544408349452091,0.7755920071680845
0.795207309443912,0.07387568487721309,0.7840979823201633
0.7948842569941589,0.07742737008917289,0.773354585120853
0.7338780779058633,0.08649185506359454,0.7721366138735773
0.7937714182005686,0.07751459135152365,0.7699594791056731
0.7578920498007905,0.07903345759793712,0.7831510039875125
0.7359219024398477,0.09005438020919661,0.7745178102342066
0.7436556709306389,0.0854195905789038,0.7722013339091223
0.7265233240139463,0.08888627333381369,0.7732737560287697
0.7689886853553011,0.07618169217709748,0.7790122102071428
0.7631167831241695,0.08235039843072682,0.7713989831509024
0.7412449575664306,0.08510659496641843,0.7732698717149096
0.7287027570097329,0.08128018700490827,0.7829938752742338
0.6956466566740712,0.09679965456131925,0.7741073683952789
0.7471836422994866,0.07584905487860773,0.7806767076727542
0.7359595220071441,0.08506510562484357,0.7723759508798288
0.7353227147575593,0.08668611704688055,0.7720622900957941
0.7858208761524267,0.07896096209863494,0.7739590504112567
0.7356671583161428,0.08878751143963708,0.7761406196050211
0.7592909266298421,0.08107098412269044,0.7714598043959142
0.7437740078829463,0.08817544674392765,0.7750506190756582
0.7280036204711748,0.08568939238552338,0.773378812172839
0.7727678206917257,0.07750681901558068,0.771264454670237
0.7142541358336835,0.09292456969399983,0.7728554866625157
0.7353140399624737,0.08871524737713322,0.7730885794450858
0.7714040481955909,0.08058993463927876,0.7706930397647962
0.7376304351947799,0.0880415472164781,0.7762617802766234
0.7133109117808994,0.0930529335835228,0.7724050220608862
0.7508078771753011,0.08173033830685468,0.7718858176791249
0.6958310429896036,0.09903198554685586,0.7733958880329173
0.7687024056079975,0.07323236488755742,0.7794528516589432
0.7525956369724951,0.07793401512388706,0.7797461491488057
0.7741980938199137,0.08067146638578462,0.7733794505368374
0.7215963883345559,0.08793937422363574,0.7728410440566363
0.730606917533919,0.08750346034840656,0.7721625716101148
0.8188852735535335,0.06673630751124791,0.7812159716651138
0.7730306873307047,0.07668968811531716,0.7847086369619174
0.7176440437978175,0.09636597962366406,0.775388844617481
0.7199539470675024,0.09185232172873017,0.7753432803797164
0.8190703012748602,0.06806243283923856,0.7812148126217873
0.7756639401860259,0.07972867524131981,0.7706450563735151
0.7489989958548899,0.07989731397133552,0.7724862279384701
0.7159990480392529,0.09226818758955634,0.7741156089962954
0.7560354849940145,0.08324062285026121,0.7747356498409633
0.7480548062280672,0.08453431323452619,0.7714660171014909
0.7952392977643157,0.07704000158108384,0.7709459735650069
0.7750365384140113,0.08441811145995283,0.7751774064253798
0.7261946043500592,0.08959970356977268,0.7720550084521046
0.716007826639173,0.09604029793498203,0.77635666396539
0.7426986725309549,0.08586386406222325,0.7715714577276841
0.7724943383267914,0.07709348937134233,0.7715222727704103
0.7451079408719211,0.07938110728991453,0.7796739435433591
0.7155513415857464,0.08822609641522469,0.7734537619876832
0.7261031554426609,0.0914172381874016,0.7717460888140709
0.7780524947546464,0.08113242340748698,0.7719927000943909
0.7363265234844955,0.08797963857140215,0.7754520448548601
0.7052267562349781,0.09381749872556239,0.773424865103556
0.7452997357200541,0.09030536490943857,0.7755491096910219
0.7131101526551125,0.09446681512226306,0.7770914626001381
0.7418002357660006,0.0906101379030658,0.7751550584273361
0.7500396206388079,0.08211032377180666,0.7732987047220246
0.8113100300818188,0.06627967142689722,0.7782145764999839
0.7248360546602853,0.09505355434508092,0.7770301911042482
0.7968709818933594,0.07392719006002008,0.7704879364983558
0.7439929295293558,0.08441078566778494,0.773333229393743
0.7435183757818982,0.08655891413049344,0.7755469575601646
0.766818019280373,0.07753388225426146,0.7723001896949482
0.7604260976785985,0.07779217058677154,0.7789986637642348
0.7478915631226661,0.08201903385068368,0.772055654700434
0.7437644921574103,0.08458030821884437,0.7722674562886321
0.8024634841586801,0.06869486100297259,0.7783570351074061
0.7400602274234891,0.08887748240717365,0.7734607725723757
0.7505574690158859,0.07691142262378793,0.7798091267376553
0.7392431888984629,0.08297612667595955,0.7725912411405884
0.7270238411194514,0.08860860775551888,0.7722619593648908
0.798291801156595,0.07658653400563999,0.7717572602776125
0.7225497180879267,0.08867000999387614,0.7727320854354873
0.7767523661807905,0.07254742633645574,0.7789297767236752
0.7427888675106658,0.08636334535430644,0.77516542555364
0.7895369020984854,0.0707718882916343,0.7790602555472728
0.7633132755070124,0.08396092047779534,0.7743707714885396
0.7670056080025726,0.08452907215940515,0.7734756805126924
0.7595300917419189,0.08188757512831053,0.7713958202628183
0.6990215750982558,0.099887239948119,0.7775162373705041
0.7135339686838619,0.0841210892980107,0.7816702517549059
0.7192758753006689,0.08887904295147808,0.7730545623304191
0.7455774006488253,0.08764970374862602,0.775497937788223
0.726975631726089,0.08998802533505323,0.773243544348191
0.7410503256076796,0.07926838234063918,0.7824265803171472
0.7189059634970576,0.08877855207660047,0.7734090437133359
0.7206379810115788,0.08578147498268696,0.7735677569925877
0.752846400382147,0.08366564393055784,0.7751917123569756
0.7391454411623315,0.08423081400427428,0.7723683257272663
0.8038300560677524,0.07034508609300356,0.7776700700087159
0.7501601608905769,0.08459503648074028,0.7715933807238003
0.7515532818445227,0.08931968611058239,0.7751991554480112
0.767984999836749,0.08150309096412309,0.7707186885847399
0.6965944332520184,0.09948823004927272,0.7748007733245
0.756765887151749,0.08168723529564317,0.7714875378135019
0.7645164450696551,0.08355017437539838,0.77527085346067
0.7701601341048746,0.08260702920828422,0.7748248167577343
0.7758612527992707,0.07766635550286508,0.7835724489456561
0.7585746825473052,0.08192063442885594,0.7712531669109294
0.7238503544618521,0.08975024922001358,0.7722664776755495
0.7374617430541833,0.08737171956128033,0.7739922606434491
0.7710838572658143,0.07847398279419614,0.7839869159397013
0.7514238092946477,0.08636909046280584,0.7749551849789279
0.737696041399941,0.08770670430429693,0.7742995308826188
0.7557807317872576,0.08050814071132595,0.771849762162891
0.7636200815552601,0.08207499379197682,0.774277011130891
0.764202109278585,0.08166740546281252,0.7719035047655345
0.7384679376980126,0.08639042984443891,0.7723546756115766
0.7621381360954358,0.08303593927598092,0.7737050961726946
0.7266826001166096,0.08311396090964518,0.7822558223968363
0.7048100713732545,0.09524405554063117,0.7747939012113424
0.7638708829407027,0.08034025418606018,0.7725473169968228
0.7755105960512007,0.07276600778414381,0.7790664700451942
0.727211116974982,0.09107451807790154,0.7716511183669874
0.7723467084928419,0.07688123205033458,0.7715437747588917
0.7143851934188695,0.08775258494459585,0.7823774987592217
0.7045228612089369,0.09393613736764476,0.7729692929296756
0.7708658324969957,0.0725862119286423,0.7793718502324414
0.771833544883829,0.07626291327182987,0.783095694433434
0.7391253830482888,0.08685755117006011,0.7728400919907864
0.7399696543041184,0.07869515726977085,0.7806118251548626
0.6956266923525046,0.09592691160731212,0.7737980322985746
0.7218352538462274,0.09901259539905465,0.7759198192792397
0.7619656894241831,0.07537177228901047,0.7828914426234685
0.7769127233711417,0.07343669062821682,0.7807967033678053
0.7281449564550186,0.09041863823645643,0.7720560658216172
0.7339942008865622,0.08644202457193584,0.7733558754197204
0.7937492650054363,0.07108465773001157,0.7781051091632567
0.7221205711047444,0.08875551885423003,0.7727461208546847
0.7624279654353967,0.07820437141136746,0.7719602148043341
0.7445686689391776,0.08520754916100468,0.7755848263606552
0.7374016691056227,0.08414022840653565,0.7724150672264869
0.7418099807626939,0.08550801238099412,0.7717676198975097
0.7889463535704881,0.07366198027475561,0.7823580738394976
0.7377747343461519,0.08492800528525464,0.7721643699324225
0.7624405250083548,0.07951590719592228,0.7717027898196731
0.7639987409434648,0.07458322964890296,0.7799220416636171
0.7777354621733422,0.07816757877836907,0.7712038745464957
0.7390063554212245,0.07908129456583342,0.7803403018223517
0.8065058759086131,0.06886421997324384,0.7799039886065495
0.7988663656782435,0.07675508802743392,0.7728804006288863
0.7314442560871419,0.08930155107440405,0.771687275621794
0.7673257437138553,0.082388594331125,0.7738883510093597
0.7014424384938077,0.09482361832470307,0.7730752971312582
0.7373095036988373,0.08713578197572537,0.7716977786230528
0.740904221948102,0.08703900924044267,0.7722128060407812
0.7805638004015338,0.07905552144623552,0.7742227095332351
0.7287109355655836,0.08773213238718919,0.7723593875084583
0.6956293254812145,0.09658372825346048,0.7741866597945694
0.7472618337822493,0.08237016143634368,0.7731674942744398
0.7690748925310198,0.07449395003362559,0.7790938757276987
0.771632199565545,0.07491310766059932,0.7826065262392596
0.7228016750221181,0.09017654703256855,0.7722676811498336
0.7511817140538961,0.08322368065547374,0.7734442926468323
0.7189751372699655,0.09310519686208324,0.7734206873272679
0.7469080288544198,0.08680145671168628,0.7733906794774593
0.7747974634185701,0.07849894523416559,0.7710457061033579
0.734732001909215,0.0856538176931778,0.772862520327614
0.7288160008664845,0.09309520651707968,0.774796777809931
0.7608172101041003,0.07666189906080659,0.7809469227901603
0.7295501713705062,0.08749223282803029,0.7725722996514295
0.7479257651467713,0.08736524851582654,0.7736501331229896
0.7425500635037938,0.08354397305499316,0.7831676926020934
0.7783268694141819,0.07744403498329167,0.7710590038679521
0.7533739788829247,0.08178801018020486,0.7717941206138712
0.7846891360682475,0.07777615003518772,0.7713973416227317
0.7392049890601495,0.0891329818011111,0.7755893140733547
0.7312807740578381,0.08906036123738446,0.7727524408046873
0.7683821576992429,0.0829629476635302,0.7742249123443647
0.7553537477905722,0.07569844475974472,0.7801548868089004
0.7654690421963829,0.07406370424405088,0.7795424981710075
0.7468123583830373,0.08515047879063968,0.7750216915632189
0.740806597754095,0.08867565586979603,0.7749281229159725
0.732628670574023,0.08917616645459535,0.7717619671011776
0.7690612132768571,0.08146489378585482,0.7707487664678607
0.7392587208914575,0.08537341582723246,0.7735421812336258
0.7608966177260952,0.0824679063257521,0.7754112004424811
0.7464766436671763,0.08480016816546142,0.7743442129779926
0.7494693658438748,0.08594116334394686,0.7720722700915859
0.7322084086674382,0.08712381091707734,0.7723460262373778
0.7683396741810509,0.07965579915209453,0.7717398191861318
0.7368181036626276,0.09128607049693264,0.7751782977394747
0.7919495939856589,0.07194556445020005,0.778006462522731
0.7865270763821821,0.07130010157423561,0.7786618255589304
0.7781862792906096,0.07202107337966461,0.7791472103174177
0.7789504964275703,0.08089538857633403,0.7723311668115113
0.7123282485820963,0.09265769812555162,0.7725773159405241
0.7398701573761985,0.09151706998683716,0.7763652245162335
0.7192490332578023,0.0897763410257487,0.7728917612115653
0.7555289330346566,0.08205539245172547,0.7730298609928447
0.7284755143329824,0.08675447554928686,0.7726214381888178
0.7462511197088514,0.0868854089235785,0.7754902893970363
0.7711929009040078,0.07848667010517174,0.7711598847810723
0.7186453322398363,0.08821970607007242,0.7860304481388986
0.7561588432364752,0.08249805644736427,0.773671883182327
0.7403457172593902,0.08788116128382498,0.7760271367882878
0.7273042773857635,0.08678591733798266,0.77260987141674
0.7431004821992607,0.0816783458939586,0.7827761159703935
0.7401625290673294,0.07900728249201067,0.7803395252017796
0.7414962513579747,0.08411676344371799,0.7721910356414089
0.7699884014047028,0.07576809203804909,0.7720240710119527
0.7567386194212503,0.08369495215109946,0.7846304420654565
0.7219021474492152,0.09021151158520262,0.7722703877183779
0.7159746598235012,0.09239446399719889,0.7860098616012103
0.7345613465618068,0.09022315523213391,0.7744043097630063
0.7562007017396756,0.08466952862541482,0.7744526730697294
0.7636757394195196,0.07725840185234688,0.7828087476145053
0.705866851678697,0.09573074378025226,0.7764741859037501
0.7686192365277122,0.08170099719039314,0.7710316352638966
0.7218565111821873,0.08832518275641538,0.7738197591202368
0.7770373544534396,0.07602737027229137,0.7818918630887293
0.738834106100344,0.08947430045279976,0.7747852654074775
0.6955793895934222,0.09389171549447803,0.7738509605848627
0.7105763752036944,0.09686087282310422,0.7720656205195443
0.7497251926735506,0.08419766259217032,0.7714174704661112
0.7826406346308129,0.07356231113117585,0.771559983277454
0.706892106184077,0.09349690796639142,0.7729453241324356
0.7331294487510932,0.0881109715363873,0.7722269462977334
0.7811701347363079,0.07771522219303112,0.7743481367614194
0.7351978190195761,0.08724391829411332,0.771974566522194
0.7420190427027751,0.08193786507332428,0.7725556784176623
0.7589760775907566,0.08139592752127198,0.772225478826153
0.7813261236518176,0.07494839467495507,0.7824603983800177
0.740419862051884,0.0876106523005019,0.7761414257501182
0.7816824802395559,0.0805982088797641,0.7725585549625014
0.7647518137400231,0.07391018826924667,0.7794751193481937
0.7889956754861753,0.07113544578939421,0.7784765818132889
0.7483850986516161,0.08340076946360392,0.7717583376689795
0.7022893508093523,0.09853470362364229,0.7754834675267321
0.7939752724052492,0.0777568045115693,0.7745671034171832
0.7273256245035312,0.09167836759401915,0.7726354482398522
0.7481755245307341,0.08300537006636832,0.7719383530689535
0.7169173403174025,0.08538722958996228,0.7811400625209164
0.7692799613637448,0.0817877325220131,0.7744861940819533
0.7395562279837916,0.08968648041177876,0.776009037583711
0.6957275416710232,0.09790760252676377,0.7735581424206116
0.7572426081861974,0.07959624296291776,0.7837156248343018
0.7569786632847365,0.07480810035852377,0.7801031903229761
0.7662812530173859,0.08149160123180633,0.7708394682057593
0.7737795755195719,0.07700346299079203,0.771360135338577
0.7588386230098841,0.08078924570921511,0.7715409511773879
0.755289778236917,0.08274514063554203,0.7715586623175908
0.7154760789215081,0.09304497353637037,0.776206214944344
0.7195341671279629,0.09578463468658387,0.7753774053439352
0.7364951640828378,0.07830843188438455,0.7806755645705266
0.7500445989687625,0.08394268669771297,0.7743692527751849
0.7593307872584933,0.08256391936829935,0.7711815860002361
0.7519595247126465,0.08057865184568234,0.7837963736485195
0.7467995868572826,0.08346979631533925,0.7734969091073151
0.75007272558572,0.08342700601130876,0.7726008208660895
0.7822534518800781,0.07786815120034075,0.7714143650155485
0.7264483963098465,0.09304218438420289,0.7753670233173535
0.7239712344084441,0.08914497861828473,0.7723437151749661
0.7402951103715041,0.08041512874265822,0.7806415379536851
0.764154635699421,0.08001111513938708,0.7719010859576767
0.7724483434582793,0.08110640080827428,0.7715219195967407
0.7455627217067944,0.09060354560050239,0.7750803577493305
0.767106484193038,0.0816351270174499,0.7748845923572529
0.7886419657825244,0.08138766852872595,0.774505547417052
0.7713462902526231,0.08528641271812072,0.7741277876846407
0.7564470531281685,0.07802331442135099,0.7790641017396928
0.7266715741107449,0.08974465205466506,0.772060288801166
0.7477148645045224,0.08030845588846454,0.780485748554799
0.7253353408555793,0.08991595708200942,0.7744913822625655
0.7338967774185664,0.08941836656995758,0.7761390412133227
0.7753599815499621,0.08006815685855367,0.7723786023269044
0.732424449071088,0.08733265735521173,0.7753268494615949
0.7322048101192477,0.0882101836065068,0.7718629639295099
0.7379347396639414,0.08632417017569564,0.772455503071229
0.7477910805748849,0.0839223824398163,0.7716675748654778
0.7489541090034914,0.0766086383905101,0.780031306205165
0.7381484649747195,0.0806818940005841,0.7798663962240178
0.7001619134769919,0.09851295644967599,0.7734011407475238
0.6957106853348856,0.09736926362536961,0.7741156316180743
0.7360947814580185,0.08605223481468803,0.7748644494940702
0.7245336862264498,0.09021121465843857,0.7749850610786612
0.7732858486648858,0.07318835502878217,0.7793424846256087
0.7457733918416788,0.08121035230263524,0.7724282807925688
0.7128538836360488,0.09076551221631539,0.772934349574378
0.7649505355840549,0.08006756412053498,0.7713481820815614
0.7345857131596928,0.08534956399875634,0.7751405409327811
0.7739577569847949,0.0823505147065172,0.7744351985145126
0.7227732237117167,0.09516288319764471,0.7767292018608162
0.7367014949954541,0.0858098694969474,0.7757852170582717
0.7167125451064424,0.08829437188427139,0.7734146170218442
0.7571673268112359,0.08122666721145685,0.7846682465670524
0.6957886054211495,0.09538574561673432,0.7735456063952773
0.75149811499396,0.08405347596048689,0.7713103304058728
0.71599887799925,0.09383084407194127,0.7731406032312373
0.7120131397154982,0.09364450372394667,0.7751218898212234
0.7331774146972909,0.08718971315380365,0.7727890209369169
0.757519601385265,0.08218492707952894,0.7724454246992057
0.8001295942548751,0.07775097173135359,0.7741289636032267
0.7484238962813747,0.07961519210539111,0.7793058610108982
0.7677028513635558,0.07901016225085802,0.7712961822157853
0.788910405600855,0.07882706476387455,0.7733397566350098
0.742675008808297,0.08452697465288214,0.7718638032516906
0.7202491300794711,0.08711541266481168,0.7732524939786485
0.6998818667146355,0.09382352864235324,0.7734272636208834
0.7793992337136756,0.0785543487785291,0.7734162286819171
0.7653260556281335,0.07483252569640464,0.779269156192891
0.7252563281353237,0.08487890036008715,0.7808785159588503
0.7453379282998581,0.08402021944954847,0.7717728322869007
0.7397210110087853,0.08552793436769675,0.7719012016751524
0.7773666772177056,0.07633665897131518,0.7816702555678686
0.7504714375460173,0.07825027294720116,0.7836236326103468
0.7887983943797816,0.07102109177149885,0.7786785264266244
0.7682373293430811,0.08010986082314589,0.7711228656628214
0.7503159337680858,0.08437742253116101,0.7720707390815116
0.7421865309466019,0.07995366734648217,0.7797518521508984
0.7509222238734778,0.08217944361014133,0.7763255550235659
0.7483121523798602,0.08471472742004642,0.7766489065602258
0.7347449282676288,0.08845484654215872,0.7739659296906037
0.7840958341619879,0.07324520254081757,0.7783238852438227
0.774162949567864,0.07762550410595452,0.7713046574294581
0.7345664964011088,0.08720716006324754,0.7719592381746783
0.7097924228332272,0.09437072854807259,0.774998748872066
0.7338515729206145,0.08799894115634159,0.7719316893004334
0.729850746246518,0.08832756849476703,0.7720652678564759
0.7565844793610536,0.08476691597345658,0.7736613050108315
0.7258465385809496,0.09349928167527576,0.7761056924159547
0.7252030606066943,0.08924950948606879,0.7722199744805734
0.7524585377384807,0.07627206445400864,0.7798891082885204
0.7650070842956102,0.08533037056079995,0.7719645691897647
0.727303483328348,0.08823834489330595,0.7734693471236753
0.738357401052367,0.09179691189207018,0.776135478656418
0.795641865443549,0.0723716719232476,0.7828883566823338
0.7448881083860112,0.08528582877547851,0.771525646942506
0.7445916095621903,0.08520704924636432,0.7743879008413915
0.7072807130192206,0.0964908601546219,0.7779571248106383
0.7145891195908654,0.08692372342334068,0.7850150858305649
0.7815790752802815,0.07949992372966924,0.7736843084702634
0.7376121284740305,0.08586631451530165,0.7723770302109256
0.7919040048080807,0.06903324410701482,0.7787886901655138
0.77632403559577,0.07972286715043497,0.775377274454499
0.7743232748135161,0.08122624837221559,0.7713107740292481
0.7650145377702572,0.07993100264468761,0.7712472042849241
0.7132174503835973,0.09669064014285163,0.7720292932543429
0.7516876420919825,0.08639146244387491,0.7767908857413963
0.7863018201542827,0.07632718124720413,0.7710934772399555
0.7729469118060959,0.07934076439996428,0.7711952773587274
0.7560771120781061,0.08219208827590517,0.7831802873312421
0.7659655771398259,0.07554630097251804,0.7794663391783979
0.7351845378997248,0.08415873559878252,0.7842832280756543
0.7302628813212865,0.08923349510887131,0.7720445656518794
0.728270889166858,0.09221827177521608,0.7719102586602801
0.7897111346453087,0.07063093497017708,0.7792263846149154
0.7451594337590751,0.0873595341821591,0.7719006209675001
0.7044655622571031,0.09464489304472486,0.773713676560546
0.7622745447931424,0.07450197395672017,0.7796389018511912
0.7393367060508349,0.08463565169433754,0.7723239162139319
0.7211930601546501,0.09550527495041404,0.7763947950721327
0.7800286550099628,0.07858216201926987,0.7713092173905973
0.7835353416962738,0.07697823297381215,0.7730903485551458
0.7018886070951036,0.09554961824802866,0.7763437077967932
0.7137045497638907,0.08733755107999204,0.7738367439597172
0.7378673440462379,0.08578422696683705,0.7719567418896575
0.7266468008080667,0.0823132459114779,0.7815152720855326
0.7593677105530008,0.07662848310574545,0.7793999705312952
0.7248158217123091,0.08982112398940784,0.7730518919480575
0.7862430669929341,0.0764005339897178,0.7716578026938025
0.7912887966520576,0.07994677427689297,0.7733512380983206
0.7296798807227294,0.08461622156447604,0.7729311830249649
0.7712136038775653,0.08102473933405842,0.772918997733542
0.7719776788416486,0.07645592271758733,0.7829786817529739
0.7956717787396628,0.06963363803457502,0.7784686831473043
0.732207886330399,0.08972987316904894,0.7767145869825307
0.784308900526599,0.07453754498869682,0.7787166670454044
0.7146927532885075,0.09311462500391077,0.7734323393805758
0.782338262252656,0.07685696334583184,0.7708147281765165
0.7190877466753536,0.09583257192950656,0.7744160268222714
0.7790020396235636,0.07160770467526614,0.7792807935953222
0.718326168046506,0.08872565297016392,0.7729598169402584
0.75587576585213,0.08389434008089777,0.7726844976181606
0.7515510820858163,0.08121540617207301,0.7719893526124562
0.7205424642447813,0.08812281207813209,0.7733643918802506
0.7960508063708701,0.07374192259820202,0.7841325814427191
0.7207605200762832,0.09328201219071602,0.7717033536218956
0.7483321357623139,0.08619644431958555,0.7722036162986078
0.7972061497500672,0.07223055035078266,0.7834270435913903
0.7651180730867428,0.08307721028226517,0.7705310324422647
0.7843662991509083,0.07714372121365232,0.772723986964784
0.768000209165674,0.08020305723053471,0.7709744192292419
0.7616802118158781,0.08209300403031014,0.7751390908971609
0.7449695947626647,0.08460790822165043,0.7720729870686065
0.7853708063379159,0.07178738106034695,0.7799260256468106
0.8183877943980016,0.06703120066932464,0.7800296597615355
0.7418963809387613,0.08569745555644462,0.7732597531621359
0.7357115882595027,0.08548840811333105,0.782106801025611
0.789802142816323,0.07019579060679852,0.7789814278306119
0.7352375382648045,0.08663870675960633,0.7720004076268829
0.7362725010764428,0.08668742554259018,0.7719575309848711
0.7008455382268504,0.09744390093768275,0.7726144931800292
0.6974898447626718,0.09796055121304133,0.7736728689502821
0.7731235028689829,0.07281512655055909,0.7806815348783214
0.7261374275368704,0.08837447736322097,0.7723646989359608
0.7509397248523966,0.08470993973613379,0.7720704904629946
0.7351507126237371,0.08739883667691001,0.7718510167665382
0.7319001256129631,0.08083535361128374,0.780521318553778
0.8018183711925937,0.06834323921453242,0.778340266878632
0.7331802723820696,0.0807581533176624,0.7802824992283968
0.7354878211544356,0.08002606325605431,0.78318249966279
0.7458915390419396,0.083834291181918,0.7726136433775967
0.7336397716081801,0.08536856414074107,0.7726276370689797
0.6956721470778363,0.09608080769855093,0.7739775543028269
0.757509195371762,0.08157311617178384,0.7714756079099843
0.7577585304171504,0.08144184515075861,0.7849577390475299
0.8180306296827637,0.06819390385346234,0.7781480433374094
0.7705950265741565,0.07409554447864648,0.7799279206371416
0.7230308218536531,0.08921594758683593,0.7735708929537327
0.7783622337690076,0.07587395225528346,0.781439246743358
0.7677289046941823,0.08341286364417251,0.770899333548468
0.7927471133938299,0.07612147777775065,0.7711570015602988
0.7697404277138691,0.07917016710276202,0.771931170841144
0.7646265519426906,0.07538526246187674,0.7794266558975081
0.7489267212456424,0.08455531322818434,0.773001467026481
0.7630692140436178,0.08284556579925814,0.7731305832499863
0.7813837340194523,0.07737567126104895,0.7708591748659489
0.7987672162314181,0.06778574797332497,0.7791278989226708
0.7952509665925175,0.07731538569173756,0.7698832901924147
0.7538848748480884,0.07686820648933451,0.7795754072714886
0.7563043575313896,0.08261710242377511,0.7713544186076051
0.7404939714093325,0.08614084358484587,0.7725479164661639
0.7357374158849895,0.08448069700450271,0.7729383517240501
0.7849563403470563,0.07548252827162032,0.770937951529648
0.7481130505504323,0.08508577997207248,0.7719544143967694
0.7163473694521593,0.09154090398100331,0.7724492001386717
0.7602341497765748,0.079045857279847,0.7851522468771555
0.7178359066069478,0.08926579604907721,0.7728465054431142
0.7363895473075696,0.08569134276843027,0.7721497367115128
0.7632827668967298,0.0859458311778381,0.7751252413763028
0.73780855123174,0.08573014717503485,0.7720865716383057
0.7557608985577411,0.08453563581921354,0.7719271593078736
0.7344324424634607,0.08512929577952702,0.7725032931396624
0.7396605767740675,0.08530201172215528,0.7850951778071844
0.7938849214252496,0.07201137430209055,0.7807241780610099
0.7240876216213494,0.0900299177886402,0.7722395163256882
0.7971412237689333,0.07543875076678065,0.7701792540391514
0.7122709912287006,0.09667449075566499,0.7765276840788163
0.7648866492212146,0.0784500203051716,0.7717470211133558
0.7664071131801332,0.0819358170700771,0.77076779740794
0.7256093183684948,0.08785773468647519,0.7725079764278119
0.7481992368529992,0.0816273448258833,0.778832280518325
0.7341707023381583,0.09310586233776572,0.7755325089364284
0.7345217719901087,0.08692921204319376,0.7719814409151454
0.8100592119044563,0.06775214264315554,0.777954114193076
0.7615764236577273,0.08342259173252009,0.7735476900812223
0.7257261741502191,0.09412332718755363,0.7764465896983433
0.7688791505981337,0.08112295958467407,0.7744648237199786
0.7227069692769159,0.08979199663707067,0.7723772204388196
0.7820766090444232,0.07551033464382435,0.7845865263240775
0.7580310606481542,0.08042256491302409,0.7716540165718467
0.7553525589710215,0.0837564038621078,0.7754736573403809
0.7574009089470777,0.08139187718982917,0.7847198422779064
0.7271207720157316,0.08992218720541051,0.7764768632020361
0.7673602089377596,0.07641742756376262,0.785286884328674
0.7496354421174025,0.08378362674695164,0.7750840054648407
0.7238284444675551,0.09475297088267454,0.7759543068322937
0.6980214520941885,0.0989001392369704,0.7769185009054536
0.744092788764816,0.0842029629484935,0.7728651275873348
0.7253786469699769,0.08843420323021821,0.7732370777275608
0.7410752111277071,0.08803740508259973,0.7761973977207027
0.7512792815673275,0.07821383925350393,0.7804302036219878
0.7855363672773453,0.07357032485404534,0.7835356107222904
0.7178832087243473,0.08943101871793917,0.7728920976370026
0.7442831167202549,0.08388170940276832,0.785026102568556
0.7426477337305585,0.07999244767521713,0.7802200161429607
0.7308405512104362,0.08570872571020102,0.7725573623365781
0.7471605944060461,0.08566996070793634,0.7716067225604754
0.7475813370516384,0.08540765561075687,0.7760107628576949
0.7098644288765236,0.0954144214550937,0.7771210512316337
0.7731028319090846,0.07309815783395392,0.779054729958969
0.7422875348373049,0.08306787028404511,0.7722486263337939
0.7740437022664702,0.07937796394424121,0.7728549396704971
0.7634307639012806,0.08658979289434597,0.7753706935190916
0.7751120517483773,0.07941237252908072,0.7848102230343201
0.7423012990467696,0.08395243462199943,0.7721595114440554
0.7505525522510046,0.08168868271452408,0.7736131176918359
0.7999152428701366,0.07562608013191499,0.774142836316048
0.7517748875111534,0.0820660565386944,0.784975720810974
0.8164271521115574,0.07016829671065095,0.7829487153819444
0.7494123279404878,0.08226681757663142,0.7718779775175292
0.7717446443820137,0.07490448757949951,0.7815263120124434
0.7105209340016445,0.09419086156393938,0.7732686525087712
0.712712040280383,0.09499622508757397,0.7754628376426151
0.7593896358286759,0.08146034132553925,0.7855173385557019
0.7415541283089928,0.08287243448253678,0.7839615310845435
0.7440007335537854,0.08577937732847164,0.7742583924266158
0.7233120770553513,0.09042090593745626,0.7722022501638247
0.7174120329729055,0.08872587149859679,0.7745693080365456
0.748667754674427,0.08663678236735246,0.7757748792870754
0.7775114469976286,0.07958039499785573,0.7753374502324197
0.8174845421633753,0.06506645700041985,0.7787862401426221
0.7094874925662236,0.0939138154235814,0.772570505104683
0.7336163109367532,0.08748841585738275,0.7721010575003957
0.7738824266878559,0.07781195699287635,0.7711292099882356
0.7677883974405261,0.07367726537464396,0.7797243996814508
0.7184160805788858,0.09094481155009185,0.772444536670833
0.7548060622218858,0.07997909364309504,0.7720236124140789
0.7769655283555283,0.07043392884511868,0.7795006364017398
0.737141266971512,0.085973954939812,0.7721970647429663
0.7802025330443303,0.07440666877314632,0.7787865069408608
0.7653536324418274,0.08018779570282372,0.7741932166107267
0.6966329159625602,0.0986811685436495,0.7743575225779441
0.7364436448122513,0.08668545668814541,0.7719880707915474
0.7570386390698697,0.08740985195667139,0.7747774920745243
0.7648740240119656,0.0848107319423925,0.7754478991691139
0.7718744448154816,0.08005264140819265,0.7713328947387181
0.7424932915888318,0.08572096982286341,0.7731741448546842
0.7048198720141374,0.0948867262447276,0.7728278336153006
0.7437934796360004,0.08331260585355837,0.7721486489836512
0.7370679362974113,0.08468519062818615,0.7723881124443619
0.7692258617514988,0.08060945786005201,0.7713375386704773
0.7538086796673135,0.08704386580908385,0.7749227867954697
0.7525469362342108,0.08297466526030024,0.7719372208329158
0.7673063174430613,0.08090000659678823,0.7708540283588514
0.7695452484322749,0.0739205498957934,0.7792361133961181
0.6976111282279546,0.09520057570198615,0.773344654304166
0.7052340658781927,0.09355890921860423,0.776166076820935
0.7070927231575456,0.09503265311030089,0.7726193350667491
0.7506749565718208,0.08277939481185918,0.7722349950389487
0.7299437448684979,0.09197604628078006,0.7766267587988751
0.7796149215798028,0.08145627592097855,0.770949571521574
0.716992105417164,0.08407841680081547,0.7808758712417748
0.7738851573037304,0.07507564421892286,0.7784949266902025
0.7567283425333663,0.08331802516880969,0.7711509415437261
0.7354023145661368,0.08399968439192944,0.7792961911882198
0.7496134490421641,0.08059722874423557,0.7839569503855932
0.7215456441045917,0.08994297160529002,0.7723678913961817
0.715626752691815,0.09267706736058814,0.7729912983540569
0.7632722378570342,0.07302131617498721,0.780170410168838
0.7556723715181306,0.0828688287011146,0.7712718683378081
0.7781006189142552,0.07895510424306948,0.7707925321314993
0.701449222845244,0.10082566814806675,0.7776507722851347
0.7024770104808671,0.09568032977024173,0.7737568842846227
0.7627594210454155,0.08171887849568368,0.7745123895395629
0.716413922580363,0.09409772344521053,0.7860228683609555
0.7970216511625968,0.07676741021703633,0.7703112877872846
0.7185484675517233,0.08902414513369464,0.772835862890327
0.720190661505842,0.09579813803398134,0.7755328315298061
0.7618373442173731,0.08462502438910732,0.7733863621173701
0.7183193866701572,0.08905109997683262,0.7728562604849142
0.7206689610147317,0.09001994616161708,0.7727537934401636
0.750271317634652,0.08282897793695175,0.7720807964554268
0.7162470519865288,0.09250450443157306,0.7723049556460009
0.744974334324207,0.08409712422591403,0.7728660956879698
0.7325350273607835,0.08493420774365965,0.7792917085724632
0.7650557884148113,0.0795679274159948,0.7714625110909745
0.7591747713005002,0.08184326585209871,0.7727463662461235
0.7252036180137471,0.08968144240563193,0.7723859878766668
0.7239045517824506,0.09529611270698797,0.7760522538586228
0.7199553384247969,0.09040405015092678,0.7732297572177734
0.777027437434561,0.07604609979210189,0.7851559091702205
0.7368724590588452,0.09080547916385102,0.7773321950552365
0.7627715719537274,0.08581889420546274,0.7739082933738958
0.7424994458385317,0.08577771226622445,0.785464124310372
0.7405746736742663,0.08846439459123444,0.7760344935392838
0.7617654203556578,0.08287572087629326,0.7743966841693306
0.7508090514146715,0.08636035770796587,0.7729928166542952
0.7323579319671505,0.08948194303201407,0.7725672585924017
0.7934473480155813,0.07437823767523154,0.7711799987249651
0.7600556211467216,0.08461075996041037,0.770550284603763
0.713043984854069,0.09470694153598712,0.7733956899130042
0.7967065031242913,0.07384183319649106,0.7710181886178574
0.7335231751553827,0.08892139772125843,0.7719852330458814
0.7260543004290586,0.09285693430976144,0.7745185419852486
0.79015933764057,0.07580692268184189,0.7705309213995983
0.7948771149218644,0.0720964458203465,0.7803813097809679
0.803435854687266,0.07291244890336697,0.7827917907326825
0.7806636270316072,0.07876354356349044,0.7704235081958742
0.7691173537844703,0.07669145854291706,0.7784230672910737
0.7969795169701509,0.07573305279039308,0.7711548481980331
0.7289065970036634,0.08896298053977014,0.773002825113823
0.7430282616921731,0.08640546066023629,0.77579222398095
0.7331421701885406,0.08710497920099654,0.7729229426758286
0.7637805123101674,0.08248162460107328,0.7745408893188547
0.7773055431766089,0.07906671982289484,0.7719312917958308
0.7565518039432444,0.07537812725654669,0.7799349529189306
0.7711246444916307,0.07657938306079738,0.7847728448577386
0.743563025898074,0.08722984235014179,0.7719461827744728
0.7773328185085104,0.07546239077644892,0.7714474440764789
0.760431239561633,0.07879204112289596,0.7718636451050132
0.7854438912470811,0.07409914250856782,0.7825466581737386
0.7673065110392155,0.08337555125849148,0.773430002624731
0.7650970584772013,0.07450604488850518,0.7796662953691451
0.7705048155086189,0.07406956850288408,0.7789883123334266
0.7458620217278188,0.08926151580519298,0.7752057323577483
0.7463787573904989,0.08443421361753134,0.7716119354605874
0.7491223956992248,0.0836653252373069,0.7720667167912865
0.7226441079371854,0.08918109896205997,0.7734210790771066
0.7608506171026053,0.07582472164498948,0.7799509270048496
0.7214047883334274,0.0958714545230614,0.7771561107083784
0.7571971328781191,0.07872314694493136,0.7788503850403732
0.7535864129013168,0.08553943441783657,0.7754822762528625
0.7390293106352757,0.08656061352560936,0.7724396918699488
0.7365345469311277,0.08914137643473656,0.7732052298186339
0.7443112555473175,0.08767130645499388,0.773176544529039
0.7527767137583242,0.08513008505505415,0.7732387488178342
0.7798883750391749,0.07504066486549406,0.7822149693996427
0.7560786734938824,0.07566719254298375,0.7797802922443384
0.7677637077563177,0.0759666465589449,0.7791071006402783
0.6959445703931494,0.1004313829811579,0.7727639810077354
0.7673846610135475,0.07367087045615539,0.7793861263919575
0.7491338907801107,0.07979276290686962,0.7797538990334478
0.7302193132924825,0.08831855484226338,0.7726002048027415
0.709211580323542,0.09176115840094573,0.773036807208698
0.773885102472758,0.07450838283679855,0.7786220501929182
0.7585574407986295,0.07661912965105624,0.7808734720284156
0.7128130808349458,0.09240355752931927,0.7749734297315519
0.742479717799261,0.08446443669388717,0.7719721733726606
0.762265178343052,0.08567922508929145,0.7753234011883833
0.7385581770187992,0.08848290824967166,0.7715438251860637
0.7433684285406252,0.08934858914747619,0.7758712684393961
0.7346323018947153,0.08704652435165158,0.7750070483675581
0.8001637771852201,0.07730902349886541,0.7742373591581196
0.7417826525961264,0.08800580106652783,0.7748591405448252
0.7403164510419981,0.0830989549400659,0.7724459556328911
0.7253921631244762,0.0921448697392359,0.7752677730556831
0.750080235180644,0.08741620103738423,0.7758810726045259
0.7836531933598149,0.07304221545208182,0.77911938558278
0.7452043869439475,0.08517453374196955,0.772411063667495
0.774525668364131,0.08260492701700216,0.7710223181955943
0.8196912532317829,0.06924578167122342,0.7823829093795842
0.7506668302681134,0.08605081721633909,0.7716739938664252
0.7302986722516562,0.09116919398351897,0.7758108332319428
0.7337459300721757,0.08689675150918892,0.7723512954427456
0.7687842215799288,0.08419178897420966,0.7760186971032952
0.6957486762762541,0.09449209043052557,0.7737981802064915
0.7329151581141998,0.0878402560258838,0.7725352270944639
0.7257006379260011,0.08434588933858712,0.7838289631124231
0.7457366177099689,0.08286495850835268,0.7852271954032212
0.7629291053555531,0.07599821737653342,0.7792797054281201
0.7535008585783967,0.08427201864849783,0.7749837668780258
0.7578516856730065,0.08087498623749424,0.772077442902136
0.7621707381568207,0.07964062977674721,0.7715736608288822
0.7624600819017157,0.07670012985438922,0.7836997795971643
0.7973833009979935,0.07724221650602953,0.7698119351248416
0.7400118342071224,0.08606392289360196,0.7717671382016467
0.7649863054544239,0.0815870577081632,0.7719249302505646
0.784668996029142,0.07338504926036968,0.7789316436638811
0.7839915435086161,0.07664698557265116,0.7707436942086238
0.7529827543056467,0.08605234327961424,0.7765216940559592
0.7733183194876083,0.07389933009018837,0.7788336073799037
0.7567094218385662,0.07621751086600231,0.7802326700710491
0.727709529062559,0.09464248442010847,0.777187876123888
0.7755960265741191,0.07737611424608418,0.7712657589419984
0.7828789525189617,0.07407532838310628,0.7846931961904675
0.7786072557099517,0.08235010300437577,0.7749690368530244
0.7259888206644061,0.08895259864410077,0.7863652143508698
0.8174315549366392,0.0654795771819798,0.7785199432748265
0.7443259388117877,0.08070291632938453,0.7836323984840728
0.738967172742252,0.08818546175260854,0.7752818904178281
0.7354844849569072,0.0843547678175819,0.7724894131481537
0.7416867853199104,0.08713148659044406,0.7747982810955366
0.7466523028866113,0.08247083055580277,0.7720596710236225
0.7700709293292289,0.07923471472469189,0.7720675330586312
0.7275034353775282,0.0820289499512643,0.7809641432173825
0.7790595009416106,0.08036604867975151,0.7733448757995404
0.8021009682801662,0.07143217811017306,0.7835195657893628
0.7323968678003498,0.08883429919492691,0.7727732363744784
0.7289803360712693,0.09005288171550427,0.7752580736955804
0.7972178665471293,0.07682615562807718,0.7698095667141305
0.7730976582358459,0.07460701077615726,0.7786719529057795
0.7276670485834243,0.08864656858743185,0.7725572129635303
0.7849965269351381,0.08056415298641381,0.7721213583713759
0.7310606013242585,0.08830471174047369,0.7722500166668317
0.7255990626646158,0.09122771163940638,0.7774571094549722
0.7055073616918911,0.09341812801956541,0.773918805017203
0.7820228605522085,0.07968996135871485,0.7745531568232468
0.7351275713547308,0.09138478088899667,0.7756184361445126
0.7485946743340938,0.08433491994643318,0.7725231667244533
0.7135231894602455,0.09619853358920476,0.7776079391955483
0.7261485332461717,0.09232951376041267,0.7764025467704921
0.7413203568516763,0.0801811649173299,0.7841616790464507
0.759814338579049,0.08322986746495777,0.7710518364213946
0.7127359057138715,0.09501067236126387,0.7728420427159173
0.7359260536042883,0.0837850398820504,0.7726922375794966
0.7972437680309481,0.07595510373736201,0.7701007606724469
0.7636362421468531,0.08289060253921224,0.7759398388581646
0.725911832114213,0.09062962661421088,0.7776977622018685
0.723616411360055,0.09098255820950886,0.7720384037729899
0.7555547701305719,0.07643043738464997,0.7797099607301294
0.7568006963855364,0.08090368011755163,0.7723099914078535
0.7476260641110866,0.08554142759383662,0.7717027989610046
0.7341367837715939,0.08840853218259519,0.7727440957985859
0.7238849011110383,0.08725710783694783,0.7729592093792536
0.7496443591946157,0.08366757459876932,0.7715620949045318
0.7689391353051828,0.08226903825809112,0.7742753852919765
0.7626492611894475,0.0865405025842823,0.7748408300584356
0.7238300966308022,0.09397412115144312,0.7771194951588554
0.7457589398535229,0.08885890435479832,0.7745583755200967
0.7811827884639158,0.07890495467997932,0.7742303981613622
0.7840407449551511,0.076623102592501,0.7747653778268624
0.7301115785029261,0.08708563121470729,0.7729083488452612
0.76464043912568,0.08009393881529772,0.7714455855322241
0.7691267049444918,0.07798858976843974,0.7714277552113432
0.743024722399267,0.08715929671482622,0.7746818384332369
0.7767795702148372,0.07788381749783005,0.7709574396003491
0.7304783589514374,0.08876322109851131,0.7751694197921795
0.7292812641420767,0.0882354880987775,0.7743923862263625
0.7818520631078856,0.07526177830660516,0.7830806588033163
0.7523886825916143,0.08555737771525022,0.7741914488437766
0.7711301514717805,0.07685700674701292,0.7854677453772057
0.765291201826768,0.07460635350811251,0.7796644925587276
0.7432301685408128,0.08842952875833435,0.776545501101227
0.7572032625481379,0.07735153108027046,0.7811158584045519
0.7456460594273158,0.08168904919183316,0.7728077831151865
0.7416673507934758,0.08800054470307514,0.7738546982341045
0.7437709188393307,0.08282449971525788,0.7722127266074724
0.7234661181119931,0.08525780787551183,0.7821952112529759
0.7470627285795196,0.08413843517386206,0.7745494841266631
0.7184628457065649,0.09056826887048636,0.7724835776389131
0.7329123880566539,0.08496035643061312,0.7735648860795219
0.7516079995088017,0.08248033688180424,0.7717260078781635
0.7288374982805773,0.09161024973880498,0.771509723686479
0.7474511012677668,0.08291098203333315,0.7718713055510261
0.7248861024498537,0.09018033134021436,0.7746107261748506
0.7523414160320864,0.08366495866838256,0.772132066668754
0.762242654217351,0.07965155641138687,0.7856783776739112
0.757827277291061,0.08277391445677618,0.7718486371729031
0.7700437731779199,0.08071942623909666,0.7707130782498884
0.7252751859494465,0.09153551030090767,0.7746596891909713
0.7587741799022776,0.08382381707292919,0.7737659276486031
0.720913554612495,0.08974575607205328,0.7725042456190103
0.7302729115069739,0.0851068644799957,0.7727661690233739
0.7463004427466198,0.07837863541770987,0.7814980850436944
0.7235152339535023,0.08879699610280976,0.7724545611478887
0.698383444537155,0.09754922881758189,0.7771652168816799
0.7393830838045475,0.08610564504999256,0.785501289690997
0.7583287761845003,0.08366558157933554,0.7746251200802233
0.7656306262122633,0.08097972920510783,0.7709964793816972
0.7084493199361152,0.09146026615283154,0.773301440222901
0.771627679491,0.08002128704303785,0.772539524898952
0.7766631347547023,0.07540835003846635,0.7715226747506604
0.7819032524571109,0.07860515683904476,0.7703752001313178
0.6954952563772274,0.09256285323894856,0.7742069849121542
0.705547278694125,0.09557681180024058,0.7733012994018407
0.739464683574031,0.08148973931210862,0.779836907999095
0.7230046331590451,0.087900424983603,0.7848731521868493
0.7677921400247103,0.08087509209909664,0.7733304348193033
0.7380305730827319,0.08221364777186678,0.7827432456759399
0.7127418077791846,0.09769615120191216,0.7760962385593009
0.7189570594448438,0.09567311331493618,0.7747348401061616
0.7102353622017625,0.09144998214054964,0.7735532143194997
0.7550129915209641,0.07805362473759969,0.779977405264333
0.7193433057468536,0.08675201969531426,0.7733110738700361
0.7539355150845648,0.08615423749439298,0.7743740960680116
0.726393899230661,0.09425414978954745,0.7774857649538633
0.770511888922726,0.08254182822112476,0.774109229935929
0.7501654231597233,0.08381171916433523,0.7734506456689545
0.7189029398337929,0.09754004485796972,0.7759570764393278
0.7634397174081389,0.08089624021920479,0.7714688648933965
0.7302971043573718,0.08565047844402973,0.7731404116447151
0.7230258417858088,0.08972600052263151,0.7738592042997287
0.7202823010855892,0.09106991789044246,0.7743318629481849
0.7688155409000637,0.0799791625093888,0.771249971622443
0.6957214432647955,0.09487300478581301,0.7736493963867599
0.7322924087512128,0.08697556860158552,0.7721994007128319
0.7607195567555177,0.08114818772009647,0.7723547222875542
0.7468333739829704,0.08883344999501998,0.7745308997392799
0.781165692437012,0.07972444122083688,0.7735914516584352
0.7621051037350702,0.08102084607757884,0.7844996311855983
0.7591793845249034,0.08736207936989211,0.7743827957804704
0.7674376253572466,0.08265363789681002,0.7739236624577968
0.7338722388297616,0.08210054702779557,0.7802797319708886
0.7080084016262258,0.09654127037307471,0.775011907223245
0.7161941065797157,0.09032554136633368,0.7729031407248279
0.7413132226649951,0.08581914521084331,0.7720105943543204
0.7521251002827288,0.08743506721515447,0.7756337222803998
0.7379348412914476,0.08829106055666083,0.7721360705988103
0.6985928338242752,0.09662126861193836,0.7729535493913033
0.7200701767788444,0.09424240098568754,0.7756870334063362
0.7751296802812834,0.07541714481094836,0.7785398480512461
0.7433338257589804,0.08787673456134651,0.7732532842534839
0.7394628684597617,0.0895482512793831,0.7760172682575905
0.8060700454432539,0.0712121801332503,0.7848009508968521
0.7355093344260478,0.08217327791846062,0.7797535458781255
0.7891262718705416,0.07690163330851983,0.7702865453935077
0.7545421393256235,0.08642649642640976,0.7716449223733983
0.7558324189770307,0.0833984779903009,0.775117481577174
0.735370415546623,0.08855649455576146,0.7724540325319563
0.7617710897767704,0.08118238971561602,0.771857002812221
0.7517503535940678,0.08528005596161817,0.7736022307130099
0.7969032522194492,0.07391066915335334,0.7705037874836761
0.791962763990357,0.07135904188709719,0.7781566101606183
0.7116952970399142,0.09292635405191413,0.7733722640468139
0.6973645657659631,0.09741304464256924,0.7756508439465019
0.7556276044643493,0.08016388279020051,0.7719550061392019
0.7491622093448473,0.08360972375009457,0.771645327566464
0.7462308087480606,0.08429706125218239,0.7840514815912906
0.7393054520588683,0.08720125120290471,0.7758552489340563
0.7489503862407157,0.08234260171898039,0.7720149744756841
0.7651608618530786,0.07881038012276827,0.7715149343981635
0.6970859252146753,0.09959004299268784,0.775273298467675
0.7610981130284261,0.07736531304712548,0.7847163021901296
0.7286600489110069,0.08600122602938136,0.7762936305760966
0.7600061301081454,0.08131406933917486,0.7712972405534074
0.7766307525045176,0.07603438788697074,0.7814488155912509
0.7570258458248729,0.07888840042914862,0.7728341046903555
0.7575161832475743,0.08409243253861055,0.7719481593952456
0.7487118428743214,0.08662617198466362,0.7711297243742917
0.7264639884970682,0.09117549690113254,0.7718592055781089
0.7238863852456939,0.09326673218432638,0.7762252657770895
0.7590466551979775,0.08396795070257934,0.7756459390585043
0.7533029014070446,0.07922682155358458,0.783673081139487
0.7805978770589607,0.07971290554920733,0.7735496953872195
0.7818622429756538,0.07750418466043785,0.7721154233762216
0.7613614486474432,0.07962379557676154,0.771587460011071
0.7832006330758216,0.07733951599985184,0.7708160554680512
0.711524467585368,0.09378811149632393,0.7766446159815581
0.7179595357393515,0.09239944930324803,0.7727485006944865
0.731587806021085,0.08690261487907673,0.772265702586878
0.734469885311735,0.08784824964233248,0.7835458028996856
0.7251301267038894,0.09252975994418153,0.7761001218091199
0.7971986696274235,0.0743566115216465,0.7709807225291943
0.7399579381628415,0.08667716966625608,0.7717980802758863
0.7450031785203566,0.0777670435040701,0.7801718986936901
0.7688604295377477,0.079020817954734,0.771181764612174
0.7309783285292217,0.0885217689335438,0.7729242699631462
0.7416650462045168,0.08671857827827534,0.7719365967521404
0.7688963977977208,0.08006172320071786,0.7745440387775603
0.7147608611068271,0.08573711763665999,0.7850147249579142
0.7579237971781656,0.08058802028349125,0.7836053097443328
0.7338289119216215,0.08799974075028145,0.772342726851362
0.7593737551885766,0.08580585190413724,0.7709773467216056
0.744317147576836,0.07814810243046881,0.7800032496120548
0.7318357896280732,0.09341779452644745,0.7759172868991386
0.7585037133144814,0.08026964801427514,0.7854573616689409
0.7531069756458484,0.08680113158554481,0.7757146353641319
0.7615195285145252,0.07854712534438135,0.7730678076555837
0.7736790684558487,0.0788370671801758,0.77089941848241
0.7489378473669313,0.08359333272966077,0.7729563281406279
0.7823820390796682,0.07783270730713951,0.7709795124498461
0.7605210200910286,0.07837150651637578,0.7719700728354709
0.7632678425761134,0.08548997068758174,0.7738528053702692
0.716158067982339,0.08979494968635333,0.7729952558823963
0.7491944911798591,0.08760443113722151,0.7737351745340352
0.7442810638776444,0.08530146042239499,0.773374572962253
0.762229930267553,0.07535215972528575,0.7793298792606792
0.755113767710261,0.08223637482934373,0.7856906940209809
0.7452222242710852,0.08649513446081485,0.7747847036105906
0.7534230278658924,0.07751584634738788,0.7800123896460099
0.7631927041582098,0.08104918577959978,0.7722260392414583
0.7476970488503013,0.07987159076408534,0.7800509923137683
0.7174665181533717,0.08877782128110313,0.7731203900600732
0.7745704672645527,0.08100445621262482,0.7704637487838578
0.8041126810926491,0.06898382867613778,0.7781194827186716
0.7517867092814319,0.08159897519564918,0.7722270522789563
0.7447094380858049,0.08794376188449135,0.7743609772387093
0.7724539635333919,0.07805759450113284,0.7846748623625959
0.7418236172170108,0.08647753924393833,0.7737446109543387
0.7186707666224831,0.08596876584590443,0.7844645704200384
0.755161418760146,0.08440526393100443,0.7710717198008733
0.7969057890546117,0.07487152822249558,0.7702635917445849
0.7530308269923776,0.07597702432984621,0.7805223558443248
0.7555148399994981,0.07651299520995812,0.784314999149647
0.7577075289360305,0.07702590199029949,0.7794896344496316
0.703831594197276,0.09143772757867016,0.773850247420534
0.7379890883387339,0.0798066566170521,0.780117263871703
0.7514185542200555,0.08406752312683285,0.7714435791881827
0.7715587814627567,0.07797141138037633,0.7834845641878303
0.751311014280328,0.08176711777919729,0.7718375923834214
0.7285950552425495,0.08593956060767216,0.7727648254359571
0.7359889044450248,0.08530184397422338,0.7851572360709943
0.8170686746374327,0.0669134281785061,0.7776644999597501
0.7096762344097015,0.09340600932044522,0.7760407971179151
0.78852123057056,0.06867634282708064,0.779241660831245
0.7585774977654068,0.08568486977404328,0.7758097800135519
0.7405975659893056,0.09194510454265216,0.7767909209373443
0.7661754302704811,0.07923937832817941,0.7714988026152261
0.7510052701141529,0.08784962205847895,0.775630783957496
0.7292934875331247,0.09165233419426476,0.7730458205378982
0.7196575766846739,0.08977587317755155,0.7727041581666106
0.728090401909537,0.08866762117008893,0.7731784638134079
0.7684858166518036,0.07684235381156425,0.7822503210738416
0.7466927839229446,0.08320832755781357,0.7747699742601476
0.7368681335702687,0.08820559481791015,0.7735489913062348
0.7250551022627584,0.0893742113672645,0.7744369225727215
0.7594419434644027,0.07509800930438393,0.7798526198512942
0.7389324503927232,0.08506993328824487,0.772045031234221
0.7969002835891977,0.07565894676864489,0.7704511141168324
0.7184575860639296,0.09707383377050584,0.7747918843518554
0.757830778401111,0.08262221214444351,0.771466784266741
0.7338252662187871,0.08947852326650117,0.7756288007847936
0.7448863224199669,0.08277393714176035,0.7721116521509603
0.8075079847152324,0.06751269797247729,0.7781340142217499
0.7703019691747567,0.08044578371928068,0.7708744053992526
0.7435053953372301,0.08007300393516784,0.7797499592840664
0.7719811780781031,0.08137463529755361,0.7721645679632076
0.75068377172418,0.08283533239075512,0.7718840970015399
0.7420343316893138,0.08316387174991258,0.7739718293674749
0.762495538892642,0.0791009413554138,0.7832186040798054
0.7262913383690421,0.08764680006570483,0.7725052287048932
0.7557467999911537,0.08217563908593618,0.7722570708364509
0.7785974454367454,0.08246509256925712,0.7746344582075839
0.7462645895771619,0.08631779887133012,0.7740102308654776
0.7577752517457277,0.0809761603645442,0.7720107061495911
0.7857189555585071,0.0721939812019163,0.7784386969744108
0.7612641848772224,0.08325823920442764,0.7746746005181934
0.7446616337965115,0.08745472980081002,0.7742078615413821
0.7852329054803877,0.07903273345642559,0.7738247648783142
0.7348694575332227,0.0860116443545584,0.7854562856685926
0.7331936731159656,0.08928199161647725,0.7723768294836331
0.7219504133831215,0.08863382294202224,0.7742530746058983
0.7010315311139688,0.09971171404768193,0.7779633950586063
0.7362342867394133,0.08135929991189399,0.7806689011212317
0.7414707391359404,0.08581054809753999,0.7719106351861181
0.7622332910744425,0.08308944045694278,0.7707987515419296
0.7370094633708568,0.08655315378478701,0.7719279829885601
0.7244406192082997,0.09043289895898825,0.7730755856862684
0.7511466007056385,0.08985598595184069,0.7749480369074253
0.7605257508984382,0.08050065698831393,0.7714972146386601
0.7045390855654439,0.09285437275128657,0.773881707433821
0.7352161576374638,0.08055245604921313,0.7801453812935355
0.7625944584848992,0.0797190936347264,0.772584380345426
0.7480354953380883,0.0771259395173474,0.7799642536921122
0.7310021072065978,0.0903553621764792,0.7744931121453021
0.7264652859191126,0.0939745436120193,0.775514974554392
0.6991115151255344,0.10344142695480622,0.7776083237063819
0.7856988344889116,0.07547201751645717,0.7839595313624788
0.780243727647742,0.08058905371845793,0.7728686414210137
0.7896690606667454,0.07008976594183804,0.7786519558300197
0.7519572398082508,0.08340191672335034,0.7720570612764431
0.7345783063752339,0.09019648938495085,0.7765910960041519
0.7584575980263067,0.0869035348750432,0.7754277526577081
0.7406837651715824,0.07792480676706046,0.7803995035890962
0.7922364247251971,0.07772727334239389,0.7755366741874831
0.6955922761215279,0.09644078293027006,0.7737037910537438
0.7513628122047277,0.07958624277365203,0.7791318469991217
0.7608452097786411,0.07519843554371379,0.7804543430143195
0.7161842311303719,0.08905841510990183,0.7730394125859257
0.7596376153397812,0.08289149166136828,0.7750596811901954
0.7643379769420455,0.08176643348470738,0.7708943443928811
0.7405641094330998,0.0782574652124577,0.7804057922684372
0.7379189285078854,0.09396182795448545,0.7753993934853494
0.7174942312978455,0.0898518472035303,0.7738430009666414
0.7226762976318544,0.088692253377011,0.7742134297944633
0.7966646817233463,0.07205343853764658,0.7709709329924916
0.7582396331246293,0.08032204403373239,0.7717253455247272
0.7237765280507733,0.08276561521694237,0.7807970206447802
0.7232262258976249,0.09175462036372713,0.7752900310094876
0.7975406464013137,0.07172132984165835,0.777709049255991
0.7624609607886662,0.0815504756962342,0.784179463450884
0.7533201870487514,0.08747115124710188,0.7733994280417656
0.7331861102855765,0.08817426494874718,0.7736493899806419
0.7082201944861385,0.09081019290036431,0.7733451917980978
0.7607356748993762,0.08191269806633157,0.7719991874128705
0.726622162339627,0.08749471272225078,0.7730934701501018
0.7150707068157398,0.09307421715467959,0.772526375667312
0.7803105114494744,0.07815503592410201,0.7728313115675423
0.7471015852632523,0.08416023952657326,0.7729543226572682
0.745610748559937,0.08514669881632347,0.7751337218002927
0.724206339807059,0.09615588713463721,0.7754011718757976
0.7407228438190773,0.0860154503049407,0.7724903571522606
0.734055429792453,0.08657979730990907,0.7722364859928715
0.7320361083168017,0.0887381852872202,0.7722087376252393
0.7259358077875084,0.08526538820401533,0.7866033961907418
0.7436921456393841,0.08129423817836962,0.7823796658716461
0.7245032392883959,0.08575698638314798,0.7730910348863261
0.7567188464358249,0.07511483695741875,0.7798148654032788
0.7451672950392744,0.0838865288454362,0.7722874763552809
0.7682259735967645,0.08133521595249998,0.7734583363120238
0.8014864821005233,0.07447276170484385,0.7813003278021644
0.7781365871532621,0.07702071638543145,0.771161645401186
0.7348491159413788,0.07884459389553407,0.780732899936866
0.7596538791903515,0.08273447266726053,0.7758790612366755
0.7588819907804261,0.08354199717972921,0.7730503403306005
0.7596725517190109,0.08105141493699877,0.7716195507121368
0.7928782283855754,0.07122585076882715,0.7793474656168867
0.7292757815380261,0.09425336018892486,0.7760073920042019
0.7224046823085812,0.09390436032718706,0.7766035935497313
0.7453467892384174,0.08904334368640511,0.7733262944836785
0.7350835334221786,0.09151976394466112,0.7761932450447158
0.7129943747449511,0.09568727548829034,0.7739693484247868
0.738517191506425,0.0856966439800206,0.7739783692651085
0.7449897341961482,0.08547014543268694,0.7852439915260123
0.7521577015857928,0.07971652094559818,0.7723546976828487
0.7367977726716933,0.08442257334533526,0.7755947064274286
0.7247303590687356,0.08905173504072597,0.7726687954789898
0.7333464937676923,0.09051816631631564,0.7764684384012335
0.7706824450039856,0.08017863674187675,0.773088143497154
0.791016055946534,0.07014016089693775,0.7786769623823897
0.7335545511966727,0.09092961451185849,0.774782577537768
0.737643517288081,0.08828376943761385,0.7747011754844132
0.7500322282305599,0.07798793806848343,0.7827540531788268
0.7721787558641754,0.08418157653460959,0.7754989525041386
0.7763046140625365,0.08258393904301396,0.7749878177699812
0.7785834477299725,0.07893785124230428,0.7710121493590426
0.7363823252903925,0.08881083950824262,0.7714106520846199
0.7187978252202164,0.09527406106134503,0.7755474322571507
0.695436485845079,0.09313960001654387,0.7740178398227935
0.7043817714109644,0.09499273126474367,0.774851219090988
0.7115065561229592,0.09474471009751333,0.7721726938992491
0.7206126999821065,0.09299153807386736,0.7747925822817648
0.7236042220298906,0.08866554175643532,0.7724793607898145
0.7513810345129013,0.08359742964180802,0.7733098995034671
0.745914195228121,0.08140435349450992,0.7850642687103239
0.7625280606705584,0.07906653565418244,0.7802388873003695
0.7796977226965633,0.07128474670762336,0.7797660374055279
0.7608331348593018,0.08379647193267485,0.7748549234631383
0.7822814191870211,0.07285764926084343,0.7785150888798634
0.7279139438714305,0.08830132384678555,0.772243600626872
0.7608437819043834,0.07676864374155423,0.7820640709347766
0.7625102377446566,0.07402988319816961,0.7801957605301493
0.6989534091557658,0.10033578731242865,0.7778778171107829
0.7120878545396279,0.09495624219691172,0.77210647529681
0.7973364683756771,0.0733923046583092,0.7845638075735206
0.7664962846186693,0.07829691634721912,0.7848109652816706
0.7725748435523299,0.07902084087091261,0.7714967564030498
0.7130027386412551,0.09705123504619556,0.7741319501340936
0.7520971824377531,0.08162672958787974,0.7718745675207433
0.7622595537044096,0.08283817806700641,0.7715746139810293
0.7041504934742034,0.09627551109291686,0.7728145770597057
0.7883329843703629,0.07380481970754149,0.7829029257196738
0.7568311391023049,0.08055763706329841,0.7823747367559069
0.7005972548001969,0.09484763100647317,0.7733252856260304
0.7703725975032784,0.08189445400872213,0.7747829172812715
0.795041392497133,0.07223291236938828,0.7777369132008044
0.6961774237010808,0.09582594564021059,0.7748036834446683
0.7442374811941329,0.08623332927277873,0.7754489458301701
0.7114804303664097,0.09108363039859328,0.7730886012800458
0.7225646544257545,0.09672367007238791,0.77596122734654
0.7377167219445017,0.0873752218204789,0.7757618134303396
0.7576600811378668,0.0832297630188725,0.771082570916008
0.7026730166670005,0.09430653379061066,0.7730886585708289
0.7784094602350194,0.07259965585939915,0.7788648365433591
0.7353914077195423,0.08683167612296792,0.7844203478124719
0.7860719330295095,0.07948902969771575,0.7820661546088203
0.7140688583180596,0.0942925048321888,0.7760174191837071
0.7507935822573524,0.07694350870596973,0.7802743237061386
0.7313269739057762,0.085630749381374,0.7726597408227883
0.7415131134451042,0.08250387443956475,0.7724595288440828
0.7736261794691496,0.07967282849267639,0.7740190233665265
0.7347895525640668,0.08225343998661569,0.7834720070694905
0.7319736085127408,0.09338793185953898,0.7756967587098462
0.7433283443509775,0.08490889652752534,0.7719960096814217
0.7568950405989637,0.08556343884662843,0.773232961336313
0.7273955067040506,0.08469379752973553,0.7807005924915571
0.7807845733093618,0.07606552807423031,0.7846949895183325
0.7605015594062254,0.0812461503189038,0.7713884412045728
0.757215054672937,0.08795367964699778,0.7754452455630251
0.7505238284445519,0.07713708952593698,0.780581022452672
0.7304039005907118,0.08232673328773528,0.7806045579648213
0.7266384786164205,0.09298495228462232,0.7755166980726158
0.7133485386470302,0.09610622727080333,0.7766807971760502
0.7873136107235084,0.07667472501300072,0.7705546989517922
0.7647627207846827,0.07699122233413187,0.7787995576636189
0.7864834898803564,0.08064721443878665,0.7749419684799383
0.7120834239870671,0.0903568436870978,0.7766106455741348
0.7501544639092762,0.0867689054822818,0.7732053397797916
0.7285199159426154,0.09422370802152698,0.7744788083716536
0.7497319579704651,0.08013109227828828,0.7822288161508626
0.7618438193316517,0.0813032480618556,0.7848362810480407
0.734086944144666,0.08813958388999767,0.7728846218134591
0.7701156832360443,0.07925479154525059,0.7714019970561238
0.7493385777033237,0.08878627032507967,0.7755194587724067
0.7470504472504599,0.08497001150138693,0.7723013354961576
0.7790481983560191,0.08015639389367314,0.7705660788425889
0.7528721969434765,0.08230875203009763,0.7716144482826228
0.7264576083658555,0.08586593658767454,0.7795828941520465
0.7498439780612568,0.07733085198429158,0.7798882734896413
0.7329233823038908,0.08709901624776564,0.7723514300460845
0.7512323999390198,0.08687149053518321,0.7716833332439709
0.7506623769640182,0.08445552074034082,0.7737629800953932
0.7517532971153552,0.07768193734143995,0.7795949919421225
0.7715134992848897,0.08142347312744785,0.7715007203291016
0.738793579509713,0.08967796000595321,0.7752427020132941
0.7285860917485415,0.08875379912806224,0.7736228861731238
0.7384459571517716,0.0861640439269421,0.7719078676070461
0.72848644289667,0.09282687421382069,0.7718945239349612
0.7153320608693932,0.09363167511148443,0.7723065200520071
0.7915219346827981,0.07416582290363234,0.7850758962288469
0.7936634333356576,0.074837064444407,0.7833508405091522
0.7597013948999431,0.07604990613958072,0.7793549103880302
0.7427921495930335,0.08521153239006503,0.7740312275787369
0.7082314259703071,0.09928809469318255,0.7770736909524851
0.7402488613288792,0.08899396798777666,0.7759998842776231
0.7686029378530287,0.07516291488829441,0.7790658990400551
0.7120908534452122,0.09600686173777918,0.7763217026609587
0.7679166359304316,0.08285180256369551,0.7746321722238131
0.7648886675815371,0.08077410974082212,0.7720306022617509
0.7437738356926525,0.08570551293626623,0.7762210181673768
0.7036399625165949,0.09753887349900522,0.7765570011283748
0.7560195510050001,0.0765759693444156,0.7798598804850396
0.7211817982284439,0.09163107421900313,0.7773253395962582
0.7763496644548191,0.07812381081682773,0.7709629413868295
0.7141099764559666,0.08697937825813838,0.7737813632036027
0.7544517991761264,0.08087750097397248,0.7863149678807967
0.7211661181359649,0.0916743031028359,0.7750760332607209
0.7323396958472087,0.0857346178950463,0.783456027237498
0.7184133099731589,0.09121585553703623,0.7740680454506264
0.7288458202582795,0.09109509855183334,0.7769061557541422
0.7563364793959924,0.08626012206795897,0.7749633275437333
0.7714087738141107,0.0760973463733962,0.7784297422845073
0.7408461062595538,0.08280040204544299,0.7831346452143512
0.7686294297719625,0.07394686800387654,0.7792042905929318
0.7413223757454784,0.08122438103418858,0.7794583835640202
0.7054843332913118,0.09480248663313735,0.7762574358727461
0.7647806751143574,0.08317832486187873,0.7735596877466772
0.7283885607292028,0.08943937114871024,0.7727650759178735
0.7367962743212823,0.09218738388091449,0.7765224714074969
0.7053104086224563,0.09686563486048806,0.7741653804959326
0.7477965115991979,0.08340748873340738,0.7718142624833255
0.7522004285000414,0.08523880344841969,0.7711562750465726
0.7724534195976831,0.07953422598242092,0.7709256438491028
0.7867646843232444,0.07305097990505487,0.779853989093784
0.7488437616518928,0.0858039595513024,0.7720858601001398
0.7271736726479354,0.08962335665347465,0.7720076510664737
0.7347769524986432,0.08172307760399032,0.7799916164357393
0.7830789106105722,0.07009422661504654,0.7794088172684608
0.7439559296644168,0.08131417880845136,0.7797027458057276
0.7395594149919518,0.08903404722552467,0.7764710704461499
0.7144442686675225,0.09329149627097243,0.7733783214900691
0.7013934058586269,0.09281261738500358,0.7742154698783701
0.7126676275153705,0.09427655876666051,0.7724530067825406
0.7451925643195538,0.08662400874001536,0.7715058619754359
0.7173479274298773,0.08971653858377122,0.7735289285604386
0.7198170545218082,0.09102267475324351,0.7723758250226812
0.7277798819024975,0.08817048684515134,0.7723505505746869
0.7398461865415906,0.08470152484412434,0.7722096974776311
0.7452671720436309,0.08284547438938127,0.7721016875991844
0.7932631678605246,0.06988710942741977,0.7786639081879733
0.7345381117976002,0.08535817890784066,0.7741350058037829
0.7397017413778036,0.08514792488829746,0.771958471350024
0.7543165597927087,0.07577535453208117,0.7798814050374151
0.7682311707838428,0.07997121510499003,0.771549571979159
0.7276842040075701,0.09197755267436937,0.771765918288165
0.7692594370671956,0.07913736679546379,0.7720470043779847
0.7584220562606908,0.07747263231911149,0.7808750846924118
0.7471191249066146,0.08182149864420588,0.7725426582846443
0.7617403271047685,0.07996190561299832,0.7839677517712635
0.7346374132392747,0.08839620328744373,0.7717102223548952
0.7441950685026565,0.08268983966217437,0.7728810402145897
0.761631770701006,0.08336045212568595,0.7738713647519961
0.752071570976497,0.08866028144527921,0.7754605004211204
0.738907640578103,0.08686578750430955,0.7757467090858626
0.7346500089215816,0.09480398618028135,0.7763225874052783
0.733640258268135,0.08795769314393628,0.7720324295837401
0.7045608512711667,0.09237376671714508,0.7733551548286127
0.77343586501318,0.07506576179104119,0.7806514001819075
0.7524294697115517,0.08283762938092368,0.7740372167124393
0.7955654412353166,0.07011480725050023,0.780836055575208
0.7210140510622883,0.0877478922416453,0.7729159063311831
0.7287335618833208,0.08909157479932736,0.771966865552277
0.7369849080441879,0.08633235350626317,0.7720634469160743
0.7338010364705787,0.0844516385384834,0.7849352800576918
0.7425799983540418,0.08585764575297247,0.776033547178347
0.7333941189684785,0.08792098175189633,0.7718356093990393
0.7513039509520816,0.08130000999074159,0.7850899740228754
0.739880230583845,0.08713079314564372,0.7714940496446673
0.7942277120462881,0.07195719671679224,0.7823934876231384
0.7670196227990633,0.08089615406239624,0.7752469791491935
0.7448499464841736,0.08913662519368026,0.7757286120334996
0.7504464654585713,0.08477494770894368,0.7716769239506147
0.7851783346890765,0.07704266526237553,0.7710384637464491
0.7970601897324501,0.0736819861863437,0.7707130020183723
0.7650471609969921,0.07896656782700945,0.7850790749830497
0.787214746652261,0.07294770154098423,0.7714750460237358
0.7285291873889502,0.08969102779223628,0.7718418218619599
0.7331954388843916,0.08425341757977514,0.7727164942813843
0.7638832519023454,0.08468049269601115,0.7757043668644875
0.7430000631462901,0.08571410523209687,0.7719985595037815
0.7361884898680727,0.09262040211776949,0.7764008521237538
0.761174106145206,0.08769098526171037,0.7748540841260978
0.7639649490936093,0.07401438192001443,0.7796625445594998
0.7542150631165896,0.08290349191327477,0.7724976644442866
0.7280751944398262,0.08865333459884903,0.7732464014997428
0.7373510853583238,0.08752130490292323,0.7755885704539072
0.74859815072118,0.08588641880164663,0.7753481483051878
0.6996444599064698,0.0910323705458563,0.7742496320145413
0.7517419080634983,0.08616668492414965,0.7763895036340998
0.717264676837975,0.08712015009872519,0.7749453337759279
0.7500743473997944,0.08308527152828403,0.7721208452365438
0.7279622749640171,0.09264358684334772,0.7767559120515742
0.8106147575444425,0.0706867391845152,0.7822058462684354
0.6986974520082829,0.0941593345319677,0.7735353191863531
0.7379450917125199,0.09025319929311423,0.7739709472186982
0.7711445792128176,0.0748333197878212,0.7830524654409219
0.7060996749030354,0.09458709420947015,0.7730615157229063
0.7249524906101645,0.0851085916170178,0.7799125671543002
0.8025782547170988,0.07229654889806467,0.781905722884007
0.7207457103400086,0.0889162961832873,0.7727439272994662
0.7507947585735787,0.0843051573701064,0.7740888539945197
0.7629508989560672,0.07855471920761883,0.7852033250741253
0.7581009532072254,0.08238094062683732,0.7716979476314251
0.7558697544164833,0.08418208161744825,0.7713736851248555
0.7695422977326155,0.08073699914696687,0.7717544043104912
0.7431847089377985,0.08513783189385715,0.7720346929835711
0.7308604448714063,0.0871093578379283,0.7731161852864935
0.7294042723648401,0.09110124015710695,0.772238082183548
0.7540026798766771,0.07502701523711268,0.7802596649072449
0.7433230692146304,0.09217273642215745,0.7753354795100613
0.7349645073353628,0.08857583667086948,0.7745847805928264
0.7745791778550959,0.07625475017188935,0.7823665471603881
0.7529826617115913,0.08171557117188784,0.78482933444762
0.7132478470663145,0.09252141798448191,0.7748455789101076
0.7534546765317065,0.08611192196069627,0.774357041030741
0.7694549147917391,0.08061003743699297,0.7712133084193068
0.7398504075237377,0.0846138033631744,0.7722624909214193
0.7756738715978536,0.07419923213463488,0.7789491939403017
0.7273326424633696,0.08787334884409562,0.7723448510446299
0.7604018147342112,0.07841293559865406,0.7721540345575822
0.7862686832999187,0.07031159595462996,0.7788684746896868
0.7475478120358867,0.0869051048750359,0.7731327821314106
0.7490726763766662,0.08236015949582037,0.7720210626648906
0.7013162039386667,0.0948452525385017,0.7766470771434579
0.7870025038513419,0.07892336105392493,0.7702459023823109
0.7401856981429573,0.0806616245126987,0.7797224104938837
0.7090836168193377,0.09445951918937433,0.7730856747766721
0.6995068136889844,0.0980266098609849,0.7778544880499993
0.7494441595974622,0.08624518845946398,0.7731257136558417
0.7635162247534873,0.07548698066089327,0.7798171724000178
0.7365291162561624,0.08636932924357218,0.7726761465364023
0.7505589025998997,0.0882901010983361,0.7757558411369072
0.6978968326495822,0.09866928607798081,0.7759124751776239
0.719968858717638,0.09374022096089883,0.7765854267230122
0.7169740576455457,0.091312094003979,0.7725986880011311
0.7339954734067429,0.08751050650879932,0.7725392377103708
0.7306105334907692,0.08738214915579873,0.7722736134662196
0.7250837219637323,0.08579828498932399,0.7731357532555443
0.7100478308394079,0.09278741587030041,0.773002979644872
0.7204468890772895,0.08764838986317895,0.7732573870917927
0.7601986516648712,0.08218880194685338,0.7731320173506561
0.7367030035754776,0.08037967321804654,0.7803053651489091
0.748966677608637,0.08450148924494615,0.7714912669404276
0.7335864838988587,0.08573454695769846,0.7723568251636219
0.6993476622497761,0.09900611129257665,0.7773116170859089
0.7969478061316373,0.07253973770388325,0.7710197724349526
0.7281146884334033,0.08937709330011058,0.7722441946990373
0.7887686349035423,0.07939035669359777,0.7746583345633132
0.7706350577267971,0.07408551133437981,0.77904508638191
0.7480353206869352,0.08787044536736137,0.774967853661348
0.7340659266910077,0.08635279802609089,0.7730857133830775
0.7575411753474848,0.07623003722129049,0.7797697944246688
0.7415874531767866,0.08035206567940022,0.7830426919929111
0.7453190819795691,0.08379931352964934,0.7718917456385622
0.7645724199618824,0.0803354542570364,0.7711854478672475
0.7618620989613778,0.08206111104141743,0.7744127586731048
0.7419459810618051,0.08527290273457226,0.7717573994106273
0.7218233496008079,0.08473914626994623,0.7804389147592101
0.7756901378036237,0.0818563963338784,0.7732412652432596
0.7560648434092686,0.07569318322039204,0.7797073439730133
0.7580283399017,0.08073231448354264,0.7715886611454329
0.770694951736991,0.07988423524214965,0.77373369495904
0.7379111127622844,0.08026454322743261,0.7802203567474515
0.7407389521573939,0.08947889995507047,0.7751877945209114
0.7356844502907133,0.09090214955445389,0.776422260490489
0.7612193107979125,0.0823392365253663,0.7711506177349788
0.7435590934788474,0.07833593573583575,0.7800532593391949
0.7133821348104085,0.0910733551742817,0.7730344307609791
0.7356331946181466,0.09011767497314523,0.7746034748374269
0.72399552838054,0.08948548252182,0.7729192367066772
0.7395040647082132,0.0825105829894365,0.7727069355802126
0.7545798045302221,0.08340849956457845,0.7723289907015967
0.7739621042008121,0.07405282903711385,0.778743530781045
0.7555313108871117,0.08693544244511896,0.7725182445186668
0.7211281579059555,0.09007774101844594,0.772372377198162
0.7693656617796448,0.07952813770125913,0.771458237321126
0.7337548400441166,0.08632772992593998,0.7722468149335774
0.7531892222698486,0.07723867424078916,0.7805268975192057
0.7992061517265703,0.07514846487155842,0.7733074801384949
0.7145429403019312,0.09063134946854595,0.7732019353589747
0.7059634199659955,0.09097703151026383,0.7735431863253016
0.7157715641648498,0.09369568780851951,0.7723520157692646
0.6970493654929575,0.09698558367484454,0.7730819483592669
0.7156030067032066,0.09038473381812329,0.7857276718365549
0.7564070253809627,0.07933485578419741,0.7788366916444971
0.7385919972900539,0.08722107775996288,0.7730739793086786
0.7045718128364375,0.09603102975108983,0.776845038648585
0.7345592709599174,0.08702486425868984,0.7724726772452835
0.7538540447748189,0.08022276596411809,0.7844501688100687
0.7245903386693897,0.09334855240313097,0.7766860715746908
0.7780395699771676,0.0783983239531887,0.7726874923774203
0.7908862016446154,0.07233331742251053,0.778355936449859
0.7455632448012887,0.09003615155115388,0.7759002969486405
0.7382055145175432,0.08451030454828357,0.7722323335815562
0.7576708503913692,0.07531108935211515,0.7802613020667697
0.762748607078822,0.07550827271992153,0.7792195862038009
0.7312925283656838,0.08164296429231366,0.7823605777084056
0.7707886046306602,0.08010964662116266,0.7715646833145812
0.7733660557037464,0.08354539279329644,0.7748150620288937
0.7050203955213662,0.09342169224861961,0.7730486286914238
0.7795224617333512,0.08000687180954617,0.7721778971495359
0.7566301286145103,0.0822280027570565,0.7723591708011055
0.7167911878266141,0.09038525112849713,0.7731971774535832
0.7729627190165852,0.08312291076397645,0.7747022290296698
0.7561537334695452,0.08292325884784975,0.7750792172231762
0.7349754704884908,0.08743549748929569,0.7731621117841905
0.7491806175759637,0.0845096167214262,0.7745145789173125
0.7574228898082768,0.08261421903042733,0.7713804121950608
0.7307582191808871,0.08645792010177324,0.7746998214586178
0.7695717064429745,0.07937012731461598,0.7743518006603538
0.7121901779399534,0.09821716077833864,0.7752600931676782
0.7669970498152696,0.07780161961686555,0.7716965485298027
0.8197537230525559,0.06854719524556922,0.7832062391237221
0.7548770866513914,0.08278082634472203,0.7729922726261318
0.7238060854985445,0.09206922751426662,0.7727133692240687
0.7237207969827849,0.09575072902921605,0.7763126109916735
0.7675532745036564,0.08082503218334142,0.7746243340807658
0.7504929283512182,0.07756702336323787,0.7796567150426587
0.7698895337984316,0.07305240167714525,0.7798854323630617
0.7670028841877852,0.07666508043444424,0.7792483861494525
0.7446977114334093,0.08166652565427597,0.7724986163619955
0.7315335749976923,0.08816344009140652,0.7722308692110135
0.7273164373603264,0.08673109710865097,0.7726571353958542
0.7515213621844664,0.07973650745848707,0.7830593524989928
0.7302730503400687,0.08957742806592459,0.7724472946875988
0.7277759014172356,0.086574529461506,0.772715541038006
0.7281608396378241,0.09478872490727959,0.7753084864993293
0.6958269744026438,0.09430996382251144,0.7738188815403015
0.78681778353707,0.07604434699730536,0.7722934436041692
0.7150280051876509,0.09759504154009185,0.7752702648678261
0.785192920920689,0.07559057954563882,0.7720321946989688
0.7217069948277477,0.09143829086889277,0.7726181090658141
0.735560045625992,0.09323851322959685,0.7757623484945
0.7427145638299069,0.08545544595472207,0.7717184925659654
0.7359255199623717,0.08527298074828112,0.7722396610717329
0.7556183024100313,0.07822723662848943,0.7849297282671687
0.7306764199429675,0.08747244552076223,0.7757437345726729
0.7216335057973889,0.09188100266392397,0.7719295050147277
0.7193976466940732,0.08983288304455497,0.7757522433081917
0.720855453879496,0.08481639061920404,0.7810970994241584
0.7471280217528047,0.07688712822278986,0.78030964595902
0.7052924667265927,0.09277687028203842,0.77316092541076
0.7665026054945917,0.07576923156660481,0.7818299838144359
0.7423259988272694,0.08543255618441722,0.771685236114964
0.7689833275545755,0.07549226778078291,0.7798679989798705
0.7663800709074677,0.07982553488347419,0.7722105427815377
0.7169602300619661,0.09607531807661769,0.7774546467649776
0.6955472128165047,0.09339495459564134,0.7739812709476501
0.7819686375407026,0.07259048602530929,0.7787593565818854
0.7539046766426626,0.08233582401268193,0.7746355867643424
0.7850465484991843,0.07543189997284745,0.7710188042066916
0.7184204330721148,0.09106608731492996,0.7725819329601489
0.7883354610428238,0.07905259496003741,0.770492370019015
0.7506336546395066,0.08515048905283772,0.7721218462041182
0.7137384765349255,0.08938792800258108,0.7732049307284633
0.7464350925943248,0.08272136736406877,0.7836569455189191
0.7628291849385943,0.07988055331578169,0.7714405969441589
0.714362040512067,0.09206572579691766,0.7725186143990219
0.7461127181264544,0.08546651413516923,0.7736284828864565
0.7833521324495464,0.07595153747075625,0.7716491021987497
0.7858562705423306,0.07713423237010368,0.7752946880073329
0.7463188072486378,0.08057467397369113,0.784928687822122
0.7376087491419901,0.08882855638877471,0.7750034617305296
0.7489072892464522,0.08411630536186282,0.7731638217963916
0.7268336274699191,0.08825682632335005,0.7756501521970126
0.7413120841470257,0.09056487008618457,0.7746414358616159
0.7026009146415331,0.10039395845404483,0.7778496316183041
0.7726034252274881,0.08086317680663613,0.7833925310818076
0.7784298455944914,0.08258643513004693,0.7723754638677491
0.7544770014100812,0.08193407459774905,0.7717426089894174
0.7623444958452064,0.0860577483698976,0.7738706296662569
0.731532227323966,0.09260893343989886,0.7764586160478169
0.7349110226359973,0.08400522343575897,0.7849216357329213
0.7591489813481611,0.0768376305061719,0.7791809552464027
0.7199591376613993,0.09232730159242518,0.772529961712479
0.7358579470860394,0.07862986767387253,0.7815617053545613
0.7094615781905905,0.09358378950392625,0.7726058025311974
0.7658381025547,0.08054893138354818,0.7724548857575056
0.7608895414168394,0.08389424397741818,0.7732471126713194
0.7321166832157598,0.08986486886808699,0.7734560864727605
0.7160028030137406,0.09528457165640095,0.7734456028742179
0.7287440098873503,0.08587586275367431,0.7729880062735294
0.7678413627213151,0.08204194555374662,0.7715223142349197
0.6956647523332317,0.09716649829775194,0.773803868354746
0.7126026454114642,0.09396582493519341,0.7766447529673316
0.7478505257849792,0.08712498194594534,0.7732149913653794
0.7594637500277627,0.08132063998309072,0.7722122048785082
0.7855194905753808,0.07407197300749502,0.7833399657094483
0.7182285925225756,0.09408736660035849,0.7771311655704867
0.7488092916922934,0.08335338448682941,0.773214781366082
0.7587635248789171,0.08694723301225148,0.7736286758106167
0.7127380214272581,0.09187885128140265,0.7735115899498527
0.7572514850852738,0.08204769173054684,0.7717686123014631
0.7241693857332676,0.09475155208853736,0.7760084424067815
0.7316315433342726,0.08805476096970347,0.7723526886301247
0.7525976682462023,0.08162480430790872,0.7844747183844513
0.6980151295756786,0.09898291648085926,0.7758731193967264
0.7563335582930177,0.08094117743736431,0.772289414080329
0.7482541970488068,0.08096892320618558,0.7838213180720948
0.7421919863435942,0.07893799897831483,0.780190535075908
0.7999200507241453,0.06668371873249146,0.779069095292472
0.7155912030203325,0.09580943231940618,0.776703036734648
0.7305996216827232,0.09146774252256017,0.7762142657160859
0.7543731264896634,0.0814670264420966,0.7717297191136233
0.7709156639174931,0.0746232774913368,0.7790527426413402
0.7544402650530486,0.08497194594036812,0.7738107904353092
0.7213214631582362,0.09331559724993041,0.7717165861600167
0.7325876101934391,0.08929171717560618,0.7770535205195641
0.777773871526591,0.07507764824885217,0.7835865226971988
0.7034907348820051,0.09664046525879594,0.7733833782938973
0.7388190510879725,0.08669695148868867,0.7717875039515051
0.7172786211234687,0.09256059686038656,0.7744415275925471
0.7222939196851073,0.08630435009045048,0.7732747581533954
0.738325797974013,0.08538603283368215,0.7721999632670686
0.7677110015310725,0.07944994052570162,0.7713998355340168
0.7749256876969103,0.0741506559245706,0.7787823889115065
0.7494277168218663,0.0783957363430742,0.7805458864362935
0.7612357682369139,0.08277877564871312,0.7735491889194586
0.7351565541670271,0.08706769051508381,0.7739945859036425
0.7619826599491314,0.0869060310224931,0.7762336557157542
0.7649531751022411,0.08022086388399009,0.7711804786822117
0.706100255363333,0.09662338828256882,0.7765457515569875
0.7758325862762233,0.07293588195279867,0.7789086755926233
0.7405272035040265,0.08411408994659192,0.7727485795590613
0.7760624848104922,0.07819614547318089,0.7740818734843216
0.7365126048995032,0.08982898414793833,0.7759595059192812
0.7371197073427899,0.08706261888768092,0.7717729412320401
0.7644814143182049,0.07970051762677954,0.771540183029237
0.7826009732522874,0.07276666296946152,0.7792204286059461
0.7787121735821582,0.07210522689501532,0.778901181989213
0.7859043189520751,0.07341856801861597,0.7780435392329592
0.7542487483420562,0.08588870355664223,0.7736284588858324
0.7446235225892348,0.07638818397197196,0.7804896669933294
0.8093691633853513,0.06699496352564992,0.7782109639624852
0.7870480891639199,0.07975693865898806,0.7741906757226215
0.808295406054297,0.06852199923658872,0.7801083915029805
0.731027643624815,0.08904289860954118,0.771957806085273
0.7474181593122978,0.08615995890648806,0.7714720350796721
0.7405379868088795,0.08995289037445392,0.7757051692568135
0.7338665799014287,0.08522747414965816,0.7849656540370484
0.7502840348517099,0.08126808272940315,0.772214421059284
0.739432682563221,0.08891413801622182,0.7751582855695162
0.7589336678073896,0.0836285336693612,0.7747197821708696
0.798020965652067,0.06980620524120276,0.7783902721481135
0.738869604938138,0.08444960802852747,0.7722020519178512
0.7730908509365806,0.07536144782184268,0.7824368554673048
0.7331450828864958,0.08571968303312857,0.7727109953838665
0.7693607601628334,0.07711339759522118,0.7716108325070027
0.7789869711279969,0.07964791792296066,0.7716464337093751
0.7420285075517432,0.07904902190157598,0.7803093645211657
0.7583800066453589,0.07964267868421157,0.7828634550086264
0.7965453957322588,0.07471304322963299,0.7703638773405074
0.781765968541631,0.07863699624577991,0.7705540319041863
0.7104245925796256,0.09195030790666578,0.7738694712192334
0.7646720757034452,0.08101801469673821,0.7718838900174843
0.7580735070727513,0.08105413572902181,0.7752432698575861
0.721341202792153,0.08852411577606481,0.7727029644204163
0.7657862538538664,0.08423257062792479,0.774246333503579
0.750549800101812,0.08368330786651795,0.7726749421515633
0.7751269334171982,0.07287563035281325,0.7789665400181945
0.699669575240102,0.09641410521139805,0.7778410032706514
0.7914786289682942,0.0720649235705646,0.7781239515167996
0.7630571297600397,0.08171921599446003,0.7713792802485135
0.7418303847256776,0.08647136780839348,0.7718368844651824
0.7640044700269717,0.07243054858687961,0.7801927830026408
0.7315607456550346,0.08215422699100836,0.7810646958394002
0.7328863951981945,0.08916756417947366,0.7751246859844756
0.8105612091252267,0.07028629207848144,0.7840394077509802
0.728118569474878,0.09416853616501457,0.7769937748059527
0.7724542482799718,0.08271334183683982,0.7711560669840555
0.7300935319900511,0.08660191883190728,0.7725261894899563
0.7431856333390009,0.08500801340990753,0.7770112465671121
0.8006142241208712,0.06802342845253427,0.7785359937498096
0.7490235671003048,0.0846782273943279,0.771352739997764
0.769253806003063,0.08247551300967543,0.7709888976056632
0.7690473909113534,0.08115977161877554,0.772196570782049
0.7047297555635836,0.0938272276755116,0.7734358055178462
0.719340335780477,0.0912017648705594,0.772616524771523
0.7801579433678671,0.07479991822662475,0.7811641442691553
0.7441366319488831,0.08657026214380434,0.7733523095882225
0.7894352023361219,0.07204404814506997,0.7781484656285244
0.7351591073851131,0.08812348920797065,0.7743109727288852
0.7992220081215317,0.076289687309779,0.7733963867221931
0.7199539383143296,0.08599452746660799,0.780186166968615
0.7089083069570279,0.09893551114823394,0.7763679122465924
0.717155390822128,0.08999077492200097,0.7729152950126666
0.7597699712268472,0.08046968999554649,0.7715755316530672
0.73198495685205,0.08851466104321168,0.7760659878070261
0.742662930846097,0.08483341254547505,0.7720062579448762
0.7798772137905869,0.0775553735650618,0.7709049445297782
0.7178116610804659,0.08851456116293747,0.7731417067134125
0.7467869037863202,0.08330440636001728,0.7718550867336167
0.7716502080194952,0.07338483415337262,0.7791105947363491
0.7484422507038619,0.08384872700428793,0.7858422163510151
0.7432146659751264,0.08223391992079314,0.7726962129951478
0.7561114012813168,0.0838336078763226,0.7717510860809902
0.7312811476267345,0.08484842220334259,0.7736849163978853
0.6973573724176926,0.09926229599201114,0.7759284726804918
0.7695758399300491,0.07564202047743958,0.7787287587864243
0.7673546648970571,0.07905838786248551,0.7739779356318757
0.7521760505230807,0.08380689004689454,0.7713374201262236
0.7674645669201842,0.07854015691533635,0.782174971579853
0.7337335392918563,0.08816538280258045,0.7747648822180498
0.7858004708692303,0.07759164979649737,0.7720366235208631
0.7318334780067723,0.09266694114976039,0.7717500750414863
0.743840107800075,0.08554508203393098,0.7753966959327669
0.7238415824803291,0.08808414868852059,0.7725927813844005
0.7465418860171088,0.0848784438929908,0.7714812456954171
0.7808838936187956,0.07683401080782784,0.7714484749922839
0.7820874330708572,0.07199436658079161,0.7787187897530924
0.7312704185826024,0.09186360276773448,0.7760361319331828
0.740635047873311,0.08587202581282023,0.7717390623834747
0.7373922686699274,0.0887209571054358,0.7764937905689455
0.7009578244195688,0.09706474469790535,0.7749254540484077
0.7260700617982728,0.08773977824564404,0.7734797216808121
0.7253964199156302,0.08999606776505481,0.7720712249317176
0.7089130229570926,0.09300940717091563,0.7736241471073765
0.7751104623686282,0.07744443930699194,0.7711129367670015
0.6959863701463365,0.10093101875132744,0.7727437937186322
0.7514710830453888,0.0830156123067933,0.7722256543064001
0.7338414575252256,0.08547452829340421,0.7725823515343736
0.7329049481880056,0.08806978428194447,0.7722536219706716
0.773949469714139,0.08265705662950026,0.7746337991349077
0.6980369138801654,0.09945040355402313,0.7733472118848146
0.7680670033746486,0.08337051213042555,0.7749943512486775
0.7267654473943542,0.0878094354431721,0.7756255096093502
0.7830275488209553,0.07997176122810457,0.7738485018659155
0.7534508043352134,0.08154886358643583,0.7717701237894703
0.7333380055483084,0.08870935024950523,0.7721641062989906
0.7531474952702029,0.08574467775767568,0.7752767998292396
0.7232060153824241,0.08796995650386376,0.7726785008627213
0.7442404326306118,0.08592184487552672,0.7722245320211572
0.7573552603099736,0.08264323147855335,0.7719771140502618
0.7714595128950164,0.07816168098027125,0.7839860601033246
0.745663228872651,0.08536309314149204,0.7763751245572648
0.7482163803501083,0.08118558695138815,0.784463138352434
0.7560898045066917,0.08222776210871333,0.7830704252053126
0.7878137538066489,0.07576719792803613,0.7709735540076474
0.7543159452154377,0.08398360132415669,0.7740416808198145
0.7838532422704907,0.07836958870459379,0.7724004724469081
0.7128691526319353,0.08261044254665471,0.7816674681561703
0.7324595762335272,0.08689049506598877,0.7723037618456914
0.7744641274758405,0.07623192621956827,0.7823762567772282
0.732258609311855,0.09120485766027739,0.775291773953552
0.7001302266294247,0.0965503526424183,0.7750395540322529
0.7595132368619415,0.08944470477776725,0.7756949745481296
0.798352246645397,0.07170715443518981,0.7843563119830445
0.7248763387223657,0.0831277831068738,0.7807415697518273
0.7087733982499732,0.09358602763078622,0.7745514724454566
0.735121437264489,0.09273914432900877,0.7760635190120438
0.7421295532646337,0.08463030577178367,0.7719298899242483
0.7366892770277192,0.09031317448815218,0.7765420744897107
0.7677133273586608,0.08050600949075483,0.7709158604955014
0.7095473134783105,0.0900156633678211,0.7734214946752038
0.7692881522635409,0.07722256207049318,0.7833995332900665
0.7453446051128317,0.08260894375424878,0.7722131880582024
0.6959843914876137,0.09722343637835441,0.7731540523810628
0.7121469560267917,0.09649407742780551,0.7772784668578809
0.7585107525091798,0.08610186716149078,0.7760137691107843
0.6988823762012614,0.09953246805908489,0.7774304422556024
0.7151477639890474,0.09235248889887135,0.7723879041498837
0.7694726679079216,0.076390741522917,0.7845853646246667
0.7135470883729379,0.09597402802414134,0.7759607081301534
0.7657634555034071,0.08413881783144306,0.77356384039712
0.7401258661129589,0.08023517053276463,0.7798284461755214
0.7518383082836263,0.08182806598371223,0.7728952489389004
0.7218419163069294,0.09159073482050975,0.7753609630056485
0.724239637240551,0.09450186765009187,0.7762027399075124
0.7582537707865212,0.08053963696662202,0.7716202395349979
0.7732337289266747,0.07465490903788359,0.781607209580115
0.7570045592587976,0.08190824382381016,0.7713705800961609
0.7598954406625793,0.08268590367802302,0.7716195794427849
0.7421607808746824,0.08240137098735241,0.7726039365134904
0.7631522908295795,0.07509740992120463,0.7792797534122468
0.7475375951725752,0.08285044659295768,0.7720045780554955
0.7227742021455613,0.09244793775925884,0.7762944678113792
0.7671682404727295,0.08091309622474326,0.7709919656540735
0.7778671611815879,0.07805770060010013,0.7707837725013315
0.7808005568584383,0.07470057606638152,0.7807645782397239
0.7276615464052029,0.08817397223062513,0.7730476679073744
0.7522209905919593,0.07882342789272088,0.779323697534854
0.797622944478345,0.07831371768608889,0.773248016180806
0.7372326634060724,0.08589014839515538,0.7721867752157757
0.7569844224429086,0.07878523148224405,0.7837655469168796
0.7345386152219936,0.08922152365633113,0.7728275656318626
0.7873673559513755,0.07522930916604768,0.7828257534916154
0.7604135566087856,0.07888363559892968,0.7838517532037543
0.7491527202954855,0.08710126615031996,0.7738621721408202
0.7100415545864891,0.09050353817354773,0.7733048871524066
0.7758459491647384,0.07920510314705236,0.7706766405813095
0.7473462101314627,0.08123978134937432,0.7722804914367835
0.7341378915438771,0.08415349129538895,0.7726529330276786
0.766078703695778,0.08022208445873351,0.7711088615220559
0.7410524686121781,0.08179683607326621,0.7803282246918655
0.7693759880655943,0.0836951934335955,0.7742848080394024
0.7617722959967762,0.08392281381333491,0.7753260962485339
0.7574160652048618,0.08482034607911143,0.7717797939643936
0.7621732499937945,0.08528222022607601,0.7750170450728355
0.7457977688634125,0.08752446980546845,0.7713953946899536
0.7761499508705638,0.07782353949046462,0.7842535178221661
0.7436360390820688,0.0868043410573291,0.7731760608463495
0.7437414520651751,0.08620252941242719,0.7719237084137971
0.7735462164230349,0.0818838464395803,0.7742417427560394
0.772740760880993,0.07429020464385667,0.7789646474811256
0.723578882259271,0.08896598795914432,0.7727164123300476
0.7351565082918894,0.08863235716966668,0.771582720744896
0.7355541733628934,0.08853040015922653,0.771535336315442
0.7903526040518853,0.07845875970619719,0.770435586249126
0.7501626415896584,0.08077677683307605,0.7789774337395021
0.7267058441125268,0.0941247947758509,0.776015949707393
0.7212139630853216,0.09017411239771464,0.7745795145134942
0.706595303914184,0.09150581643291884,0.7735052142046831
0.6996104945750267,0.0957024160672743,0.7736738917122848
0.7884005327119742,0.0769128739744447,0.7703372897729699
0.7583856782641821,0.07996899372019545,0.7717869154745767
0.7190068388553652,0.08918820824024103,0.7727910654095907
0.7246791744624771,0.08747700781457314,0.7726861084720378
0.7556626602170489,0.08306855980185202,0.7715522863472725
0.7432098987594304,0.08431356240242621,0.7720859237949645
0.733203043480214,0.08034144923006878,0.7805843323742447
0.7969251495766035,0.07530711386491669,0.7701824229216042
0.7238809100419222,0.08702617906609533,0.7729268456354812
0.7625538754791299,0.07948000092117123,0.7862512718903617
0.7809085852745373,0.07752383839123214,0.7843381532874704
0.7337561200938701,0.08745041126999398,0.7756247221003766
0.7563085692332953,0.08189396791951313,0.7740734048049206
0.7284304110344278,0.08574208932568311,0.7728455575111515
0.7109986361513,0.09210103040244778,0.7739451677000647
0.768987365761064,0.07407763874091433,0.7793040483133334
0.772925118248106,0.08088153644537205,0.7736902811479047
0.7778910524112751,0.08000652437007201,0.7744142749678298
0.7788540736427928,0.08092501296079721,0.774806179019176
0.7376786167784953,0.0855490191576669,0.7722073432689647
0.8176333409774695,0.0666917495891411,0.778241812784435
0.7315707746800474,0.0893018286046292,0.7723190445499694
0.7649164509023264,0.07953805005531929,0.7713606296829812
0.7391684477135414,0.08062276960402165,0.7797888010158293
0.7437380251928093,0.09016738068561854,0.7759914740715559
0.7360249246774092,0.08735968916421956,0.7717480458853715
0.7251944531590013,0.09106141430483629,0.7754190984175792
0.7818313604785706,0.07645718011765912,0.7709173828564692
0.755142360528279,0.08697624247792689,0.7747181226795895
0.7727812659917722,0.07726913264973959,0.7713344550114598
0.7200943089417972,0.09452893527571929,0.7761012047601774
0.7547442825167394,0.08679946245445094,0.7755313478122109
0.7394723436919868,0.09196152564212956,0.7751795304385458
0.7460908964367249,0.07746361282928119,0.7802911984808212
0.7264392617495102,0.08776508345402936,0.772508262069692
0.7657079431470515,0.07597026015748733,0.7801310068485248
0.7280051972590834,0.08881874780926269,0.7742900231236027
0.7512020294725319,0.07703751484525533,0.7799922481430901
0.7500076190424014,0.07985286933616655,0.7791951331265924
0.7424077228511751,0.08112050494246309,0.7794323026155039
0.7422955306902421,0.08882771620457677,0.775266889161768
0.7651307202334025,0.0859607920358972,0.7753371520314382
0.7296407906085791,0.09002325416077998,0.7718691999960429
0.7338155139817008,0.08893883707519169,0.7729518896395794
0.7526942521295474,0.07760804948226388,0.7795412753150689
0.7476555254427372,0.08595207650340553,0.773733613613114
0.747804053613626,0.0819139878193491,0.7720801561828752
0.7525431985348369,0.07691193912487006,0.7797586555503491
0.761514653182261,0.08276865279235786,0.7708561016934281
0.7334618633327169,0.09010404000563654,0.7746302671227479
0.7605031436483144,0.08004271223352273,0.774503349335498
0.6986712047142909,0.10085499814871315,0.7768730795090284
0.7044843628541935,0.0946925911419679,0.7738516199466708
0.7684457315456406,0.07583660899680408,0.7788805850908834
0.742527841359551,0.0864886770641736,0.771692250342249
0.7187732073414038,0.09210762625046111,0.7755834292380065
0.7593004495276022,0.08133452688813346,0.7713672000110946
0.714364011955831,0.0937994601593786,0.7741718279239593
0.7316082667828671,0.08835012846012441,0.7758763797094748
0.7301950780885118,0.0803443476137398,0.7811798896590704
0.7919323291699065,0.07409531107412352,0.7707983823610944
0.7456121022793742,0.0892141737661569,0.7738625777136428
0.7219942310072994,0.08720482277342,0.7738409747313841
0.708329624581683,0.08915805670653845,0.7739267809325959
0.8180065938054801,0.0670704792837901,0.7791894518614573
0.7972491593267664,0.07565618076478685,0.7702083135787039
0.765886477522796,0.08240070118938915,0.7740624692969973
0.7606343399567201,0.08167838802652407,0.7712709119775415
0.7118968935211224,0.09770729056345037,0.7768226754000432
0.7090865949969032,0.09271039512847391,0.7769814661571658
0.7361772969187713,0.08139135128583865,0.7798727315796332
0.7383084678929999,0.08779792345579564,0.7724924981651305
0.7390205102232976,0.09207660830328897,0.7757596473957257
0.7424326631345562,0.07845750927579462,0.7801429368958137
0.7543048793867334,0.0810820471971183,0.771838819549696
0.7520015847322408,0.08533839141791733,0.7718539176649932
0.8131030815709326,0.06674317631982196,0.7782073011277133
0.7722773090130475,0.07600541903919225,0.7793915390570362
0.7139594982017833,0.09324456323670217,0.7732524351270185
0.7420140794743245,0.08050053186693873,0.7801443751150093
0.7521735452182231,0.08203784437787302,0.7717843741378557
0.7050042519212645,0.09468239201186528,0.7734393966346074
0.7626679652230249,0.0796074676450099,0.771583705559301
0.792292769480421,0.07593239902949982,0.7703356013175447
0.7923256214410728,0.07893781545126552,0.7736346326239613
0.7553108426293474,0.08946182764458734,0.776132545112927
0.7639045702623597,0.08142744267988282,0.7715772478392552
0.7490506402383126,0.08452252101768962,0.7747817795993949
0.750434986225831,0.08814605801006203,0.7742322453692305
0.7683940708974814,0.0787944233423101,0.7715465406697861
0.7447088887960794,0.08115074561136036,0.7836249971279341
0.752886354110067,0.08133498701309175,0.7734397250369227
0.8122042468914057,0.07064301804339035,0.7828550755267893
0.7757768675995215,0.08070753478174936,0.7733267564163934
0.7555659547946528,0.08162950720089376,0.7724478970227507
0.7680849319972516,0.08133017874387287,0.7718178670376462
0.7035393774207193,0.09529680038137973,0.7735398533152636
0.7478186936955834,0.08596932761509073,0.7740038235015213
0.7702034534068823,0.07872274573945107,0.7711577673869064
0.8116178593105993,0.06805548535065116,0.7817050522836712
0.7692120862287349,0.07427753695468148,0.7793931588067674
0.7296391060314373,0.08995847191279732,0.7722636193851355
0.7620640008314067,0.08091270689456961,0.7719668922969138
0.7685498381379464,0.0808875208768385,0.7743563334070266
0.7149700775670051,0.09323698759828768,0.7774735797169678
0.763615443057687,0.07638878487295392,0.7813117731780118
0.7673172510361005,0.07803367544536068,0.7804368478911469
0.7552359763691316,0.0824453193136857,0.771378961200369
0.7593488959515804,0.08172508631972962,0.7738914621185503
0.7703752979813544,0.07329846575825513,0.7792196181635144
0.7350096374162655,0.08663756982711444,0.7729563672831813
0.7193005782156772,0.0917639546526604,0.7740247207435947
0.7228716532596133,0.09099009514112115,0.7754059360232249
0.752538832055782,0.07996448198421213,0.784772332243114
0.780338269061984,0.08087994161864367,0.7737442500570676
0.7142340859292963,0.0898110629258138,0.7730521478008695
0.7612794976088842,0.08303674468985901,0.7712711090284179
0.7260632557489499,0.08894465622837487,0.7722270945310707
0.7812729422378805,0.074007749059237,0.78086750213193
0.7056460718638915,0.09464331707410671,0.7728521522268643
0.7606297248385987,0.08142621054454258,0.7715248579145941
0.7811833363876234,0.08364621704316266,0.7748190627483891
0.7441090860144796,0.08382178124686647,0.7722405036958208
0.7354448733482226,0.0921791492352594,0.7756254218645144
0.7760295623885844,0.0814285312205071,0.7703110293285029
0.756395245110209,0.08409848836276904,0.7718838183341641
0.7729822988946118,0.0762681066826924,0.7716147627294541
0.7539815191457796,0.08121422791126053,0.7751383449364423
0.766483429607034,0.0826720007828548,0.7705254538211965
0.768765273879578,0.07833558117358595,0.7713788040386096
0.7293068493554251,0.09389590027286068,0.7764936411609866
0.7482078520989912,0.08091589920616536,0.7808954482825567
0.7208781801155806,0.09177491135876016,0.7724397546672784
0.757487248799754,0.085460247805252,0.7748497704510594
0.7658126306920143,0.07731661134641576,0.7851857556669968
0.7185711418305768,0.09171451622742922,0.7729368076524183
0.7388130322437473,0.08394821718791876,0.7723163014216291
0.7741094594029386,0.0719697780163431,0.7799843190619392
0.7441451941551018,0.08360334527722305,0.7851341027621647
0.7507870413983614,0.08570979009788793,0.7720502953692349
0.8053732898051039,0.0704479577576238,0.7820943059468809
0.779112561618913,0.07595089531074131,0.7844825681053639
0.7454507813842757,0.08742525240147571,0.7752535606589469
0.7373851564833832,0.08875825032297864,0.775494909372854
0.7881468333680858,0.07519053509852201,0.7830093855308463
0.7497268427312315,0.08479566430450962,0.7730362603877438
0.7562362342663712,0.082705232597435,0.7733402735730787
0.7471317053891614,0.0796307363161351,0.7836514194216903
0.7353215694071946,0.09074003719054448,0.7765901823041653
0.7570809765921996,0.08183900895679143,0.773286540852611
0.7757029945749789,0.08030933946483144,0.7737599960281554
0.7369196744110369,0.08872596154965207,0.7726465691041016
0.7585596973296856,0.0820006077900355,0.7712344750940352
0.7355916836992699,0.0855776361041972,0.7724176760520188
0.7341989350217414,0.08820258166162862,0.7717097217922305
0.7680978942170053,0.08013959246204858,0.7713191803281573
0.7729820169105506,0.07954895848540511,0.7730873012280715
0.7467587354893926,0.08466325254339724,0.7716160519189046
0.7554905071498883,0.08808847216168786,0.7742207893100926
0.7595739162149321,0.07897618082592868,0.7847958781063815
0.7310287854577295,0.08993791719025844,0.7750092529893322
0.7278345600026853,0.08810311705124235,0.7723952083063176
0.7307578187326542,0.0902223289727861,0.7725575848784735
0.7190074985557836,0.09005346510859702,0.7726068121844388
0.7273246480841742,0.08959080751892831,0.7726268007607047
0.7324377030098721,0.09174504353742055,0.772943106955574
0.7146171793444703,0.09280491694130573,0.7734013337254658
0.8199748016023274,0.0712872954357432,0.7832591842788684
0.7699478020868361,0.07938593120694111,0.7710691633946721
0.7332960871107201,0.0941059270911589,0.7750722587806698
0.707932484006403,0.09319166698704676,0.7735977622613165
0.7577973687809394,0.08070713078430433,0.7717231701673944
0.7955730373477943,0.07110880769041035,0.7780941036396751
0.7815519452660106,0.08006187187358901,0.7703631795170289
0.7474087791037756,0.07835887115296186,0.7822783374581969
0.7848419251753743,0.07318638777599434,0.7784842511061743
0.7214107075717902,0.08886747817058281,0.7726758052632404
0.792353925814183,0.0701345856062539,0.7785168628918309
0.6954023029508495,0.09433448610068218,0.774451857926598
0.7902052238191773,0.07334891942561825,0.7720509412815619
0.7395822818528379,0.09029886914442944,0.7759348401760062
0.7246043019370199,0.09039310015125775,0.7722320614411778
0.7444290506131759,0.08443012127515484,0.7717621823858004
0.7568472152119254,0.08600042969905518,0.7754955070280861
0.7596967468799994,0.08229118420624425,0.7759858927445304
0.7643500372580599,0.0836759429937732,0.7713324676287228
0.7199181596310745,0.08945098154632836,0.7733638460300721
0.7159654622095535,0.09094486829691563,0.7726690685141502
0.765705143332188,0.08296819783432689,0.7707645081088601
0.7629980957171941,0.08306753784592526,0.7735245369068978
0.7737681123469989,0.07453714505125662,0.7786603961940929
0.7581570012672046,0.08332451449574417,0.7716592127102617
0.7391664972435597,0.08944747834423411,0.7742784345115474
0.7443064290313142,0.08545541234718033,0.771700737976102
0.7660294801057315,0.08548178066602928,0.7752425901514037
0.7571773680772477,0.07671734863746485,0.7800038977964322
0.7745979548916991,0.07970774453291543,0.7756808912153822
0.7603167319213197,0.08038264679590232,0.7715682538249881
0.8150800779768111,0.06711646392512223,0.780055665339165
0.7392887070438655,0.09005775823327616,0.7763040158306345
0.7239056735449914,0.08680932087662732,0.7729185412797616
0.7970904020139284,0.0728712832276376,0.781221781773681
0.7592460378416056,0.07578913887700499,0.7817675920896421
0.7601434637516311,0.08062506512598787,0.7714400407271368
0.705816171138534,0.09209579123107066,0.7735802913856719
0.7709502617494056,0.07750227723018464,0.773022384999115
0.7418393877183513,0.07962326915432946,0.7800213028198203
0.745147028840399,0.08715905572827021,0.7760187766696852
0.7270839088067342,0.09254310594459214,0.7742860309819896
0.7598127177964866,0.08503105160078701,0.7757261938955567
0.7467352083789386,0.07972129121193329,0.7798294019670479
0.7427924957112034,0.08188080873837265,0.7836254850102533
0.74561316844494,0.08401232403959073,0.7726973108354994
0.7662768677163587,0.0830588617786574,0.7734397705821083
0.7036721640057073,0.09546127593493312,0.7729339841776023
0.7700800474475442,0.0856759367874099,0.7746493589798246
0.7189747785018568,0.08856955160030813,0.7732617163644981
0.7380742079746914,0.08613230237115535,0.7732002677687395
0.7508591914436844,0.0818866314472738,0.7719033171221666
0.767684108458147,0.08418100551158647,0.7747894462659091
0.7582678008608069,0.08200634586268697,0.7712846634636723
0.7300896707603759,0.08562946324539791,0.7728598385826685
0.7422799070836281,0.08434251495612383,0.77528841733536
0.7616704884506821,0.07718355954443974,0.7791244042796087
0.7573233182354371,0.08377020914370498,0.7714669564457154
0.707027284848605,0.09006567250206489,0.7737693965034895
0.7310288094591284,0.08272952377916053,0.7848328868577988
0.7603887803310233,0.07380099318430267,0.7804105246334224
0.760933016145624,0.07976198034302624,0.7717316562738712
0.7456583775243006,0.07982378515791068,0.7795556248717249
0.759770883375135,0.08210990738805064,0.7720694830553042
0.7918870792482293,0.07444567098851292,0.7707535787996235
0.7449165653955921,0.07824889255893346,0.7800697265364681
0.7111903859935289,0.09516555407076828,0.775979889127161
0.7246401263287074,0.08725378051351143,0.7728187920075762
0.7205500302707917,0.09015320891610475,0.7761268203043539
0.7896199948828773,0.07620988156698395,0.7714566207160024
0.7597694191394554,0.08331757883932789,0.7714447306962462
0.7416944903325453,0.08557261118343117,0.7758115651206593
0.7298712660164821,0.08865828676850569,0.7725191998880252
0.7725291641814386,0.0751981836795198,0.7785806863795197
0.7341942543462553,0.08580979086890793,0.7748120109679405
0.7262964194439384,0.0890089275309445,0.7721709301558255
0.7456242454336806,0.07702968916493336,0.7806170424109999
0.7572886818181991,0.08389722613316906,0.7724621094748844
0.7418382642503892,0.08753493634475891,0.771928448545545
0.780920230093717,0.07707094342072712,0.7708252800551457
0.7559943607743371,0.08230377362761496,0.7714527369789604
0.7507281955593998,0.08459769822300794,0.7750711529788904
0.7987133444967628,0.07535253598054949,0.7729105310373187
0.7997677877923075,0.07630788302985358,0.7735385719847091
0.709087553655924,0.09511120008408523,0.7768559604400496
0.7282293303811949,0.08858867910911726,0.773078367309161
0.7347610803941469,0.08689818312848528,0.7730063407712311
0.7567585832515588,0.08122128631190328,0.771659365949124
0.7419080967805359,0.08658303787169373,0.7715298948716689
0.750913568333586,0.0788019467619337,0.779462996141701
0.754927155265907,0.08359008911280527,0.7750740207985805
0.7328630568859041,0.09136208340369319,0.7719764493505601
0.7193490807277392,0.09033021000410231,0.7856741595950322
0.8185321186524622,0.067420359944528,0.7809311380214348
0.781318080265736,0.07822365441123774,0.7712754420175102
0.7437395174214558,0.08366101920779431,0.774793808373864
0.7747894951086314,0.07562656220735407,0.7717320761369612
0.7749831681911437,0.07730629028595526,0.7719587233632405
0.7215977964064199,0.09160949470098964,0.7727712785173699
0.705689275128331,0.09328949745725887,0.7730623191450192
0.7430978446809903,0.0878039051417029,0.7757885745407629
0.7970427681931422,0.07633281546480972,0.7699291273695463
0.7047281054575965,0.09851797724520657,0.7761185398324407
0.7438489518755497,0.08621269873881152,0.7754004677589078
0.7791548170919594,0.08085153449641179,0.7701746747388502
0.7469792834606976,0.08550436470882727,0.7713208810491755
0.7373413434287336,0.09131579261513523,0.7756091382464798
0.7949720881708975,0.07834543469080092,0.7697588349419783
0.71882387431874,0.09306701538951613,0.7754389083297077
0.7161249735234749,0.08955299628641138,0.7733434469093108
0.7189737020833975,0.0896968355950392,0.7726377326000174
0.7452441042034484,0.08742654086402363,0.7754752902215784
0.7702557202528454,0.07931779856451324,0.7721247330341647
0.7630681056185408,0.08046149639279664,0.7718841745386568
0.7384131523921434,0.0876752047952819,0.7715283957326435
0.7166233435376641,0.09014982681693988,0.7732930892982184
0.7270169993658114,0.09299041243288886,0.7761790903874647
0.7381844517930449,0.08943162036448356,0.7761573529255279
0.7680483086247877,0.08586894955415024,0.774507594188658
0.7081091454771278,0.09891575896040489,0.7761167729664555
0.7216386086810589,0.08629284299041794,0.7800879154589428
0.6955457898093181,0.0944116319647478,0.773707377092256
0.74571949010107,0.08494216791445183,0.7728880341988933
0.7178917865742714,0.0924903421326581,0.7731229691478867
0.7659612292944373,0.07980418984813499,0.7713420224595336
0.7253978621738149,0.09057302884320755,0.7719537952988311
0.761343437462295,0.07971564931653026,0.78464500112056
0.7323188049132642,0.0863573180787911,0.7723369495616657
0.7297167772239312,0.08321775430789922,0.7824351943555216
0.7661667271718228,0.08037208093593173,0.7714460977794345
0.7329843590859133,0.08114804583794927,0.7809843534986307
0.774034175269381,0.07462778857092876,0.7787879253942236
0.6974702355037276,0.09813810456900669,0.7753369146881071
0.6954766497998732,0.09480892738696595,0.773754393196864
0.7694085798532512,0.07441773468033286,0.7791236900230852
0.771151227461566,0.07797679668137708,0.771304518127221
0.73490801769572,0.08675128023543692,0.7742853188413947
0.7255544364485226,0.0904627257102355,0.7755994963480389
0.7383749627443945,0.08693614683294881,0.7718151609040745
0.7510279299808617,0.0830173837780947,0.7715675930776029
0.7949597189305554,0.07631300089034032,0.7730599874997031
0.7375699340124644,0.08621832676474739,0.7735439204214298
0.6975504240549667,0.09552633083343501,0.7735356905207811
0.6996967265514458,0.09672992449869193,0.7743176807810477
0.7545158422148313,0.08547769182661015,0.7747617302490304
0.7463062706012046,0.0870754409060247,0.7720856833122395
0.7967082405801076,0.0771511686021067,0.7711188516775443
0.7648399089049962,0.08276927358195857,0.7755183107746807
0.7609087066565482,0.08563399421477728,0.7755362605118437
0.7295450746917908,0.08521149104346697,0.772892874972561
0.790713639293082,0.0763072505348182,0.770862080304655
0.7614726808468719,0.08289393570249912,0.7731554861369181
0.750970709371101,0.08370177837867838,0.7714547174771994
0.6951353159957191,0.09148198301388157,0.7753417732834985
0.7725994827986505,0.07787014008569751,0.77122575224385
0.7496840979617831,0.08367245314723869,0.7717101407926658
0.7532237546481698,0.0820125921368456,0.7844323685482931
0.7365278699750908,0.0895733422578581,0.7719208132630679
0.7337596044547071,0.08818735913451894,0.7738178693983315
0.7523820201631221,0.08214523247511886,0.7716803167566142
0.768573477246545,0.07261916955490991,0.7804255277491889
0.7463232791643462,0.08339878333485953,0.7847536141837748
0.8170251440723972,0.06664878797124454,0.7777371223155358
0.7290752460995369,0.08888870218964927,0.7730994249118719
0.7538281408104242,0.08614266574668258,0.774880949704181
0.746901919387088,0.08875996671359078,0.7752800677098135
0.758609525173501,0.08150811312404278,0.7720394803291015
0.7251876124568103,0.08819586440052082,0.775013376407419
0.7286752036226934,0.08366682888496725,0.780035618750001
0.7520983765303252,0.08416034392263055,0.7712408698187488
0.7289469327646584,0.090491457195065,0.7718650140937247
0.7489458727783492,0.07969406630998031,0.7839195305431156
0.7595358034678519,0.08179624598934195,0.7715381352923998
0.7164537843643497,0.0924568424607159,0.7764782572589499
0.748378256504029,0.07915300457403086,0.7794188460248057
0.7969253335681598,0.07588948931236382,0.770423042712464
0.7253896243343851,0.0883338213493939,0.772410644216512
0.7089785756676912,0.09462015986387701,0.77449717506315
0.7480175670010575,0.08862340693746518,0.7759805104700451
0.8045366060521009,0.06812171627222163,0.7782538230352269
0.7445516994607829,0.07879965397071309,0.7810174885699037
0.7624493757435302,0.08155961236492579,0.7762526055654955
0.7366722667015791,0.08618934595821201,0.7725330533711777
0.7646942103056492,0.07904900489059268,0.7714794243007257
0.7256838669768682,0.08985987748482116,0.7770016972244623
0.7132816904465414,0.0927165540868205,0.7726998708849039
0.762706135926761,0.08190675386770864,0.7710725064805297
0.7723751042207151,0.08009159212319789,0.7736440340870283
0.7698686551873578,0.08224441911593564,0.7748179077551507
0.7706850388793004,0.08457790117282078,0.7752084422565834
0.7255674412956777,0.0896927063032138,0.7721642589487602
0.8190583388200311,0.0688750866500429,0.7815743709712473
0.7200121027289226,0.08936699614646691,0.7727347460190156
0.7556951447708811,0.07834662029721422,0.7847466475968671
0.8021520175278185,0.06974755294555929,0.7787073722808532
0.7397519717187461,0.09011727578125728,0.7760318710490064
0.7450445967039766,0.07964691705933116,0.7823209611797969
0.7568188382931795,0.08301442376191007,0.7733140076919961
0.7631947323300554,0.08427855270136114,0.7753514262065111
0.7076472289374046,0.09116506707484819,0.7733174595388556
0.7832629309258591,0.07361806731003426,0.7788862361363207
0.7483702921726997,0.08727311721962035,0.7743251131176683
0.8184371979329442,0.07041506530968558,0.7832122736193742
0.7276396227719939,0.09348737157513343,0.7766091455989057
0.8188579947133893,0.06753580287664482,0.7808727928423878
0.7489306017599456,0.08116005846932929,0.7723286021807858
0.7155347361101039,0.08976068306790314,0.7729386871828933
0.7968273789789341,0.0747480718277334,0.7704004415583409
0.7102048583164349,0.09312342639452442,0.7728208098791782
0.7548336608473749,0.07638628694491031,0.77969418960479
0.7522143013781747,0.08173529503519071,0.7717759723093985
0.735450397372962,0.08426731028018887,0.7727031004739757
0.7135894561837899,0.09231611973954842,0.774397337057885
0.7367594569564888,0.08858488701817287,0.7759881203643734
0.7430525759788926,0.08931777200360007,0.776038736882818
0.7469290521189318,0.08651023982926265,0.774812465091792
0.720198595451721,0.09157928174669813,0.77348489689814
0.7395445848752039,0.08200049397101111,0.7861479603810035
0.7386178702300472,0.09140276697967865,0.7764098983238233
0.733311964818838,0.08590988751912257,0.7727922092573006
0.7278125912922231,0.08668720536519783,0.7729660825296462
0.7410693824636485,0.08110376615824909,0.7797541244112831
0.7460745925227138,0.07968034074357512,0.7794732928931671
0.7121157177818739,0.09295980060152398,0.7725046199064056
0.7701381244696759,0.07853133833417182,0.7712359705257564
0.7703519548130142,0.08252088173018915,0.7752998831041534
0.7910166670660211,0.08001858780474136,0.7745676720710429
0.748326166153176,0.0835551280851378,0.7732905513439835
0.7425820744641185,0.07893748749085769,0.7799874222999702
0.7288393221348995,0.08925739442372158,0.7750887467757657
0.7746198317397548,0.07293303842977351,0.7790118707621028
0.7780863683903071,0.0791200470962089,0.7706186170951114
0.7379350156512338,0.08461256785698511,0.7723172655042221
0.764806518392032,0.0877727576822233,0.7757454557567323
0.758380859177537,0.07778424727754282,0.779517266601258
0.7500735383447139,0.08636254942300482,0.7713567985519507
0.7334749440745355,0.08046678772472832,0.7812105566915917
0.7115085166293093,0.09502672555760738,0.7730463405714255
0.7533814584604331,0.08814076298558063,0.7746056483457903
0.7381727312421072,0.08240772978665344,0.7832466136827894
0.7313432834644914,0.08876790579341169,0.771815670826863
0.7178768527951757,0.09475962518545576,0.7771081180735397
0.7914367379514496,0.07751110943342934,0.7723703324919291
0.6957020949967337,0.09722143555096716,0.7731707950109907
0.7936792941333605,0.07647653179071595,0.7701175923509217
0.7212274212161912,0.09068101280583948,0.7725290925773586
0.7680386459897904,0.08052249537683384,0.7709468266735986
0.7273526399495014,0.087467328012002,0.7725213605387599
0.7507398650994623,0.08283111115450532,0.7716440775648051
0.7509672925933116,0.08229902136305473,0.7717963555571165
0.7523087457014267,0.08885679462492742,0.7758419208235562
0.8079658606437445,0.06589614993199444,0.7791096121866157
0.7880647545170861,0.07332701436943859,0.7712723423771184
0.7291566823209389,0.08627433074447424,0.7726713562905024
0.753544010094383,0.07911809757179804,0.7812285448727316
0.7785345120568629,0.08078695459020245,0.7701181502476684
0.7395650642667917,0.0875390038703305,0.7715436334603403
0.7216334184714335,0.09178465289033334,0.7773181982707592
0.7498358995939287,0.08163560588501814,0.7719948928709759
0.7973363148758843,0.07329119749662248,0.7713393334948517
0.7522118027148159,0.08145980482008877,0.7719248912231454
0.7510006049398954,0.07535189424628871,0.7803039931971363
0.7329452573661104,0.08933059957974199,0.7760312308697043
0.6957274150598397,0.09788243871054948,0.7736121198245669
0.7272305304518737,0.08340891151300202,0.7801702970215739
0.7388554154793571,0.08651753420198653,0.7717890733280787
0.7114456237110323,0.09392348483458675,0.7757168233818927
0.7613392339407011,0.08066181637911356,0.7847274432749841
0.718968664024344,0.0910024874033277,0.7727973697764613
0.7856642355732716,0.07623338166958606,0.7841390888116112
0.7052489772176638,0.09279897186259455,0.7732112140364032
0.7672796176533937,0.07792987995798507,0.7716136048023307
0.7291533268575182,0.08831927869176144,0.7757035262381838
0.7369349976676414,0.0911299974414524,0.7746562149801288
0.765577444393706,0.08212316621285068,0.775323079759392
0.716056335549303,0.0906323298536579,0.7732775710436663
0.7198472602365752,0.09364906890738026,0.7742267802691438
0.7914351933392015,0.07681176398513176,0.7744123846951817
0.7516950656560567,0.0775471520254392,0.7796817719084814
0.7706645812599421,0.08714882785578934,0.7746743103581952
0.7639882173009019,0.08343733443042144,0.7734243101995836
0.7166097985228408,0.0895125549882996,0.7855052860145499
0.8001394154030892,0.07088319667768303,0.7777462971783765
0.7772933142248442,0.07908037884736897,0.7711520846438135
0.7503929252170477,0.08098104215639872,0.784085203297941
0.7503166563937845,0.09051084321712695,0.774588951199599
0.7757075127541722,0.07881500632784255,0.7716030898225655
0.7448497739820212,0.08616546761767019,0.7716487289755868
0.7501021354385516,0.08148456343433708,0.7720732219976904
0.741501300135097,0.08113020194828628,0.7824502874776391
0.7954924621927392,0.07072107678821156,0.7838150800090309
0.7464510628673245,0.09101355997053147,0.7759905389253884
0.7304241627593326,0.09179718111187203,0.7765876514827118
0.7655214126180956,0.08631077687054901,0.7739677324535564
0.7994727440267958,0.07100325778618696,0.7832263440195318
0.7280568360727191,0.08657267833704485,0.7727405333623892
0.7425455703748676,0.09148955190309473,0.7765857187395109
0.7516863540774205,0.08431136467125609,0.7713817396536664
0.7344276384354328,0.08411123749480193,0.7727659571490553
0.7670442354944823,0.0730210980917346,0.7795711852965576
0.787017920103738,0.07651619391167976,0.7714552673124357
0.7171594939754236,0.0904449756363186,0.7728278101993753
0.7461640363760688,0.0844643871990874,0.7727524883691004
0.7432981944391037,0.08452220310274859,0.7722241376627328
0.796652630550323,0.07169444985702929,0.783729597694479
0.7779730924849292,0.07466506903517528,0.7819864080146355
0.7368837739544226,0.09210993018327629,0.7770135031849028
0.7700111815078081,0.07635659781982367,0.7728297889318451
0.7588576312005625,0.08235746465797857,0.7734919327832694
0.7302449258998558,0.09066949748888434,0.7745334679857167
0.7378612275621047,0.08388465963901016,0.7725115895590122
0.8007658249301652,0.07859576568282929,0.7754024331338503
0.6984375231071958,0.09600451947481774,0.7764238108135681
0.7183015186978772,0.09054923917949287,0.7725278012717508
0.7355814499079286,0.0883395019401607,0.7725146241801207
0.7419966864456441,0.08577303311360301,0.7720626942694022
0.7323525488041788,0.08904634344979838,0.7763923230404071
0.7216688823301208,0.09359839193817304,0.7767916012205857
0.7611975294579488,0.08573757947072196,0.7751759413524529
0.7603007958001198,0.08530148064756651,0.7749578349543879
0.7527487156965588,0.08689584097729197,0.7759380227120642
0.7484425986836223,0.08423059978142294,0.771488645659455
0.7500665352012175,0.08226475274403273,0.7731976423251055
0.7345915191612589,0.08665086444297367,0.772177774577057
0.7971736224993465,0.07602877773199355,0.7700173960274826
0.7727471484615245,0.07903095600481469,0.7743115910710928
0.7156683809751612,0.09032868011652397,0.7731809450956141
0.7077540234656908,0.09275358962687712,0.7734864575779046
0.7313330807991637,0.08337651143798973,0.7730965912245725
0.7160536116719362,0.08963120693342924,0.7747247373541747
0.7500482344001561,0.08171328415184154,0.771970512012955
0.7494529298099389,0.07705271135997807,0.7799706524818685
0.723436113118025,0.09025977197294087,0.7768785996131542
0.752502535315947,0.07849688338863021,0.7794683722914703
0.7625433937592401,0.08029935493253712,0.7798784382288572
0.72644821160922,0.08918233775863905,0.7721272530540988
0.7566679876548629,0.08197665425221731,0.7713810711731082
0.7755248404260345,0.07921161864667683,0.7706817878576074
0.7518201117962868,0.0800077907948834,0.7723731363015517
0.8172758235909698,0.06801787461240844,0.777381379324827
0.7605235766885065,0.07655894521191531,0.7793366392283769
0.7761455708088171,0.07704011768911191,0.7711388231645957
0.7748789563904205,0.07769892158376904,0.7837299266327185
0.7486596880285404,0.07861157871718513,0.7837828248555471
0.7630300517060609,0.08242265862632457,0.7709253706944573
0.7917616574072313,0.0787353682803837,0.7744390089074465
0.7044855111252137,0.0958752581550349,0.7730856566634363
0.7128381174748839,0.09866252348802469,0.7763839660382352
0.7629229616754338,0.08281366864836115,0.7728940153101846
0.7352199071234049,0.07978314054768904,0.780386440123153
0.7425839814352095,0.08631335201832577,0.7742526408989554
0.7250632990752242,0.08888056278395634,0.7733488569153485
0.7360543713941397,0.0843978306259201,0.7725667264417846
0.7711855678407301,0.07544569726480797,0.7786194226085275
0.7629641028505738,0.08324774533687461,0.7706809302083073
0.7146244630623555,0.09711920636898479,0.7775824073947228
0.6989973325052549,0.10277120672581261,0.777624390152352
0.7623673148098473,0.08077016578498311,0.771658604455002
0.7664495295545694,0.0747290133780589,0.7808502519087118
0.7157448807274054,0.08821398013817093,0.7732770912104099
0.7817344662824629,0.07449528071590578,0.7722132745788758
0.7851371838836232,0.07021254414714127,0.779069762202242
0.7360659143714368,0.08531083997335895,0.7722125614948129
0.7652080256993309,0.07691817999406149,0.7793061006180975
0.7267919532149545,0.08306712724780164,0.7806034605403842
0.7332336807272781,0.09249824688744931,0.7751401326364402
0.753334539834725,0.08412721535995775,0.7738641983090669
0.7226761802783926,0.09520595928114323,0.7763760181824112
0.7529087095911471,0.08235066431403554,0.7728388737350731
0.729281816041049,0.09010088765251496,0.7728240556020108
0.7516482765314387,0.08319486854032564,0.7718535522200589
0.7150668383031508,0.096529397090531,0.775459456038017
0.773390814449979,0.075972060290312,0.7812216444975046
0.7322137975041835,0.09243209196890606,0.7735420649672927
0.7156604684742458,0.09443518586924539,0.7766267082595771
0.7241400063517683,0.08953637077353702,0.772277194914016
0.7606421657598651,0.0831571799496428,0.7727137234594554
0.7369140384531561,0.08599721036721869,0.7728950095241132
0.7439443363512841,0.08233034083465404,0.7849079177265287
0.706754502873486,0.09485163369272,0.7737454459437061
0.765796912842822,0.08114204225730813,0.7847091971360145
0.7674428492416426,0.07833966419881201,0.7715363027667305
0.7465913950324151,0.09028987732707429,0.7765135506649697
0.7524694022625938,0.08414800599816752,0.771703995024347
0.7417023752626138,0.08827927573405613,0.7763701509614074
0.7217665769714315,0.08625249863403055,0.7744432122341642
0.7598048542317494,0.08360634618247915,0.77463976735073
0.7306983154409804,0.08948340966848956,0.7757928261924296
0.8046958215750468,0.066721760923638,0.7789467800379647
0.7512565746781529,0.08348692248876104,0.7715027530504568
0.7790004149081904,0.0789956424497011,0.7705039110354996
0.7809640761057702,0.0773507880881462,0.7717882133192437
0.7939718108234541,0.0709211901321157,0.7824217778139239
0.75390199840908,0.0773744390036747,0.7802640035630988
0.7740127356571871,0.07975297994300608,0.7726615394191054
0.7747996101022154,0.0799053289278959,0.7706248104242843
0.741247469852453,0.08433831116080093,0.7735642205165371
0.7655204654735044,0.0810560953716223,0.7752942971938925
0.739120928932905,0.08722214804093949,0.7741829128355961
0.7489132229793225,0.08606953464961545,0.7713961641124869
0.7352742799645494,0.0871999652392816,0.7718553471570704
0.7788276295580238,0.08266921775188255,0.7746732298628043
0.789606479091427,0.0776924177230037,0.7718502399696128
0.7770019308465134,0.07720191499516366,0.7846486928481399
0.7832172423323468,0.07981435888807026,0.7735599977715636
0.7681035427281528,0.07432635873167164,0.7830382821888376
0.7402127332333438,0.08184754745132673,0.772721798845533
0.7489901867194593,0.08684648886957871,0.7734994381572038
0.7483603872138594,0.08403184771853561,0.7719066844383574
0.7338181548042485,0.09145494506679619,0.7744678151436966
0.7640791605709049,0.07558248459781425,0.7794520910926079
0.7007682912436088,0.0991603790459039,0.7776297148815086
0.7916575863189776,0.07800796746471667,0.7743607607182869
0.7554430069886079,0.08639322728275556,0.7707561772062586
0.7550844368418577,0.07656225121852246,0.7804462182916089
0.765462488181421,0.07889203762362859,0.7714753724874249
0.773776871504328,0.07150366344615945,0.7794703141855917
0.7326727696315444,0.09161372810437046,0.7757048532412755
0.756250766053035,0.08287801901748866,0.7753797172542781
0.7497687259326066,0.08593093487482438,0.7762310530072081
0.7401089083653007,0.08762106864053411,0.7757667176479928
0.7687460809282071,0.07467508401552764,0.7789980385920653
0.7548134721434236,0.0871479772448283,0.7756374055729608
0.7306073961744564,0.08708073322318885,0.7734638383084614
0.7808773572318587,0.07729880836491887,0.7707482349521022
0.7274198505838728,0.090130112144266,0.7759594974434603
0.7238637680858645,0.09239484246178674,0.7764274185113452
0.717401632551673,0.09616535559036171,0.7765703876491326
0.7328993726419204,0.083083038212205,0.7797103352540914
0.7438351140291932,0.08482142845968225,0.7717853584438957
0.7203294604524164,0.09360607375724682,0.772600627764742
0.7637314191817296,0.08187962995327475,0.7710986649472897
0.7894126608034341,0.07998983976385039,0.7706460816880293
0.8002613291397462,0.07977091949980301,0.7734161318509158
0.7228358149473625,0.09526908560474333,0.7750082689413941
0.7288805950217797,0.08758938392036533,0.7722878820858954
0.7332055599177536,0.08832998242963909,0.7723610425961291
0.7726926287713554,0.07823173478097112,0.7711520596132582
0.7705177687775514,0.08101056730400337,0.7712310864494035
0.6962451355019007,0.09766219855502978,0.7734042366460708
0.7800093433276619,0.08337058549113609,0.7751503706030922
0.7483594916123146,0.08608322926872028,0.7713770435754747
0.7694132490147496,0.07375305458604013,0.7819439900171444
0.7629311314618421,0.07391216514621521,0.7797551930490553
0.7329334428503355,0.09068885747401075,0.7737713308699427
0.7092820639239941,0.09620449673315344,0.7763052628822277
0.7291764395213102,0.08771171420197085,0.7747095643497106
0.7424665457731144,0.09124683378910407,0.7755753780912723
0.7465344878279643,0.08992096563761656,0.7750949315566434
0.7815404273017925,0.07347173176051972,0.7783345611299468
0.7671648260473346,0.07959832656226322,0.7713036451493599
0.7760128075569085,0.07501613099043375,0.7784766716999928
0.7243500670305176,0.09434993015040335,0.7751739977327802
0.7710552738143319,0.07651826971970423,0.7795210967996682
0.729528546558867,0.09085798982239927,0.7761279747702273
0.7601272178458567,0.07785933560845643,0.7813823274542909
0.7464826593142435,0.08003326946135783,0.7802412021220487
0.7693162575062488,0.08285786543007356,0.7744275669321756
0.7584135095512803,0.08990253867673308,0.7753519662662368
0.7190078479543764,0.08538696044061772,0.7804494886951261
0.7026063895480968,0.09602095987872077,0.7750690544358069
0.7666169945254628,0.0782626556087688,0.78471547869145
0.7228550382385149,0.08734217293901524,0.7731847560473414
0.7184131577334074,0.0901149864756285,0.7725929975241793
0.7728953176977766,0.0757134472238081,0.7811374812836035
0.7750518118130162,0.08023542441400584,0.7722320668816474
0.7578983490341613,0.08120184113427156,0.7840998508022091
0.7427404218533787,0.08418480708613733,0.7719604345820877
0.7779401097118019,0.07649042989342827,0.7711909214574031
0.7293868639581351,0.09065807431567859,0.7746067626532916
0.7967861259226108,0.0740481211821308,0.7704953156701262
0.7571911794713122,0.07806513168479479,0.7791999563282695
0.7169883775046096,0.09127814688296466,0.7724576217618248
0.7483016337811436,0.0874819113866404,0.7748041143952785
0.779971095030757,0.08146795203498713,0.775041987912685
0.7623190279429389,0.08713865889201826,0.776332352879103
0.784758804280896,0.07843188374929766,0.7703913952394599
0.7243407744537825,0.09103969852956328,0.7734849968913247
0.7419910396483099,0.08588525923139982,0.7748863854819288
0.7410247557954422,0.08277315789234212,0.7749807950952989
0.7329531296388624,0.08691229999445751,0.7720995259116242
0.7393698089306494,0.08096002930779551,0.7799911389229057
0.7980398642439036,0.06947803710087323,0.7807608533093021
0.7868925400155435,0.07932157931196525,0.7742948128248517
0.7106238932195577,0.09246863753996251,0.7729059447280526
0.7674363879562548,0.08382726975310212,0.7738108517685957
0.7752950159896123,0.07205989225057093,0.7794443355184055
0.7289839008720891,0.08622768526227216,0.7727426728457124
0.7302773417400865,0.0882622772781224,0.7728414916677324
0.7227493341336539,0.08840146464769554,0.7726751010740966
0.7788312261675693,0.07535706501305103,0.7844530401706272
0.7229429036742587,0.08836157087579616,0.7726023565055564
0.756197188163941,0.08530986679521801,0.7713669671176202
0.7699252779962517,0.07727711005662706,0.7715314721837028
0.7307964286490233,0.08361396742914967,0.7831364687624234
0.7459815257341142,0.08777820249534381,0.7752805114786476
0.7473035713664439,0.08185702539281392,0.7722011287284779
0.7684394273840178,0.07794313302822818,0.7716123510272301
0.7090792669159466,0.09090362228387985,0.7733060609808801
0.7497983776004309,0.08294451580879679,0.7721610953065055
0.7675093912700576,0.08383065345978082,0.7712401011364353
0.7733938773886136,0.07283506397772221,0.7791013699653401
0.7460843638500502,0.08599367380186701,0.7712678238355962
0.7529869261118426,0.08422370222357554,0.77221161311246
0.7413237968337031,0.0881851834279014,0.7757490823470798
0.7068292434382181,0.0949799778242009,0.7733980145285334
0.7240032952936414,0.0889227993947022,0.7745033766667523
0.7030865317225135,0.09570334786980636,0.7732918241542636
0.7614939898332077,0.0779071947620645,0.7845009377960007
0.7144224894284177,0.09697039243123488,0.776465495533413
0.7281099869629439,0.08910145520712504,0.7727389748004307
0.7597857226683066,0.0826265918716546,0.7742732292466304
0.7933337867230317,0.07142024189654056,0.7781013735628903
0.7230079359766366,0.08910648982584997,0.7724290032675735
0.7259929956816988,0.08699100279229553,0.7727911541395889
0.744099491185842,0.08912178133928296,0.7747705414636703
0.7589994123744864,0.08060642554812847,0.7853745923507756
0.7612941738385546,0.08044776054321207,0.7716293151555821
0.7779850331280672,0.07872971695141792,0.7708378964015493
0.6981777150288448,0.09398186119979782,0.7748486202914522
0.7036834964318632,0.09672655294913036,0.775794280052416
0.7177844765395911,0.08975523301337882,0.774502779129654
0.7257333157218394,0.08783366785615368,0.7725400269018116
0.7409277453924756,0.08740004838045719,0.7746498091496389
0.7830343612224624,0.07446453395803598,0.7740532771750999
0.7788872796022284,0.07974989416933742,0.7709613281564727
0.7741892051165881,0.07555599825928196,0.7819634182026243
0.7481685358636577,0.08783596854262107,0.7759860659900255
0.7374995074119113,0.08933201183516554,0.775486071313628
0.7339667337710524,0.08896809969992586,0.7745816288834757
0.7138038945490212,0.0923123409054108,0.7731981213373853
0.7335103589036712,0.09160212120914689,0.7747648398253586
0.7356795248460156,0.08520431901685498,0.784470238863961
0.757325374633764,0.08512254394119323,0.7749011014185632
0.7292674976784911,0.09309790475831564,0.7767774495973705
0.7714793822172491,0.07187035459283891,0.7795122062626016
0.7865257336087768,0.0716652074694941,0.7784861683287387
0.7474349134262578,0.08770831507951368,0.7759852268124647
0.768966278979184,0.08113649438103547,0.7709425872019491
0.7475103152542194,0.08140184638882003,0.7723632193167252
0.7341359717712798,0.08682172047162072,0.7852110489613602
0.7577257809590537,0.08073568640769804,0.784709634234463
0.7102429859566639,0.0961387595036717,0.7767620023043472
0.7565015760539012,0.07787189279157333,0.7792775566677203
0.764139171991148,0.0774119422228544,0.7819233891791675
0.7347511768982451,0.08715560075610852,0.7719116380935488
0.7547822964105939,0.08430012733127702,0.7748833565472953
0.7957482615944101,0.07867484684119189,0.7707532755643254
0.7500709295370716,0.0827613644859158,0.7732641574409027
0.754450876148394,0.08720293648723193,0.7747567157603553
0.7371044729631266,0.08546828478290866,0.7857230089673055
0.7602500736290625,0.08494100602672439,0.7744442541323834
0.7675402232231957,0.0744936384510921,0.7792624022114683
0.7409265490619171,0.08299824841393272,0.7724331935683794
0.7648849991968163,0.08490871729512425,0.7753567243302331
0.734515442093949,0.08502609890997608,0.7727185593116426
0.7490797058427651,0.08398416829886136,0.7726437979562718
0.7428611112335782,0.08590093414938228,0.7723329107163215
0.7716764325661267,0.08388273172410957,0.7734553011866797
0.7763407524948925,0.07661101423510445,0.7730486132868906
0.7189477993053366,0.08832476968411672,0.7729796966319908
0.7312926194390178,0.08682197937179251,0.7847474158074822
0.7755694159360524,0.07277441306101082,0.7799902043809795
0.730571442286413,0.08792979299359463,0.7728859507498709
0.7295124731477476,0.09635536178104331,0.7756722024924021
0.717062250217259,0.0898163548088904,0.7733060388368864
0.7471873016286656,0.09018226620625937,0.7754295612694722
0.7466477236719274,0.08643852408381222,0.77525649910405
0.7395091327843009,0.08655719813316329,0.7717489975655709
0.7646255505411281,0.0759373559619521,0.7795914618791514
0.7997560870112088,0.07717147950716788,0.7734887893577305
0.7605564824333925,0.08046770224163978,0.7717421076494481
0.7743911403874436,0.07670758825449177,0.7714156597679367
0.743698122462218,0.08402641170802563,0.7720406297906216
0.7244240150849421,0.0893486142949141,0.7755497614575529
0.7231257083341548,0.09356528700789152,0.7753585790049342
0.7380140611977718,0.08037712431286015,0.779949696817794
0.7689151141952328,0.07588235030017951,0.782540849106034
0.7576020286478119,0.08501675390547886,0.7750075124747371
0.7101367635650429,0.09282735687952312,0.7728874115087468
0.7820801680160439,0.07869092776425847,0.7706362505258761
0.7544986444873674,0.08458045613394398,0.77256002421625
0.7611215066142555,0.08044717288767599,0.7721253223424225
0.7582014418742652,0.08736405490859374,0.7739292300367028
0.7689257213541669,0.07892081179830587,0.7718749710326052
0.7236759393507721,0.0892988956172953,0.7723518450495535
0.7462740738185141,0.08607691553945125,0.7753497121738259
0.7346929224744125,0.09047345828498778,0.7751136081796881
0.7579079693884023,0.07740060240936462,0.7792548514859504
0.7374332752313378,0.08985243224504053,0.7765587461387354
0.7594825159790758,0.08401194857070994,0.7745268935965947
0.7507604401311616,0.08147595559030668,0.7828994179734694
0.7554864070675332,0.08000153224786404,0.7720647474704276
0.7705349756019346,0.07803930268075454,0.7851126587690397
0.7582777742377634,0.08328528550023817,0.7743884541446635
0.7393202108685036,0.08403143774009562,0.7752388752603777
0.7358261105589234,0.08795808862525345,0.7726852533559834
0.7230628062812468,0.08445356524528488,0.7804873332884621
0.7696956099498166,0.07859058851793135,0.7718160450571541
0.720780773684956,0.08965593518044386,0.7725569340010987
0.7595487504325741,0.08163087632555112,0.7718034178768197
0.7511147715231898,0.08273634415283612,0.7716700401736459
0.7615770360558306,0.08396121385980483,0.7706218786037944
0.7968350420517594,0.07637545959799241,0.7703949901376936
0.7147930674316343,0.09467447202754711,0.7773996142428319
0.7894778979341426,0.07112714215539015,0.7828771567556914
0.7692695365687072,0.0744798545224621,0.7836381727702286
0.7103435417431119,0.09353662216032814,0.7731833627251998
0.7134145656865115,0.08549912680319426,0.7809691733881421
0.7339042258794949,0.0884103970927195,0.774628414345599
0.7123122401540012,0.09298534281261106,0.7726162352661102
0.755608787141219,0.08166404838203782,0.7746256219414906
0.7452805512105792,0.0865251068433647,0.7750566749944923
0.7411122743428182,0.084402025872956,0.7728838261912435
0.7414801226742098,0.08444157895468653,0.7728593680308338
0.7806310152828778,0.07894646107869688,0.7708058561270549
0.7892221406931346,0.07860265242799719,0.770965943580167
0.7318857957676541,0.08682407771678312,0.7722034843362405
0.75430762104613,0.07848355382316202,0.7832744739907881
0.7434710779348882,0.08863907300250952,0.7729452332588567
0.7240823893049234,0.09088008266100865,0.7719468635860262
0.7381188218262187,0.0863617717594728,0.7721727569816369
0.7530983228806614,0.0793846999590423,0.7813361784885748
0.7707331453049776,0.08207033431374411,0.773025488539307
0.7523630135291423,0.07944519571221326,0.7837596498937415
0.713291788501527,0.09276468814639653,0.7734339156267511
0.7157967569276679,0.08897986369760648,0.7746598783001819
0.7406064395138331,0.08567513200505014,0.771816382541027
0.7715254241434639,0.08215987087458436,0.775284161796053
0.727915619861756,0.09209865579300162,0.7760360767004277
0.7677124719020412,0.07944703214658738,0.7712151913529862
0.7207040350665948,0.0925165532480372,0.7763603915422976
0.7487505637223956,0.08347240592912002,0.7717084612098829
0.8064015010191348,0.06873835618485619,0.7784981393563356
0.7133618258469848,0.08655688031154464,0.7805932820188038
0.7611576775010644,0.07879584779685343,0.7852060938965486
0.7286533006180695,0.08445928067637708,0.7732027853875407
0.7384383719720639,0.08334024302817788,0.7725820013849198
0.7649789251224556,0.08223716338147916,0.7740054679359861
0.7580358216296897,0.08226667240764493,0.7720974357395626
0.7672018892278747,0.07769738813208918,0.7718729725218094
0.7522265088800613,0.08056146881664573,0.7825848464803903
0.7937286834575513,0.07391229764718575,0.7708294196043741
0.7184620686530901,0.09578097106016432,0.7773899685829335
0.7593951681703655,0.07723412525216805,0.7834787810899203
0.7188712210993676,0.08327959961819949,0.780916072748968
0.7314396139189798,0.08121104525555323,0.7830762724160906
0.6970269827118605,0.0965235639005509,0.7754292943654236
0.7203530508258218,0.09379375179261516,0.7763788657697449
0.7237907697562165,0.08919611833625078,0.7727190214950723
0.7535875891752607,0.08354256834843404,0.7720772995052494
0.757028345928642,0.08188791079796516,0.7723343616391994
0.7782169579140618,0.07454304050174536,0.7783413163261413
0.7662334623040533,0.07991019573567504,0.7844297063442531
0.6957937555701246,0.09835937733693643,0.7738324881522123
0.7431751787623683,0.07755996715370225,0.7803695951242865
0.7389856918143372,0.08746385589073442,0.7755556526492376
0.782600938546707,0.07365700931111654,0.7782630496506975
0.748767665304469,0.08276736984713651,0.7732671343597101
0.7307011162040666,0.08781138151174775,0.7720751559457387
0.7098230582042672,0.09317148574169314,0.7729101120625391
0.7768823359219585,0.07897813408712624,0.770645749034632
0.7234126339462473,0.09047416395842846,0.7721923366549182
0.7640795735608377,0.08259030696952246,0.7711704735340418
0.752715230580762,0.08172147178444283,0.7717736894602448
0.7621138486969651,0.07612635613956222,0.7800406495864695
0.7882478817599086,0.07927705952421045,0.7704866381560078
0.7452493057489913,0.08526622934880082,0.771872405127695
0.8005616355573667,0.07811936234862729,0.7747516506276682
0.7503708927890719,0.0776276616421431,0.7796389271055946
0.7764586284607685,0.07259467221415727,0.7801501761516492
0.7259555570862954,0.09056379483690166,0.7718563379479735
0.7099881320941938,0.09043718539620177,0.7737187808514964
0.793519529219802,0.06915773242480802,0.7786318933126436
0.714942928622681,0.09180141571901651,0.7730434986015636
0.7653160917923112,0.07814920277394462,0.781009303204917
0.7263561416495269,0.08653687634886739,0.7728436291676195
0.7229423399031859,0.09075322386109773,0.7775423277832941
0.7285419346196598,0.0859954782815519,0.7867939256933117
0.7399857871201566,0.07889201416134548,0.7801811562449331
0.77645760464444,0.08076743968496045,0.774283263104171
0.7151256253658516,0.09261832061813143,0.7731475920225962
0.7390506205462449,0.0870071032265806,0.7717164167602676
0.7112408068796475,0.09125950763887475,0.772971628312764
0.749927081188667,0.07687175361845434,0.7803935136058822
0.7479940483425019,0.08766512141299695,0.7711905050378337
0.7298436394540572,0.08925976917208663,0.7723276339201356
0.7368581129815929,0.08042934538362691,0.7819742303986685
0.7911615694931567,0.07590457743972454,0.7707476417654269
0.7298543558120959,0.08826001688202076,0.7767586351762671
0.7405902042660274,0.08893359477734968,0.7730359510288306
0.7554567000291607,0.08729138981185919,0.7748181051974373
0.751997516161154,0.08621618634196493,0.7736945330237545
0.7968719375131361,0.07536455970310423,0.770624110321671
0.7469696771070643,0.08554074774077969,0.7717254701861788
0.7911808405735896,0.07921872313217508,0.774261071320115
0.7848063293474157,0.07626282269499024,0.7708826780123714
0.7177505772600205,0.0948623563487916,0.7752074784827424
0.7603235062930149,0.0763023171191476,0.7799933665167574
0.7503140404556111,0.08804307685213841,0.7762699618833911
0.7039512604452386,0.09652453001663751,0.7725907378766167
0.7528237421589438,0.08570462454680579,0.7753511940117584
0.7398288615609517,0.08621869626720009,0.7724707760863077
0.7480963999696182,0.08343063445825134,0.7730977394248602
0.7399412120682813,0.08119493488387959,0.7846442226518079
0.7809630662971095,0.07159010045592679,0.7789668142015855
0.7563143381256974,0.07675043028569846,0.7795701970643506
0.7805371289833832,0.07074239900011055,0.7795880792783629
0.7185060976784654,0.09058428225517973,0.7729387924755413
0.7366350109690697,0.08676702956652817,0.7718562116144859
0.7945277578578295,0.07044333543973669,0.7782679123744418
0.7413679663403905,0.08034132676720122,0.7812891636262633
0.7538770072301607,0.08522876845842685,0.7713810045114771
0.780058178120009,0.07559886495893332,0.7713553499764245
0.759567776041172,0.08283421812624943,0.7733786765319677
0.7948650712628037,0.07832955398470942,0.7744906226986724
0.7457690219028984,0.08359526814411818,0.776107976209496
0.7264235708220801,0.08414326850555738,0.7827956918057185
0.7196599347796366,0.08854084534268587,0.7730629959066058
0.7540907646195818,0.08311115183012853,0.7713145796222443
0.7383851919460549,0.08886311867617673,0.772358421685179
0.7249570281673843,0.08964575549148811,0.776409728397205
0.7591654459466076,0.07832083424069236,0.7836790485662697
0.6982229920173127,0.09858580767349552,0.7774160598782092
0.7297439123761964,0.09345093365080427,0.7749725972102706
0.7265955064057286,0.08448538732915693,0.7819350444488572
0.7418765747734742,0.08297280626901211,0.7723165646954805
0.7239076215774308,0.08825290638385345,0.7748545146119187
0.7490980391316475,0.08437231914552464,0.7714065808289937
0.7654695156421214,0.0758666265116329,0.7789392672173033
0.7632436315390347,0.08166513117128968,0.7709792332498453
0.8003877435028872,0.07858726374286715,0.7744263506711467
0.7418345733742965,0.0878002303424301,0.7751081874471578
0.7422374670105545,0.0861723559913008,0.7760441859720398
0.7515301091448873,0.08099789221083453,0.772028485645325
0.7924098440589328,0.07062563707903552,0.7785149979777997
0.7967724399706805,0.07105420665055588,0.7714077749457743
0.7406940851429312,0.07949634035635858,0.7799514006114541
0.706036227100614,0.09672162920490363,0.7755705062918647
0.7613014376632657,0.077304393005956,0.77891720945595
0.7157915061560652,0.09759510961686935,0.7761790158533023
0.7460913257777975,0.08509668448510505,0.7739943063040866
0.7753801149663369,0.0741440588210207,0.7787181114549269
0.7897529946323755,0.06968494388975376,0.7795527470386001
0.7647305432273263,0.08384866045399152,0.7729822795733038
0.7953271231810296,0.0740397123639082,0.770633657162484
0.7903453927015823,0.07370478160695944,0.7730186508059503
0.7220950114403937,0.08930089827064962,0.7726209566730324
0.7815850340185863,0.07479767398702564,0.7738762601346101
0.7555457393843011,0.08372488083107885,0.7712049609952332
0.7000047985818728,0.10294478452065617,0.7781427893517243
0.7296476824345729,0.08320802731462615,0.7800371563761535
0.7847808227951286,0.07211108033419504,0.7810411721723785
0.7480772280299625,0.08296031704587688,0.771828457733419
0.7264867576312424,0.09047795816208377,0.7737322588773771
0.7719008037733929,0.07938321044374956,0.7708831103291857
0.7397916685286222,0.0820755239362937,0.7730704311006033
0.7683938515692645,0.08066463961005067,0.7735734166127811
0.7013088396976097,0.09553191243801341,0.7736905695720963
0.769341463947243,0.07817918300972784,0.7847650348812489
0.7246654493407279,0.08829304063970371,0.7743728040299406
0.7061202890426905,0.0964672997004512,0.7733689123117133
0.7670633317620986,0.07826085895286794,0.7716091747694255
0.7658345020646442,0.07344905185733987,0.7799286462586453
0.8173753778223424,0.06616128630589144,0.7793921583641342
0.7462533108745312,0.08899929351985911,0.775702317962502
0.7880267697661826,0.07053513693718214,0.7810022401548355
0.7866491572506575,0.0770051723062408,0.771051760126557
0.7661750760156827,0.07487268722420858,0.7824897576929826
0.7539879848432028,0.08311177891376252,0.7724727617051964
0.7475435261192308,0.0871356499252455,0.7720194532873337
0.7106269076055467,0.09137987220644456,0.7730363707392162
0.7541159030501462,0.08580363784559009,0.7750332345559627
0.734521804362056,0.08359089892176583,0.7794846355783773
0.7309966357441096,0.08768812318185147,0.7748409655733868
0.6954602725787543,0.09494799364574914,0.7739183513823743
0.733419716706048,0.08866292134160245,0.7724377831029281
0.760394911464941,0.0814836336263467,0.7716648983328069
0.7695078157142093,0.07799813258592814,0.7719401436524835
0.7070795325344426,0.09327657044922105,0.7728845935570449
0.76048710349572,0.08329224035042868,0.7744468282162768
0.7173192756209005,0.09240230690759386,0.7722078547885631
0.7397667346532639,0.08802689936342543,0.7718065375597603
0.7412824402171793,0.07991957765077698,0.7806418085722752
0.7103291156433729,0.0979239920603293,0.7771482955912009
0.747073854499579,0.0880040515398089,0.77615597438491
0.7327460115209012,0.08835734543345351,0.7722414136182023
0.7154534240638926,0.09275774813071863,0.7732528720310442
0.7649528458870599,0.0775658363745479,0.7719208370451107
0.744850154626623,0.0859574422480048,0.7718486163842988
0.724084337610714,0.09115392760510077,0.7727301740777619
0.7190194201405363,0.09014648287878582,0.7725474003432585
0.7001099951874308,0.09495257531226069,0.7731484412655548
0.7565738402551777,0.08443066759175406,0.7708971602273351
0.7720499552206547,0.07775320129138778,0.7714544143601763
0.8155810501895091,0.06921575532975793,0.780700039290248
0.7579995678373904,0.08058926091094824,0.7717804882525051
0.7560220582941407,0.08466712589395696,0.7756764956354305
0.721251855527944,0.09124739805916456,0.772131439121967
0.7957384018068523,0.07329475710512172,0.7707141640301187
0.7495195665343363,0.0841395339800359,0.7740399506541532
0.7132794153798501,0.0963503254536589,0.7765138743947725
0.7350846324166407,0.08057483586300887,0.781175795400926
0.7790875997738612,0.0801456998327584,0.7731692726930653
0.7720461714305983,0.07917169064518972,0.7846403583463334
0.7858919814841139,0.08140662898616721,0.7749584210437103
0.7430016899148917,0.07937851787321859,0.780707284120621
0.7560842043278002,0.08562887048348795,0.7741221971649664
0.7161010076209552,0.09660860653105395,0.7759984553784685
0.7057126913413062,0.09658263617265095,0.7758798390498046
0.7652347216967119,0.07962536741788341,0.7714057846607163
0.7606543841126007,0.07738652105411002,0.7789173324758834
0.7420598995655505,0.08694557282301175,0.7738418149596187
0.7509674235039127,0.08506253970599664,0.7715167508441066
0.7699550563811752,0.07628222063910826,0.7787093611183579
0.7488438153098778,0.08669809587575805,0.7728288860249609
0.7612994664964131,0.07883749176815448,0.7853985142437383
0.6963928741254756,0.09356430282827327,0.7739497039146155
0.7691907922896888,0.08080995824696925,0.7707907875664155
0.7228885068867777,0.08462214695789787,0.780258027576056
0.7262311505504752,0.09337472332200701,0.7743251255525866
0.7588588817251015,0.08039664828606438,0.7718046408549181
0.7393293769807768,0.0846088535981697,0.772192445140893
0.7166349226029953,0.09123578821433222,0.7726687111290594
0.7370252696596377,0.08839400602883381,0.7756006161193786
0.7299699993281331,0.08734130783147746,0.7724429053383206
0.743311489854311,0.08481906064819852,0.7733027496999638
0.7646504058577597,0.0799001206471299,0.7713816058511505
0.7451863280249635,0.08801488815101746,0.7744674192905868
0.7480508232953552,0.08410613598666074,0.7727395950657977
0.7457389759917975,0.08672263851892374,0.7717391995407835
0.7389909468599362,0.08334031732226962,0.7724905571483598
0.7444425840847637,0.07780029239324056,0.7802734380001876
0.7443638243888504,0.08795716247351343,0.775624615627162
0.7189370322996579,0.08850996473387245,0.7730398592727036
0.7574493949092749,0.08286720207472727,0.7712198318324489
0.7252420408090916,0.08877223295413943,0.7729503774453488
0.7600753683502861,0.08713225730612825,0.7755983919566436
0.7396645067012161,0.08481035556585415,0.7720809008142192
0.7614042070637633,0.0821082824157881,0.7711859502589993
0.7876030892241568,0.07951943957528307,0.7745847881284631
0.7835546103943902,0.07774099296378813,0.7705668941391558
0.7395906360207726,0.08704556688997062,0.772968809545487
0.7375067940349077,0.08573519874532219,0.7853801293132047
0.7415703919374528,0.0831447100963054,0.7835705866549636
0.7558613174353721,0.07708442150345336,0.7800377101141612
0.7375375871800924,0.08613113547198496,0.7719070830007304
0.7205115593045538,0.08850059760060983,0.7727907896599163
0.7591662334137607,0.07495474167042078,0.7802754075242938
0.7763245255945352,0.07957160586355959,0.7728180455366535
0.7160172236577665,0.0882775702483293,0.7732382658083311
0.7414953024016456,0.08923964560462658,0.7743231680151748
0.7237288188116306,0.08848961477713768,0.774515667902069
0.7474715726969783,0.0850100115431392,0.771454722145535
0.748037354409776,0.0862419686849857,0.7711523594882345
0.7727066391849235,0.07759955834712369,0.7712461815514411
0.7223051358194499,0.09725980586649853,0.7767559963336218
0.7645368659468949,0.08164088838202198,0.7709754244345364
0.7314192129153161,0.08786828457996511,0.772208455778911
0.779158228477957,0.08303860008681252,0.7757494836076223
0.7263570167448635,0.08815680034546036,0.7744895632371462
0.7631262740620708,0.08530761709664074,0.7756922988743348
0.748863306087127,0.08169423802587968,0.7809101101387236
0.7328558076327238,0.09047068504993003,0.7753447446899773
0.7477437183940339,0.08339067831219849,0.7847010963587149
0.74724463963126,0.07906632626628834,0.7728501327912618
0.7296577865549956,0.08516078871944634,0.7865207425855344
0.7442778813784707,0.0859974199676816,0.7714398379872281
0.7564825884374624,0.07818899803284975,0.7793788081784144
0.7714814090246049,0.08105491467833945,0.7710427483754563
0.7312693381588197,0.09201223745380992,0.7762366794091845
0.7872570033735774,0.07248429425056457,0.7822568996176471
0.7427812261007295,0.0872120036190113,0.7721751343850265
0.7230771601849445,0.0897952600250739,0.7727554205232966
0.7739063350673334,0.08334617452393644,0.7756536255318408
0.7193520339732661,0.09158036903251968,0.773079904220345
0.716249490330978,0.09350620374653075,0.77479040969196
0.7214465304975402,0.08812779571944163,0.7729340299457091
0.7565625430935652,0.08371283986540214,0.7752894281687291
0.7767019546094549,0.08222009739421703,0.7748669787808007
0.7041061688018218,0.09808801326366841,0.7771712191465685
0.7668443165317419,0.08098199102977835,0.7737608205483133
0.7708340645227518,0.08284511636214778,0.7733338900265123
0.7511860237472949,0.08342635943100966,0.771493163585838
0.7753135354093433,0.080963605518326,0.7735934906953278
0.7516273675784222,0.08185752207697573,0.7839503440835679
0.79567785832374,0.07083281229168187,0.7833266268525262
0.7398772934687226,0.08416184134186959,0.7846908810524961
0.7129766973564966,0.09205516108326597,0.7729522904276649
0.7519015823556314,0.07837202423869657,0.7803088989734404
0.7195601663503629,0.08845574506298598,0.7729911244713875
0.7681690703135032,0.08414809267309196,0.7757381524113874
0.728831875059519,0.0905952313767096,0.7737146235957179
0.7521449454653869,0.07839546293651503,0.7794407675125188
0.7643322999470914,0.08186939059293563,0.7712733446772331
0.7459531973568834,0.08020762432491384,0.7857316138575116
0.7687757192630533,0.08267877459552914,0.7735387148460696
0.7137647992133344,0.08715127710783725,0.7807448279995817
0.756630321967458,0.08239264134094813,0.7714320198634742
0.7476991666436439,0.08070700396400168,0.7740605367281104
0.7278592705479927,0.09198426927002121,0.7723897216739187
0.7420225895008414,0.08473530064682332,0.7719375996717462
0.7277216032574345,0.08765669681715894,0.7724913925609065
0.7801920378928868,0.07863941076016283,0.7709487455253237
0.6969646931918935,0.09553540573852698,0.7758407797832737
0.7031230741574367,0.09630503111065478,0.7773548480172284
0.7898891038360507,0.07240111252620454,0.7822256217566759
0.7487620004099179,0.0788196183245504,0.7796052787116405
0.7495791695712648,0.08864162870961648,0.7749892148527104
0.7693168345909231,0.08042267152440982,0.7708228930743098
0.7276014624343473,0.09075418349967894,0.7763659049646899
0.7314844921116438,0.0915771200576687,0.774667515243785
0.715439210036236,0.09266603295622629,0.7840342109079551
0.7043304401822812,0.09869643618706049,0.776308907056969
0.7330555860720162,0.08861881871239821,0.7721582126596367
0.6956787794817604,0.09694145280603786,0.7732290671586037
0.7527337226481277,0.08196839257917912,0.7716929926648644
0.745257311898503,0.0865981148242308,0.7727113381293955
0.7309353547171732,0.0880347233106998,0.7738486068073502
0.7449381244792241,0.0866636937452999,0.7714423243772488
0.7137380333186174,0.09047829719620198,0.7729678484318572
0.7384277730867892,0.07808937184587277,0.7805562628270849
0.7937828673513699,0.07832026250152987,0.772731002188235
0.7626588624886785,0.08545783489283658,0.7742726111672943
0.7416702213250347,0.08638079199385694,0.7718166100868239
0.7545913232647593,0.08214780158435551,0.7851951953480762
0.7494853984432579,0.08820888820630135,0.7759163540035707
0.7262063117215479,0.08567874430913626,0.7815454878518562
0.7867228092675871,0.07121934356660786,0.7785934131467764
0.755752138288839,0.08471756175331707,0.7762510558901188
0.73694046399942,0.07920933854394378,0.7806024215906109
0.7499446093100589,0.08186338175206553,0.7827525657149602
0.7310002205004844,0.08923854293590658,0.775174022476015
0.7813183582960417,0.07654118894064606,0.7710597239088142
0.734374438584358,0.08103880730380515,0.780230446137534
0.7852922900439714,0.07234856178582229,0.7810088405461668
0.7214481706108685,0.0897494439655203,0.7724240171393274
0.7391774337818203,0.08192632051998394,0.7729103585734588
0.7164415277976953,0.09665662680442871,0.7766637018374222
0.7585954747935265,0.08417237211326982,0.7760696739651032
0.7813142270440215,0.07215186918283735,0.7787016337536128
0.7310757609491625,0.09233554530932711,0.7763137862705082
0.8029784711079798,0.07241472556599081,0.78339970843401
0.7158790898193573,0.09443852143528769,0.7750444448551671
0.7577222609973144,0.08395245402034929,0.7732770354392613
0.7863011752209416,0.07691354442503544,0.7705245074600969
0.7293994597417011,0.08808689474904807,0.7721353802979426
0.7731267962047517,0.07371234474909326,0.779402424016305
0.7480614898629472,0.08687972907285067,0.7759641252606834
0.7022959993839091,0.10215371117054323,0.7772955996018992
0.7535065626829667,0.08486005823330059,0.7716062953613465
0.7430494186024169,0.09126429619480834,0.7737630290703776
0.7942840808991518,0.07170481991522287,0.7841454079485844
0.7535123175796832,0.07962908729173439,0.7722377628760334
0.7413107529751138,0.0858641688715909,0.7717769485262453
0.7354899178833222,0.08182153421463763,0.7801481736866281
0.7625155744820217,0.08356398588874124,0.7757375101267825
0.7293018627785456,0.08815388681647915,0.7749688131186253
0.7848994487752927,0.0768272265267878,0.7730701440420054
0.7570066420508412,0.08128304083169999,0.7724851153985413
0.7915849526648258,0.07161905583010168,0.7787777413895717
0.7654281803304218,0.08399307728475398,0.7748271085873345
0.7787552682494067,0.07782024830680549,0.7707784807089675
0.7450416097420989,0.08460559366741198,0.7733182164528897
0.6993313055348299,0.10149485912683442,0.7771958775555802
0.7799532958707773,0.07854015572109947,0.7728397126385589
0.7943166644611309,0.0773675273729151,0.7744692964054327
0.7774272434501983,0.07468298950935304,0.7793989902478458
0.7693197486371832,0.0829247397160991,0.7737218664850184
0.7426935600390178,0.08603571312958178,0.772310020822172
0.7642773291280683,0.07942949587326084,0.771476514718257
0.6994265735189654,0.09716373007178818,0.7736012520426947
0.7842145958121713,0.07169932982320537,0.7819186883995818
0.7353019523324741,0.0877176866994415,0.7734484936564121
0.7193183142490976,0.08998113814514,0.777078697292714
0.7472416874105009,0.08161222349914198,0.772221217016972
0.7281261628661265,0.08764122187158968,0.7727875502123688
0.7211014097696186,0.09355164276397797,0.7759376683327366
0.7743303040201586,0.07879592763323028,0.770923828418047
0.7420242750394418,0.08829027180638167,0.7757845091335306
0.7632663098143685,0.08029440873822798,0.7842179288763002
0.7854999096120291,0.0731557327157137,0.7845734675795724
0.7610052086160731,0.08442564923724039,0.7757410874630313
0.7348577004056088,0.083483744833833,0.7830590585771549
0.7021189406166154,0.0966994852180405,0.7732821307689433
0.7453513623326955,0.08724586594739907,0.7753148653485098
0.7481251103846533,0.0845345454309582,0.771440338136337
0.7376020219766681,0.08114394366530352,0.7816158621423229
0.7422941781743472,0.0870368936734689,0.7715089905372056
0.7363140243068972,0.08166541441572385,0.7835524640708137
0.7773930162661993,0.07933096556524714,0.7705910800355533
0.7811105742772975,0.08015838880125964,0.7753251945386507
0.7259718261816399,0.09321815044721317,0.7754369828169221
0.8064386354214511,0.06880092251544578,0.7783382211372963
0.767192064333795,0.07815403510064324,0.7844630864260231
0.7740843636355578,0.08063117585493836,0.7740507322068615
0.7338495688681902,0.08776453957698978,0.7745753369657481
0.7547338207429742,0.07938175531318944,0.7830122001527887
0.7560503176358657,0.07767614071825228,0.7792960641774025
0.7809743417522226,0.07219978410301443,0.7788155189522505
0.7519456380989977,0.08856129667895292,0.7753691378264209
0.7538098034491544,0.08889196120312608,0.7759777841882357
0.7288154614023374,0.0891467874992182,0.7747833484156488
0.7444721358131542,0.08890357669269834,0.7738081988883303
0.7281567197226968,0.08716149929040413,0.7728492690478007
0.7404885055330467,0.08499352554903816,0.7719450441943919
0.7572679151114928,0.08171032674972337,0.7743322698599981
0.7561499702772897,0.08905347260789097,0.7754348652444143
0.8019473631265224,0.06767867039146248,0.7784557653440376
0.8171147613039976,0.06584830220937986,0.7780359940154338
0.774331136495913,0.08014641523257787,0.7754329005580768
0.7324379289860338,0.09287893780952027,0.7746929370156626
0.7114436924358838,0.09177967594950155,0.7744634456021124
0.7388628129501261,0.08202401246684089,0.7797934781090314
0.7809560098784932,0.07518206498791417,0.7713511115707996
0.7947576749333036,0.06874406910191654,0.7787594135656863
0.6981651232655588,0.09890165902102893,0.7726950742120574
0.7152195432166195,0.08924859658566164,0.7731247234432514
0.7440553570329038,0.09122658648947292,0.7762614657146395
0.7442913336892664,0.08629735473576404,0.7716632427694882
0.7656540271823095,0.07967664052316134,0.771345137009324
0.7897149010986114,0.07455377281549411,0.7710555758264789
0.7410779234661721,0.08641831917735183,0.7716436737873221
0.7586579756690607,0.08653659682732455,0.7740498554136197
0.7476714861419484,0.08984396308431292,0.7756097199151057
0.7601838787811864,0.08463512593998454,0.7754951883652939
0.7181772888014172,0.09234809659216094,0.7721441479628597
0.7106665193854749,0.09001292728765176,0.7733087044070812
0.7644062132871663,0.08187623994269509,0.7711207749895359
0.7137691754608914,0.09641880690486071,0.776449148351189
0.7411504481155007,0.08904590875146078,0.7749026576899752
0.7458562753504758,0.08862428166488573,0.7745289712587912
0.7302010500774648,0.09130779995750327,0.7764654836737487
0.768721252008198,0.07504550412501977,0.7793061166001427
0.7944284270908105,0.07074187772811455,0.781582988380943
0.7401830965334197,0.08571214483153244,0.7732927936738513
0.7123665678313214,0.0900071590481375,0.7732258315865927
0.7453564541987654,0.0908065467241073,0.7756993775396616
0.6969564850225676,0.09968789691603404,0.77496847088851
0.789148975248181,0.08171729036621106,0.77433982274237
0.7690582975848199,0.0794557838717618,0.77208281890543
0.7318042558477652,0.08918898181627695,0.772216785600444
0.7970746933014022,0.07440092197374505,0.7704691298157865
0.7626432967319943,0.07721204100804452,0.7794050820491435
0.748303779975846,0.08380845967939783,0.7759447787993428
0.6982638204091903,0.098762912165888,0.7770343694550319
0.7300157115702242,0.09103421548758835,0.7762635481762087
0.7610559157672765,0.08673250555474267,0.7738522450296936
0.791208814071574,0.07629578236550774,0.7709306350784113
0.7297614415784474,0.08884292538661001,0.7719956772447158
0.748092187420261,0.08211932465937355,0.7721393359728129
0.7140522983402058,0.09251398442307261,0.7742240953625495
0.7210335747717503,0.09490079666602227,0.7763853071424437
0.7519895992314614,0.08206201154559266,0.7717604506994346
0.7417056876609671,0.0895504344575276,0.773951145033949
0.7334709442574157,0.08870972272544614,0.7763502949122946
0.7284087505188467,0.08957494460634846,0.774681705511831
0.8168745308372707,0.06491745653205552,0.7782446977868546
0.7577204742036464,0.08624627289514213,0.7756909558275391
0.7828438069466022,0.07115436975128923,0.7788709297951647
0.7783803794038285,0.08239944191338237,0.7738251148258398
0.77299511971076,0.08259431466470421,0.7722631353984604
0.7199854539216995,0.09465256780007705,0.7763205805745109
0.7275649096497425,0.09389289811498394,0.7758569504328774
0.7417312386348088,0.08774888023406358,0.7712169944027935
0.7201215356367209,0.08778452465303418,0.7747000741189369
0.7952717987902661,0.07424904755957304,0.7808028830564532
0.7457269404191504,0.08575430848367875,0.7713497900599915
0.7124225821310054,0.09325252011675347,0.7725015093660536
0.7701895654710462,0.08265395839374005,0.7751924634442423
0.7064311327040722,0.09884241649875569,0.7765360239066547
0.7147220425890938,0.08805895365472911,0.7826538493085924
0.7531701043759961,0.08302171217122865,0.7714614387369052
0.7246375734202026,0.08900790668804917,0.7729152348519955
0.774072364842271,0.07435613445220489,0.7788783972434076
0.7552996252387173,0.08219368054591912,0.7714647659825198
0.7778785369984027,0.07248433442592402,0.7810624638942439
0.7361039853397072,0.08659628750556188,0.7739625559135879
0.7260251496574402,0.08477498330238313,0.785920725498964
0.7360958973211589,0.08642724494988648,0.7729902264405784
0.7835820509077367,0.07651447485258794,0.7708365526611547
0.7712691521942997,0.08093316165159134,0.7711376339156725
0.7297556558882616,0.09103600391536712,0.7743503796430288
0.7647404156485024,0.0793650171994357,0.7833786789327679
0.7316132959515291,0.08807549528554486,0.7730355533787273
0.768323914063578,0.0756045466739252,0.7787533293795454
0.7239209134329316,0.08910672205385917,0.7756929530967772
0.7649963944127802,0.07972266180292556,0.7713403564949431
0.7174177219378821,0.09339531234808027,0.7730130626854199
0.7391478642648183,0.08712374504263638,0.7726727963244306
0.7016837262284042,0.09498667388096022,0.7735722553180631
0.7452530786437546,0.08351167511717514,0.7718975762674402
0.7969398785665879,0.07402931830088896,0.7704863714969128
0.7517989606204467,0.08560975683114931,0.7716590621775964
0.7716370214373734,0.07201950295197249,0.7800128601230948
0.7408822544609774,0.08690975008027918,0.7729093068294478
0.76401449216762,0.07501853160599938,0.7794679633651562
0.7180815417551651,0.09384276966385047,0.7764958942800549
0.7403206601776356,0.08707192867039033,0.7716411808522309
0.730207016101341,0.08161313507398314,0.7840259819664327
0.7535193545250151,0.07811532593257121,0.7798056498091296
0.7422903760886849,0.07963045246477944,0.7807775110341998
0.7595536322262881,0.08210577198427067,0.7722222329681667
0.7776811097791885,0.08033579792206196,0.7734861309415076
0.7523493624380845,0.0855063540840766,0.7760608077427776
0.7397910989732187,0.0851600226604849,0.7720216322076365
0.7592253948277279,0.08249174460805894,0.7745692798699191
0.7161035280094934,0.09416798690292019,0.7720410555641858
0.7410681123149662,0.08916186271066326,0.7752992241918465
0.722282699762595,0.09113866966750131,0.7744374257081598
0.6956356630775872,0.09395347135305049,0.7738698934305157
0.7314457307873928,0.0826806233762292,0.7806348909110616
0.7551744038653951,0.07788837681824329,0.7791832093468531
0.7287627842779664,0.0911129858134881,0.775849036932769
0.7490404915360881,0.07718272629475909,0.7807324790405556
0.7399032565803172,0.08880208231122216,0.7757276662747435
0.7204308877234642,0.09345331210951847,0.7775996279354839
0.7378716257087523,0.08675459824191006,0.7725433016618459
0.7623546915975646,0.08039372781132378,0.7714004337721921
0.7335962383665322,0.08631048636166504,0.7722450732076811
0.741824000744214,0.08265509147536966,0.773258627197019
0.7383339516417126,0.08713523657261248,0.7744536344523819
0.7318433574976506,0.0903955931124447,0.7736725910812338
0.7466919210231423,0.0890101397705506,0.7758358318746852
0.7350082814710578,0.08835365217587696,0.7726421907089714
0.7115261310804865,0.09390972665394301,0.7759447132014855
0.7798879977736355,0.08077372317067852,0.770629825613117
0.7394475123640141,0.089830390153095,0.7714693392146456
0.7760079307660901,0.08090887482909428,0.7750717102638948
0.774565865400491,0.0785012643644126,0.7719280275777608
0.7370755389466771,0.07873137431252955,0.7805805537376838
0.7969970114118765,0.07607294214831258,0.7709427278863792
0.7349550179815665,0.08836699154538137,0.7755916128591199
0.724271473811935,0.09227662778666879,0.7737744344993898
0.7838272869422478,0.07282451997876739,0.771666984918588
0.7679100093299186,0.08180046111612763,0.7723686145603583
0.7455685628138948,0.08345989009119675,0.7719077287503697
0.7653079505374779,0.07864980348351541,0.7839875549620103
0.7524243998511638,0.07561004533405338,0.7803577218247271
0.8078204918459094,0.06947911437227838,0.7803292301912509
0.7510554056316165,0.08549385041000339,0.7712234004346904
0.7652315855267393,0.08183665297652584,0.7711883590399486
0.7378389214405457,0.08751118047606662,0.7724763236344805
0.7548742186468168,0.08543428681392834,0.7717506305139343
0.7075166577562025,0.09245602210682259,0.7735523448630558
0.7198431863339902,0.09153232950331895,0.7750440557339103
0.74759168887199,0.08208316123914233,0.7720726176680975
0.7267113602671965,0.09026479050542308,0.7749124442403962
0.7504560932233679,0.08726202827211282,0.7751395796592211
0.7143320652701964,0.08812923425332352,0.7833777413552174
0.7741307381744831,0.0787701731444643,0.77510509048673
0.714023633238086,0.08663255822737029,0.7813740440051081
0.7955034169714839,0.0784327091107107,0.7752895204724395
0.7863032896945029,0.07357201713957667,0.7786912576429563
0.769456027119581,0.0784306907230171,0.7713288893244835
0.7207609709623694,0.09322338916444645,0.7759048555990568
0.7537713536740649,0.08430052214375755,0.7765295478136566
0.7167394769281938,0.08951479431589207,0.7738248532280683
0.6992017760228025,0.10380477498580677,0.7777716491420185
0.7424169152648535,0.08806819127929397,0.774414929400466
0.7143362219297307,0.09110095167737958,0.7731351529482637
0.7510578472054604,0.08727912279475007,0.7755761583534277
0.7579500648234121,0.0828176243782841,0.771478705272105
0.7586932736260701,0.08199257562647216,0.7712299994121392
0.7414120558099694,0.08963927877259449,0.7756274242547584
0.7074931621314524,0.10023930744948176,0.7755089102785112
0.7546357837572,0.08527766173863784,0.7752307125303742
0.7497388271273004,0.08107113326255681,0.7721795738287608
0.758134049550462,0.0751176139585648,0.7797753931272493
0.7450110398983989,0.08254766605550698,0.7721929600859228
0.7134509887512509,0.09461023278279752,0.7770557577217146
0.7764173955089071,0.07979327235776014,0.770482945473865
0.7349343105367879,0.08765399123774795,0.7719341203253812
0.698870372452199,0.09860784716580488,0.7775611404067582
0.7837374597923713,0.073462754683186,0.783557055073726
0.7128969715131606,0.09713951779152276,0.7772403809777457
0.7248949157881965,0.09007713398343728,0.7721582368426416
0.7656294959130536,0.0812718232326248,0.7718780253942699
0.7127771542732744,0.09363805354898251,0.7733922624919136
0.7642158218806222,0.0825903005767839,0.7754233247730123
0.7421658198168698,0.08465322977218218,0.7719280233689453
0.745394971497655,0.08230918427021656,0.7724842758658985
0.7568155864598051,0.08414034476973058,0.7745024637137489
0.7603880814056917,0.0838580253076867,0.7723355213615717
0.7767786760896278,0.07452090845993853,0.7860868256825186
0.7545046805306951,0.08223784230431658,0.7715144142087629
0.7257113589618928,0.08854891320007396,0.772865940156361
0.7381280181463439,0.08612117659778483,0.7745168238857373
0.7764263695461656,0.07286683628335394,0.7788847300106222
0.7640299454036386,0.08074840201946758,0.7718103328197861
0.7616969461965659,0.08017787044458888,0.7715265383110141
0.7776272031076314,0.0812669744289833,0.7741938571634037
0.7364492339653774,0.08552288681129164,0.7750821605518183
0.747711373261996,0.08573920535119692,0.7761428422519361
0.745658889109663,0.08657750038149956,0.7717823582595784
0.7969083934866882,0.07565636175984061,0.7706403318883661
0.7460970943978459,0.08757511563093702,0.7758347940137709
0.7408911273591355,0.0808005278731914,0.772935431707795
0.7569499590074511,0.08165941983892697,0.7714402093869457
0.7554279138166231,0.08839306600880964,0.7745912741857685
0.7753995407215565,0.08027773372646245,0.7726449525199548
0.7621382275396169,0.08173230809004874,0.771039923728728
0.7619340729029163,0.08330259532346293,0.7747680652745212
0.7877634244885635,0.07137869933425062,0.7786754905245867
0.7686996543119349,0.07556939248851427,0.7796685150999403
0.7165334551263455,0.0888508936386971,0.7731912228218434
0.7364813697241696,0.08595787008194263,0.7721784228428044
0.7857777644819119,0.07752775385711198,0.7721420358473433
0.7065053376660136,0.09562099046458787,0.7733538067175271
0.6961451280631025,0.09433342219685885,0.7746127204884391
0.7565007569622778,0.08215023662673232,0.7714607863723679
0.7753523935073464,0.07467143317770768,0.7784730982566829
0.7397243275901306,0.08781405442156469,0.775686768085575
0.7615334673829062,0.08085126423137388,0.7718254759823129
0.7782310139280589,0.07874085528878501,0.770590469286786
0.7462073261979143,0.07738640102136433,0.7800985574931099
0.7302063921323084,0.08568234566197169,0.7729249848987829
0.7799264747949893,0.0791772504216792,0.7735140543008939
0.8141710962704622,0.07137724792267292,0.7821609091469647
0.748323505493705,0.08196299202631188,0.7721088125308166
0.7374080746012885,0.088197114983069,0.7725810144398214
0.7629453002091543,0.08343508440988963,0.7754929553998114
0.7531182304695798,0.08981998640684025,0.7747774970319484
0.7328671839462781,0.08487550567935581,0.7727840682973951
0.7693760586747743,0.07780349377099312,0.7714916802485593
0.7395468090605558,0.08940250171060882,0.7729460797423212
0.7577452773921598,0.08106884036633329,0.7722705002679816
0.7607137902451051,0.07994684577118777,0.7715580885938941
0.7934377760900718,0.0739597078722807,0.7844508611547125
0.7757523564928293,0.07614518202666844,0.7713871119671749
0.7057229408865291,0.09359758921873827,0.7738588913291271
0.7902822301998339,0.07647550289020047,0.773568181785166
0.7168046223502776,0.09607064089209527,0.7764538170749864
0.7464645047916169,0.08833035066089519,0.7758832042957481
0.7287484854597148,0.08680556959575038,0.772721284298213
0.7609362693235601,0.07641433352074474,0.7810666813861956
0.7469474110005839,0.08282618918355002,0.77356106515098
0.7381475137430964,0.08237871919566368,0.7727727370749413
0.7445084665464771,0.085341135650629,0.7767648978801306
0.7119398620611411,0.09654701887484562,0.7770785331020035
0.7589880955850311,0.08276981991258932,0.7721203136876518
0.7381457429269658,0.08963687990852967,0.7741640126913102
0.74025013052619,0.0835890048371299,0.7732860865958128
0.7447920322632184,0.08410237068212216,0.7720557590231268
0.7838341907324557,0.0710408658903227,0.7789258184136237
0.7621502934135489,0.07564432581519487,0.7793973256119303
0.7117192912114857,0.09007788712448443,0.7734703879753142
0.7534528189834392,0.08410112342336387,0.7837201866180238
0.7550002930483953,0.081460376648828,0.7722088267281487
0.7281907369469589,0.08800490750008902,0.7723083980834666
0.7441054439425322,0.08424991526214759,0.7718270333772413
0.8146559088872027,0.06857076999915622,0.7773877768567817
0.7390832233411382,0.0851522915596518,0.7848012561760744
0.7451397228435509,0.07746909498213464,0.7801122079348162
0.7230350735474887,0.08650596179274708,0.7730675180772543
0.7380550699501025,0.0872375646086813,0.7737947946367101
0.7748621733507784,0.0817477385107925,0.7751948530383007
0.7489086165977681,0.07684888519847781,0.7818176138513742
0.8194598600933953,0.06923053141747006,0.7821876467650549
0.706327031136445,0.0948257947357625,0.7732456837968927
0.7653357275046131,0.08124266432380606,0.7717934240349715
0.7276516673863908,0.08600172173205618,0.7728723831489824
0.7429320259876295,0.07875299924451609,0.7799656819799582
0.745600229288007,0.08462737397407467,0.7716777411997383
0.792129734765917,0.0748959098308355,0.7733427852049783
0.7547375781913448,0.08327030604901532,0.7712295962570278
0.7675635528281035,0.07424636456089032,0.7791791489369236
0.7095177190411464,0.09100247840085726,0.7733177849134121
0.7005831196842043,0.09448330429596773,0.7740787676965041
0.7454459190170292,0.0849142690902446,0.771644630874249
0.7364275953996083,0.09122950569952702,0.7752942324765699
0.7159704131757203,0.08907791879918538,0.7730665831942762
0.7966161076605989,0.07051525857955293,0.7714634750440287
0.7400302711155565,0.08557150112913237,0.7729284390310599
0.7991565745696004,0.07524828400626003,0.7734576575601133
0.7536554227611638,0.08307161913913184,0.7727594823305017
0.7848815931184291,0.07643715155298057,0.7736342700509097
0.7890815476307317,0.06973166807047533,0.7789630827355248
0.7490375117381642,0.0858689042017554,0.774613879787233
0.7576822325589513,0.08432165036020442,0.7713958473270033
0.7655881707700938,0.07853668981515023,0.7715854632323277
0.7612013474787901,0.08204903639735472,0.7724202252070277
0.7898461256015603,0.07696901129967484,0.7706223785307212
0.7391557282597444,0.08435313939945367,0.7722499243096558
0.7412779982133338,0.08645529027481788,0.7721531435366474
0.7281833849053223,0.08220418430865184,0.7805846757799924
0.7634605291588991,0.07293429017173043,0.7807308182031167
0.7253054837834257,0.08960083056087233,0.7723368616573096
0.7020231009535622,0.0924443491892431,0.7736739074211907
0.7733395070960458,0.0800930134230042,0.7727471000890396
0.7502540904873329,0.08374078240955281,0.7718073055647557
0.7617686008274482,0.08115051982769386,0.7723827640763593
0.7972031077660746,0.07326839773146451,0.771333330048779
0.7653035031270919,0.0808713525232798,0.7710105201430034
0.7727946225473569,0.07181863631282802,0.7797173192576697
0.739289328409294,0.0798339294208746,0.7800573371956395
0.7568649322245421,0.0794582562408793,0.7828531819846384
0.7510339824765562,0.08112390237452384,0.7720155482200982
0.7751363453592218,0.07482071128234977,0.7816524066434071
0.7273383419324121,0.0847121225351027,0.784877399063258
0.7358120549139568,0.0873581712299985,0.7719639700643921
0.7490388572602367,0.08302982807859133,0.7724854042002391
0.7140844770233362,0.0960717643920667,0.7770484809762256
0.7583257722780495,0.08187251428828383,0.7841820576379526
0.7315344699460865,0.08755974047919148,0.773096884439612
0.6958115971944976,0.096283129577051,0.7732925931895531
0.7578173232546304,0.0829445849893645,0.7714324539139036
0.7608646361267983,0.07792363265311822,0.7843586748417017
0.7532603119092518,0.08255652737364921,0.7715592800649783
0.7110586459298859,0.09617089634015927,0.7768494501309344
0.77449473926016,0.08017926457750767,0.7707191716014158
0.7722964439195785,0.08022254021481152,0.7716546969080837
0.7971572355250419,0.0752612836270558,0.7702518478416116
0.7968751058217244,0.07538931126945009,0.770628231383121
0.7704615012137863,0.08110151607601482,0.7706392075017509
0.7552377656489214,0.07990737661514098,0.7803794224014602
0.7861370802537762,0.07587255525151557,0.7743480015533515
0.7814134328729923,0.08007138299148676,0.7729104062492997
0.7690732643101563,0.07996453831203175,0.7713955204855758
0.7357166236018259,0.08350625894927967,0.7800254052586804
0.7364806578432076,0.09252396663681553,0.7756788832473975
0.7339186949461934,0.09068480171778985,0.7754374464334062
0.7872337694384888,0.07441578233995816,0.771196959626053
0.7593677207662052,0.07960894400875385,0.7717449283365103
0.75594978200516,0.08414966670744212,0.7715201959349279
0.7798150275434657,0.08222319393790348,0.7743206967595068
0.7567916605803264,0.08372184244785254,0.7748143776461297
0.7642828732392205,0.08073551390570512,0.7741239861114048
0.7652504397894363,0.07817580786136709,0.7716680087565436
0.808804778494733,0.0666434957927807,0.7782846178942248
0.7687081123124114,0.08400820287515666,0.7734805334528843
0.7323049270220786,0.08769787793030136,0.7720164862779726
0.7238915164886627,0.09023467793750106,0.7735542750397731
0.7186702907872159,0.08977427326104072,0.7726533693331377
0.7428342507844301,0.08961729528046171,0.775128537150868
0.7335418581092334,0.08751757830975193,0.771987407688931
0.7589155091128021,0.07623031463461481,0.7819140202928404
0.7733518222264688,0.07431039745934095,0.7787514769039727
0.7639097773216329,0.0773501067442558,0.7720587523040726
0.7242674956850975,0.09275671743423243,0.7756613683842765
0.7392960046287609,0.08611353874025299,0.7717710522439525
0.766999557830509,0.07813219711334647,0.7716317631185977
0.7641563467915412,0.07616855491658542,0.7802163550720668
0.7955040453854211,0.07996192703087082,0.7746172868342316
0.7383677659201019,0.08650289574598265,0.7763962054930919
0.7737082801672605,0.07231561983084495,0.7792438369113932
0.7468295877668412,0.08324902508695692,0.771883598001729
0.7066219353371448,0.09821112127057666,0.7760260785706456
0.762677822912159,0.08368527613057233,0.7735373851681276
0.7738505210588551,0.07950954871537114,0.7827985537322174
0.7046028303318019,0.09516926783446589,0.7764425409604435
0.7645593784722617,0.08455334613289935,0.7702688620502912
0.7506726640852354,0.08317403322218882,0.7718038215864871
0.7788032997240081,0.07062338789816755,0.77930233181665
0.7601067786437967,0.0830967921715052,0.7753669285421382
0.7358462346997949,0.08586204813426712,0.7722941503129683
0.7428063259745602,0.08436775050061789,0.772571119774985
0.7618951377415281,0.08218040205411291,0.7715915055516982
0.7078494829479721,0.09129022083104199,0.7742944792770305
0.7268196898458485,0.08267292121015007,0.7803451246228827
0.722041029828447,0.09150411745852571,0.7743930363850047
0.7088282080594775,0.09243308091593484,0.7739168896157831
0.7463208600159528,0.07911920861533306,0.7795796953046096
0.7713515386801824,0.0745176528737806,0.7789191664768759
0.7507684710620836,0.08783150228940252,0.7755649816300333
0.8025025999664936,0.06908301020333987,0.7782077146309202
0.7605144633545486,0.07604003408357919,0.7796172846858026
0.7341528065228673,0.08709939744728566,0.7731605200927804
0.7347686126235357,0.08929610770059022,0.7757691388795752
0.7454266093636517,0.08332854794219152,0.772350990397201
0.7411567526660056,0.08036056673157624,0.7797298833999291
0.7525003374674762,0.0786650059145396,0.7799624638557472
0.7248888187559395,0.09207600270432245,0.772753039875783
0.7598588948207232,0.08793163723180952,0.7731135597497382
0.7696897849984119,0.07690577352362894,0.771669480447229
0.7489141227803645,0.07940359800616369,0.779447286665578
0.700198886655112,0.09652107210696002,0.7755811004946586
0.7249198803875386,0.0855222287262066,0.7839699210698057
0.7443656048304736,0.08698017709765887,0.7746916733639954
0.7231343037192804,0.09239355930003709,0.7755559663638147
0.7228451150306654,0.09366724427315663,0.7771658127291785
0.7950497573597657,0.07680222057554892,0.7727225824148988
0.7601227950801944,0.08000555617625192,0.7840697086506385
0.7621616399811382,0.07823416224463282,0.7786804294235623
0.7733948524450388,0.08059755269460044,0.7728998407728956
0.7647244115356602,0.07585262314162527,0.7820410640322807
0.718977118656499,0.08850093010952487,0.77291813603947
0.7562137029416133,0.08200334744806125,0.7734781393598235
0.7504896287728099,0.08161309242487948,0.7825474074367685
0.7459322996389899,0.08042720962699824,0.7792893118461381
0.7524727512238187,0.07801112293872871,0.7795143609235963
0.7549693335506553,0.08940872309110824,0.7747269115471672
0.7469263803638044,0.08388902413029507,0.7840014545660731
0.7296519644543558,0.09019929446321485,0.772623414437698
0.7668922566188924,0.07556665117481497,0.7868795217062339
0.7469539928101702,0.08608879249804037,0.7711904879750462
0.7433586099877132,0.08530022825212846,0.7721618673564449
0.7218718700595349,0.09411552064167217,0.776683715808397
0.7464727532753257,0.08426487843359405,0.7716329466184041
0.7315164304244088,0.08366218276817607,0.7849318232951762
0.7320983533432114,0.08280562840687564,0.7805384722581613
0.7175913210758068,0.0895669539972562,0.7728408684161359
0.7101917227106591,0.09054180029054268,0.7733279342485015
0.7083122817292684,0.09169077064428012,0.7734157584037402
0.7546233002281362,0.08438260548638891,0.7711812767004
0.7582706561417087,0.08515677526789403,0.7757666097235152
0.7669142313824149,0.08484431418493948,0.7737726872373445
0.7035297037175184,0.09756868063969411,0.7738852638578465
0.7213215985848836,0.08928105762409526,0.7726502285107779
0.7510180769115398,0.08506385842569952,0.7732785487379997
0.7470398948475605,0.08411940200922598,0.7722632192071436
0.7434187502892372,0.07518891974924037,0.7809134692470806
0.7746439138803124,0.07867502912220337,0.7715729370136912
0.7669164332395375,0.07656607405245552,0.7723107756018733
0.7912763357766002,0.07530902787049902,0.7719749217100264
0.7332224422101292,0.08746621902557776,0.7720100597932318
0.7393850934264589,0.08400897247106559,0.7722981452035537
0.7408738531801172,0.07746896314480853,0.7805163037575329
0.7222124241200426,0.08916394503909053,0.772652327189804
0.7985645844974227,0.07195796429310246,0.7809544352247144
0.7577597548191743,0.08104519072372754,0.7853083534927624
0.7711170415395844,0.07628777982845479,0.7817178637738214
0.7497768147450761,0.07876635584554408,0.7797075116103693
0.7764645684010798,0.07283327580914095,0.7789832141436526
0.7625787222891096,0.07501678627893664,0.7793967477141438
0.7883795292488417,0.07778429425481181,0.7750738010325892
0.7569853944426833,0.08211395782562936,0.7719593487265147
0.7862396303466608,0.07801927308925372,0.7734597361686842
0.7310285589319944,0.08496971919370183,0.7728113021522971
0.7625964014787557,0.08103335725493559,0.7747166725102848
0.7815195521094004,0.07530796458531168,0.7722204324246427
0.74709837061946,0.08157330749399092,0.7722575098794832
0.7067512337960696,0.09236613632441917,0.7731875012739876
0.7404808013851083,0.08591082542228524,0.7745450947494567
0.7709130137445126,0.07810864629017542,0.7712546139927784
0.7563243039271818,0.08092289575238891,0.771758619794541
0.7407155549903529,0.08680925504984026,0.7722990333987108
0.7324455097400032,0.08633065727500465,0.7723102151436964
0.750452389911988,0.08584342514892074,0.7752907687896171
0.7813885227871783,0.07272457120680383,0.7794580421078101
0.7555547785425814,0.08085659466657695,0.7717814318985416
0.7255088936019463,0.0897864021585683,0.7744493282439627
0.7917306674907983,0.07226022523171599,0.7814587577558371
0.762333233300997,0.07952799719701834,0.77211823765459
0.7439566794332594,0.08929583437652565,0.7748485245474354
0.6980138320863024,0.10144931929869104,0.7765364278258002
0.7205900296520981,0.08307101124107333,0.780801183951046
0.7605897793939855,0.08171903984899355,0.7732493628975582
0.7347756015191653,0.0868263704138247,0.7719830690381009
0.763042587257026,0.07600677445134109,0.7792839577025441
0.7577530398823438,0.07655071849959748,0.7795429955929729
0.7155539180983518,0.09388280913951305,0.7750707368065958
0.7747609298948993,0.08133826090683693,0.7744915305411395
0.7467913647834162,0.0852728989526791,0.7722207284150969
0.7448439938621537,0.07669353064101597,0.7809585593935154
0.733010754951715,0.0819539935606531,0.7799770469231699
0.8076238636481559,0.06723328986310687,0.7786650995303417
0.7193086425894373,0.09380097560706338,0.7767889676359389
0.776810337923528,0.08007919300945862,0.7752474681953774
0.7464523611222279,0.08478877275461709,0.7715993435547237
0.7416079336221765,0.08315272794513194,0.7722925277195983
0.7366667329712994,0.08508747491282534,0.7722571944741522
0.7572673292902413,0.08095015796825253,0.7715995529127003
0.7293138998509806,0.08593160744225328,0.7727313329716037
0.7805544908680558,0.07705371473616734,0.7826778794180469
0.7831876283960889,0.07507519108657132,0.7846768642145359
0.7176048674798148,0.0938466367799789,0.7765582170211808
0.7332083963597581,0.09165053349120635,0.7762535596838809
0.7169601552933589,0.0901607143273244,0.7727322724740637
0.7235837394014579,0.08778272198495225,0.7727071082528556
0.7598232369856202,0.08037781012172891,0.7847852583804932
0.6976365913601621,0.09930755375767666,0.7754128572192426
0.7637856850054962,0.07913577845761863,0.7725414622347574
0.7858868289536306,0.0800251266805657,0.7745225886625152
0.7035047174621677,0.0941389094792166,0.7730335607962266
0.787563199378787,0.0770528193676975,0.7703546937526969
0.725280536469587,0.09268969046797912,0.7766368993709424
0.7687814505244336,0.08310227193672144,0.7733275738761547
0.7871701595739695,0.07696486488089328,0.7704738180276205
0.7200511344659573,0.09000606029360365,0.774860464503386
0.7559910352020348,0.07759119159688989,0.7793438275103873
0.7580068986740328,0.0748798465575077,0.780212989117408
0.7872475432441186,0.07326961639107873,0.7834301179042047
0.7596427071717244,0.07616554189378806,0.780657730268174
0.730796021695336,0.08708484221302858,0.777004341465277
0.7279920023602615,0.09277050196865516,0.7763800429215542
0.7483261048698506,0.07812000578460153,0.7802521452843353
0.7927504889545656,0.06983715106427323,0.7790610089048879
0.7628152194862943,0.07502338536776225,0.7798922628095332
0.7964489699529781,0.07488424450574019,0.771775500126712
0.7341389751393295,0.08529005899583135,0.7728952853351786
0.7524601711739957,0.08182710495183992,0.7721912559106543
0.773939327490539,0.08232514808195665,0.7716490163914849
0.7614837447106184,0.07818508029717394,0.7801554611037763
0.7830321886913051,0.07636323251081407,0.7843024319866346
0.748802284161591,0.08877567301850535,0.775565437806099
0.7650250600946726,0.08087385077448198,0.7740348412557772
0.7322970038842154,0.08801673497879402,0.7720726733625597
0.7692047937118127,0.07419594457484384,0.7796998797321479
0.7965093438347477,0.0765715775551833,0.770189587383309
0.7179441592326022,0.09385504468042145,0.7772147407268079
0.7347071024671094,0.08590438772713814,0.7722057866920622
0.775252254560037,0.07392810155891981,0.7837661831811225
0.7543455025437517,0.0768270773078449,0.7799085159767599
0.72657440161835,0.08940599700049956,0.7730083990732651
0.7996657881196534,0.07742882515595075,0.7742381749362076
0.7680120725029114,0.07890517707596414,0.7714004807853767
0.7266246814105,0.08673191766280196,0.7726683464771847
0.7448098546875894,0.08618502086345671,0.7758922865900897
0.7765127997812081,0.07890541867865995,0.7710836621697831
0.7633268474069883,0.07818943313986529,0.7838919556065325
0.7999852824334729,0.06836703330995686,0.7784313208068828
0.7228092465981047,0.09443247166346258,0.7734347773305773
0.729558244698652,0.08989348280921312,0.7754391927756943
0.7518818629186699,0.08611676735019423,0.7749092685872797
0.7460324543551129,0.08321450515933748,0.7729761288230133
0.7435010709443604,0.08538802499352305,0.7720209085480266
0.7274112005613652,0.08808255820561414,0.7723162143938421
0.749616074227545,0.08617796037713348,0.771035151048215
0.7233623106930169,0.09034371153017193,0.7732896597986765
0.7265038584134285,0.08315703944837094,0.7803939404635831
0.7018191510837132,0.09858417873189937,0.7768479042219999
0.7371526709137506,0.08701666476971547,0.7717375531399766
0.7726280730893903,0.08059534442799635,0.7708831540871965
0.7332093080989214,0.09314365390595505,0.7756102482596813
0.7620965536693508,0.07498992326138014,0.779493427358434
0.7665141438678104,0.0796863500687332,0.7712050421273624
0.7555312859468071,0.0895826362684865,0.774629774500622
0.7753010583125897,0.08086234349021887,0.771973374508234
0.7521613566127231,0.08272935925444404,0.7716029047552223
0.7470627574216405,0.08296284755414342,0.771912320013054
0.7652514380858814,0.08137938746585927,0.7715393125007072
0.7610496782851287,0.08173223914349725,0.7712286059281365
0.7592181369345811,0.08631936387054587,0.7749346293275265
0.7380296266438507,0.08964314140100915,0.7765052847584027
0.7682410530776896,0.07838005082273837,0.771522945185625
0.750409532003884,0.08147980260435919,0.7720472749510723
0.7294666779863628,0.0850762064384575,0.7732797776715816
0.8082374817244439,0.06890313546318443,0.7778287594269079
0.7502431109879373,0.08649799504297431,0.7752105177289136
0.7119182548119153,0.09677709080796762,0.7765439140890111
0.7995896294754089,0.07345982610996668,0.7743183540546841
0.7309080043974138,0.09332970683988354,0.7767946893337396
0.7048914287943027,0.09541862157285125,0.7737468406586641
0.7425241878442174,0.08350958534521044,0.7721358607311078
0.779564940624203,0.07557307478666465,0.7808073154735667
0.7186253626359459,0.0917660544922006,0.7741452351997845
0.7215025932371698,0.09176557691339188,0.7731365092468951
0.7506417023000637,0.07900965656939592,0.7800030192058164
0.7029130194036989,0.0937242183248325,0.7731638590167188
0.7774288240700165,0.07572855565899354,0.7732275180261823
0.7117374683839659,0.09297247030506481,0.7773437453126961
0.7642898374570509,0.0769784935028461,0.7825623872067886
0.7145512744922294,0.09538184948306538,0.7771329054478593
0.7075068344594097,0.09919654952129028,0.7777143857888708
0.7284093451319751,0.08939392603872437,0.773744648560366
0.736862415183652,0.083382037410059,0.7726263482792369
0.7546653227308863,0.07987838883325962,0.7730808879139169
0.7480534572301012,0.08266064628613617,0.7719001215796228
0.78006278902837,0.07632908392898717,0.7710361669221145
0.7174987955873662,0.0949888064008097,0.7760352899616484
0.733198615991695,0.09215152231655571,0.7760980302578778
0.7366427468759815,0.08522211117247201,0.7721874204609385
0.7375939258984199,0.08532489371235955,0.7757539632066006
0.7309857248736369,0.0872802706166919,0.7723833358752069
0.7167921867315684,0.09014961611999395,0.7840800061729458
0.7488920802223915,0.07723604432383706,0.7799362750542431
0.7677401597332907,0.07458203334457715,0.7798140805684416
0.7262982806570201,0.08901656407174255,0.772174200385142
0.7561414977632812,0.0827104806826155,0.7735724174757679
0.7415809042336388,0.08827456812841336,0.7763171324078171
0.7351505072956956,0.08772082194755752,0.7719081115905241
0.721695904708377,0.09279677059477523,0.7750943823208899
0.7653085590944765,0.07308734954144741,0.7804118888688064
0.7233880137857123,0.09146122595839852,0.7723847070649261
0.736989633361173,0.08780489345005699,0.7720556004460365
0.7713273826720558,0.07799518666586293,0.7733564827113639
0.7571895338032723,0.08267026483125513,0.7733792000127402
0.7410679411010559,0.09248314061624409,0.77470777567886
0.6986541523445314,0.09977977846579608,0.77703793433736
0.7626416194440137,0.07821249333748882,0.7840496816817608
0.7401408628545046,0.08749247916700047,0.771825408838849
0.7409928022415957,0.08597892400875481,0.7739862035739702
0.7909102425660706,0.07620969538065454,0.7711937220834354
0.7874441759268356,0.07942300674005912,0.7729929327049994
0.7446172709003654,0.0881562957891589,0.7755132676407975
0.7408674735725052,0.08735301742214106,0.7730577015157603
0.7545550912487661,0.08272903759769978,0.7713879018636488
0.7496590747823252,0.07894234163956472,0.7840950795202508
0.7535390617358338,0.08851361562207945,0.7743228331712659
0.7215461764407585,0.08695197380771039,0.7731375609833977
0.7968947355537812,0.07551187893300546,0.7702885580954969
0.7259496520167288,0.08973038633731907,0.7728855493562956
0.7098889263487301,0.09790842842436784,0.7767338118596913
0.7410058182167887,0.08603576488971287,0.771663815418317
0.7968784680898199,0.0753428903245807,0.7707641830956988
0.748695304862798,0.08475992430475521,0.7720389495732091
0.7969806408037575,0.07636396039617892,0.7701228571574942
0.7146744910994218,0.09086047058787379,0.7735659374584528
0.7574586232407242,0.08344455400391591,0.776040666838097
0.7185809389689222,0.09346404296625634,0.7764124158343573
0.7997996447553003,0.06913000933727394,0.7788232340979263
0.7461818044337831,0.08478423120695118,0.7723706117204301
0.754926278307436,0.08970854254738167,0.774454626447665
0.7318539135777374,0.0891586661597209,0.7760477564763247
0.7055691062256503,0.09388549704528822,0.773476998642654
0.7407842418119136,0.08758431827824732,0.7751208129136904
0.7704435262252974,0.07795173377285589,0.7828629143157523
0.7864555727998064,0.07243978244569219,0.7823661028723016
0.7543529666807111,0.07780110697851964,0.7813027503249167
0.7270647309142967,0.09003189945477125,0.7729759128908311
0.7549983595744894,0.08317012564894996,0.7724724343177909
0.7536627877955013,0.07739260092847729,0.7796699785471005
0.7492794205735185,0.07959353195436399,0.7794962781827646
0.7396504402212171,0.09287204456124686,0.7757447232437857
0.7415225973393277,0.08841899995914053,0.7729007470171947
0.740320309237826,0.08462601194097126,0.7720410938305889
0.6957310992377772,0.09642819441101406,0.7732320152618504
0.733964160763895,0.0807634903888468,0.7806096216637222
0.7426954184398907,0.08024358856071058,0.7812137440391658
0.7399302453935115,0.09116346473929741,0.7761490840159168
0.748870722803097,0.08743188041906166,0.7752658333564657
0.760246465613171,0.07742605754624127,0.7790213894881897
0.7392161786376451,0.08274700044348246,0.7727097708172016
0.7961282953063693,0.07528748192489063,0.7706588100771027
0.767231922418781,0.0736076924518428,0.7793619915526514
0.7455140596162362,0.08287705002837026,0.7720284144525621
0.7770644497984124,0.0794416560274315,0.7718136760879792
0.7542239757945639,0.07787099746031197,0.7820303208622649
0.7535530435982034,0.08151929780037,0.7717371955857757
0.7435184273324804,0.08649934153524041,0.7742660322764479
0.6987579039515225,0.09408802671572891,0.7740504240697015
0.7526912026051722,0.08329845557322331,0.7717825167732661
0.7039161372346189,0.09600076652326724,0.77509100329137
0.7665018805287185,0.07905270763206113,0.7713455686155047
0.7295858346503121,0.08666557290664759,0.7736200062112997
0.7233063006221983,0.09105338498634838,0.7721047959372856
0.7471594336662843,0.08367614213928905,0.775565932748104
0.7421551342754438,0.0872126884774322,0.7722723161121419
0.7555027211004068,0.07905367999676809,0.7722110447036806
0.7759169111642827,0.08593421922687798,0.7752127044795228
0.7611023544290146,0.0801273745382374,0.7716555827902801
0.7887975570205696,0.0815070541215036,0.7737944788923187
0.7421203212584817,0.08292621738754855,0.7724287797133618
0.7131284348601118,0.08534919106760519,0.7809212514296816
0.7346786164432624,0.08494802061736954,0.7864500089001831
0.7516859254317994,0.08450951782455683,0.7759631667718356
0.8167364497905651,0.06506898461344857,0.778212086633693
0.7117264434129663,0.09451764501141366,0.7754407877585043
0.7609195660868813,0.07731561322690275,0.7791118574486823
0.7127305565394418,0.09397043933820765,0.7731198018137431
0.7814661610964324,0.07926622100296483,0.7744470733793511
0.8007075164136706,0.07958620193332946,0.773704220979456
0.7528083892404702,0.07993100130693764,0.7816478540208831
0.7273054473883338,0.089062928973646,0.774650259437021
0.7290531287059059,0.09048883537158038,0.7747618394434577
0.776350896601483,0.08282765009182753,0.7752979065778763
0.7879227054082909,0.07609135776233616,0.7709126499275522
0.7504246162521241,0.08510523931946135,0.7740765634120824
0.7215862456806451,0.09213873299807898,0.7769606664051666
0.7827833699306155,0.07939898353200352,0.7742866545749546
0.7270534689632833,0.0864609639033767,0.7727694045052429
0.7656098636986658,0.0828298755335301,0.7707569836196329
0.7933430637868908,0.0773726662444261,0.7748244229355956
0.7554202746060097,0.07576747302482861,0.779841321613796
0.7974271827244005,0.07246935356362498,0.7775510168178932
0.724768618513242,0.09604030487880572,0.7754218349924789
0.7697988073242066,0.0730062013689672,0.7800305930902839
0.7130913078867077,0.08506274481043981,0.7810015143059885
0.7454434477143298,0.0849260879048173,0.7715556037119479
0.765999828925371,0.07935925799573967,0.7722868094741101
0.7495912553757403,0.08696681641688737,0.77617840830806
0.766434553312763,0.07971268216279137,0.7715317086829065
0.7683003118727019,0.08503992628352595,0.7760360484716308
0.7261885731707939,0.0902643423771323,0.7726430101133296
0.73910256082041,0.07682470173236478,0.7810421288264289
0.7150532858573185,0.0865334978214472,0.7857000945972591
0.7753338675285301,0.07743078803329986,0.7841070098777627
0.7621662815208444,0.08193803071336914,0.7710463152120397
0.7246631640638553,0.0916109070170664,0.7753214439158865
0.6979760563649615,0.10066635929494873,0.7762758746739769
0.7892006226951044,0.07010500997708555,0.7790584965853051
0.7745539357104168,0.07937918879420386,0.7742777572160651
0.7772381205131169,0.07120472715376792,0.7794335053272236
0.723862799105059,0.0860170278047211,0.7852057267052652
0.7588130144625209,0.08013389571738803,0.7861697697168728
0.7356949875764669,0.08965532677455341,0.7765272741186388
0.772527394760964,0.0815820161893228,0.7749887352650323
0.7265176039250197,0.09103337302708274,0.7761437263646213
0.7271541668697694,0.0927943050026094,0.7768840552494183
0.7465223372973286,0.0865653951708069,0.7733989524034648
0.7448009087999251,0.08647361472310768,0.7746305968600156
0.7441722731740743,0.08410770217665714,0.7727177329916548
0.7838777526694777,0.0760671580622771,0.7709744867391364
0.7414296573014505,0.08060425406695189,0.7796076596313568
0.7433641844466005,0.07745062261382504,0.7803125083327657
0.7402618880172107,0.08581501697711967,0.7728838143777793
0.7847131259534305,0.07898814621632491,0.7705647456191848
0.7770344734007311,0.075447988048929,0.7839695727574019
0.7401044515331087,0.0868003525772863,0.7718351908347724
0.7902547142687074,0.06849348747486175,0.7793223498764915
0.7969990298880202,0.0765023116588709,0.7700561071853244
0.7449243402810778,0.08579580659744569,0.7721873542355666
0.7660722497689949,0.08317344523911027,0.775167859888879
0.7840067156635301,0.07585629724414407,0.7836964245510274
0.7624575111197819,0.08533741907553118,0.7746398105457486
0.739325547551885,0.08954836916560921,0.7749345001915616
0.7361915519375152,0.0844356200503719,0.7725020955076509
0.7496065408290696,0.08047623872334694,0.7789891504842882
0.7719629085452374,0.07923143422132985,0.7843075380885867
0.7492688640570865,0.0852632366916089,0.7718465205648499
0.7365921305122848,0.09029802625831931,0.7745593608243714
0.7205133107482545,0.09073612217924525,0.7727118116566829
0.7063566209179145,0.09621441491589916,0.773045937331284
0.7712433057968773,0.08328135968922291,0.7748885588273651
0.7351914921432731,0.08606294381061769,0.7731883643629552
0.745283494991472,0.08373786116707571,0.77199289967665
0.727820028666503,0.08949091567554128,0.7734584717804398
0.7966180288162771,0.07272439750694445,0.7708724169967717
0.7442350320908268,0.0822759550555818,0.7722880015411002
0.7868136977755698,0.07504180715000885,0.7708859317966437
0.6957062380915832,0.09756571206199104,0.7732242208692718
0.696108111775828,0.09442576795688298,0.7736684931209296
0.7368087050014754,0.08901195299101272,0.7762946272226622
0.699973419703989,0.09166584401936538,0.7739266743798067
0.7258065328637285,0.08809760293833384,0.7736685594295716
0.7334552946698825,0.08790786115642536,0.7718377928421879
0.7525977567237652,0.08365337251215806,0.7717269541180087
0.7479839440803852,0.08275770933928557,0.7745297786999493
0.7857605082005876,0.07463269761764071,0.7847141374679195
0.703586348212944,0.09843727438477246,0.7764623518037884
0.7236206987127167,0.09059984327222918,0.7720668751007908
0.7819741155226756,0.07313811914021401,0.7784652762274524
0.7374070662877986,0.09343866329600531,0.7760519584011234
0.7370546342867628,0.08698590320900128,0.7754106939673887
0.7363170743840566,0.0796223595717007,0.7808468585411615
0.7463499901743867,0.08648027083892053,0.7730150598351443
0.7490969368227943,0.08202679043899365,0.7719718871022705
0.7176243502101544,0.09387173598079292,0.7746359477393722
0.7473151001187485,0.08479164442822333,0.7714876456300264
0.708795212957863,0.09420539338787641,0.7730805405537561
0.7294213023193848,0.0913380674569322,0.7760083630909906
0.7682979983078947,0.08285593751718888,0.7710575685555418
0.7362410259481429,0.08491133732298306,0.7724485883286518
0.7572972650394418,0.08181007932734705,0.7714096332722757
0.710119932124665,0.09417449924275058,0.7725814082353203
0.7477351112415105,0.0842418685223938,0.7716647525193451
0.7868865742448444,0.0785012659056369,0.7743187781161431
0.7354771107806078,0.09032545757009439,0.7762801889189856
0.7287715400622176,0.08558445010930107,0.7827931507791552
0.7618013559120966,0.07503509477009496,0.7802193265445803
0.721637558256378,0.09739541766574598,0.7762125740137699
0.7561070005823655,0.08707781459705125,0.771430623672105
0.7527834260625306,0.08054174109762621,0.7720825147328888
0.7675541891828157,0.07988486163391137,0.7720370417439543
0.7635846735016354,0.08164944142711726,0.7711879306949474
0.7675145517320071,0.0740989129146781,0.779482431719375
0.7462068761374641,0.08871768485695385,0.7735348921873509
0.7539897043351783,0.08293825646693533,0.7714846171345142
0.720098168296326,0.0915074315716051,0.7721617891681262
0.8170735659263525,0.06513582282220963,0.7782795336211155
0.7228623138085218,0.09108941058421768,0.7719953218445793
0.7322361297561497,0.08761333012785884,0.7745479210043557
0.7434524011077239,0.08110497836749157,0.7726331335228406
0.7227903872287567,0.08850354492740309,0.7729532767744689
0.7761407625189667,0.07392398372894887,0.7815899632125212
0.733811112176698,0.08797756664969877,0.7751168079663796
0.7407478120404528,0.08544984235556045,0.7718043899651973
0.7893726593770908,0.07200470943606949,0.7798041031416368
0.7942175328694193,0.0791267031602653,0.7745684262168707
0.7481368708941212,0.08450157995255102,0.7716799535916048
0.7538537282696149,0.0837882946975236,0.772249683837504
0.7120546054251845,0.09195310059726862,0.7736563363881489
0.7903476738953185,0.0739474958638233,0.7840062974785307
0.723552040025349,0.09228705753662182,0.7719217377361046
0.7413169102912063,0.08569956746132208,0.7722632215297583
0.7544373522314648,0.08673236457619728,0.7751523304732281
0.7347290374402656,0.08981365767268572,0.7723304905424578
0.7530600471166815,0.0847282590016784,0.7713552360354702
0.7032650376935411,0.09189519268202716,0.7740208691880672
0.7882349336338839,0.07641030252422931,0.7707263405848275
0.7170016953891631,0.0911325326767345,0.7764037132075551
0.7351652343439996,0.08642759545572751,0.7739962987242986
0.7400711426722307,0.08707573084080332,0.7717186521177005
0.7440650569921103,0.08614066144842004,0.7750697733458717
0.7500684200961119,0.08600203552360398,0.7743984562051869
0.7444773604122757,0.08538920428339046,0.773525517763957
0.7321208625078799,0.08580259870681875,0.7849959355063731
0.7151933422398838,0.08434364505592014,0.7810723839539727
0.7525468964345764,0.08741716930786583,0.77472251975976
0.7364185927533982,0.08747211385565458,0.7726789653377869
0.7665189852114321,0.07550251855206971,0.7791147730886082
0.7526649880636107,0.08945824454673994,0.7757760540975838
0.8111763211361055,0.06980373412485372,0.7823169434057831
0.7464485492935921,0.08413325680436956,0.7716601236075973
0.7262321242980706,0.0934144306160486,0.7747581648120271
0.7288173935666459,0.09115362347684798,0.7761297841813198
0.7652431847490166,0.07328416288005657,0.7806134602562123
0.7423951673332724,0.08975845106140364,0.7762768554712123
0.6963102218554765,0.095789835550182,0.7742859837129701
0.732773735434019,0.0847597425371436,0.7752660699241797
0.7450595747059366,0.0910577475059491,0.7755552004246477
0.7299468345419908,0.0835736990384843,0.7828109947552503
0.7905136209722365,0.07275017619888825,0.7841506692770966
0.6985949793234689,0.0989973951915721,0.777557520982405
0.7182883168077856,0.0944678544470006,0.7757450145224346
0.7339861377331214,0.08754791143792293,0.7733993925780407
0.6977522440214219,0.09737775472506208,0.7740625330588291
0.757140865103526,0.07522747338090081,0.7797222514966784
0.771848299313861,0.08412535400750784,0.7749408085738948
0.7729889759430916,0.07850931193875223,0.7711987722431183
0.7685256529891117,0.08214564248173609,0.7737976910484233
0.7276890442200716,0.08849205812917536,0.7721753358697648
0.7494372491783853,0.07856475547814638,0.7797357930484008
0.7969677008811437,0.07626172583847009,0.7701731798393815
0.7354285040337042,0.07927272219454791,0.7807365469862227
0.7304881273467092,0.08851890015731619,0.7719338879366324
0.7245258221372886,0.0851464476820455,0.7847049529679401
0.6992804715530007,0.09373796277953697,0.7735653344163641
0.7663389518480941,0.07534270490503688,0.7838779386814618
0.7618468090007945,0.08516626475323552,0.7743141007741944
0.7644161756922105,0.08475669607117717,0.7742315110032719
0.7293502614777252,0.08488602135057198,0.779938546876622
0.7473751998614117,0.08862227026811717,0.7753953542484637
0.7895450517682341,0.07649792909884154,0.7708326553607537
0.7722059520645342,0.08615228583097721,0.7744916925899009
0.7004811581995234,0.09592859670340964,0.7765779380963235
0.7499847965277558,0.07792982340172178,0.7800491255848611
0.711921452084678,0.09040522710801939,0.773220480996458
0.7375644500258454,0.08992857709361823,0.7719908100401852
0.7496757621016068,0.08436357935489178,0.7715471304872349
0.780042262205427,0.08166167239027551,0.7747941592556442
0.7204513404515959,0.08914513062416239,0.7727792126380164
0.8002756056117898,0.07727028459928563,0.773870181487726
0.7212143106069488,0.0866625550010799,0.7844904326710811
0.8003161594526048,0.0690920244951939,0.7812811964797932
0.7839378059449394,0.0720043912796009,0.7828247757104815
0.7303298333015842,0.0885991903449493,0.7721631041850961
0.7724917676461419,0.07868828594080535,0.7755997394636418
0.7680594523440084,0.08654901988028126,0.7746133763759032
0.7030992933084581,0.09277458499857943,0.7733641729524965
0.7540094489636335,0.07699466993089522,0.7795366712533706
0.7350368122025652,0.08456670791991176,0.7734257452955137
0.7757608492020532,0.08272450287675524,0.7750482840832605
0.746902664755181,0.08558087096367364,0.7714729889020351
0.7232473842715542,0.08973207911170161,0.7723039856667421
0.7244654789115389,0.09306275633087989,0.7760697221367642
0.7760792009733777,0.08136765895950332,0.7709437546974334
0.7550210295634483,0.07933811461017035,0.7721457928479311
0.7913905604396247,0.07467486105196981,0.7706935014377039
0.7552866123515369,0.08573697919170234,0.7741210759309471
0.7948301120378524,0.06861410038942484,0.7787565301819559
0.7441594852669602,0.0830711796926644,0.772492323458264
0.7233980967282571,0.08682007520770554,0.786152707371475
0.748881485780301,0.08336404801796449,0.7853827188351133
0.7425608021276792,0.08465865918850714,0.7837313843846689
0.7074507245954155,0.09402296704687499,0.7728359208482066
0.7533282125329668,0.07486134255150259,0.781472889207593
0.754122868374235,0.07799272720412566,0.7830794467614484
0.799161624634548,0.07536589003586673,0.7729885744350556
0.7522121012440729,0.07698728572916431,0.780983984513276
0.7240364778185069,0.08698688790464283,0.7728339568388577
0.7216229902095145,0.09197639564074588,0.7770188059050092
0.7337736078199437,0.08707277374842375,0.7731970034115003
0.738328467058307,0.08773475078239652,0.7714872755685261
0.747747707432314,0.08829754281308551,0.773247561827593
0.7086071675707125,0.0950566301663953,0.7725938468849174
0.7306190761712205,0.0878567956167247,0.7720718208634361
0.7238865669357495,0.08768448210002364,0.7728253642103186
0.8047003429807096,0.0712709399081068,0.7804791541057404
0.7113523955920471,0.09207870388367997,0.7745574578827806
0.7013790489311678,0.09737580387848183,0.7726390118217168
0.7427156374338141,0.0866920755690989,0.7729993662885469
0.75431745843251,0.08334582007197792,0.7728666350819582
0.7232702193802615,0.091120705166475,0.7737955443985124
0.7610323442861541,0.07898785740558556,0.7801347404476872
0.7280151324022957,0.08358656176141807,0.7835021074658026
0.7498437229381535,0.08272820520219716,0.7828293286090815
0.753714753767441,0.079665158440598,0.7853513881266202
0.7665597642197802,0.08190334318520692,0.7751735551623331
0.7553876646201367,0.0764224518111519,0.779581968264668
0.7368534316543499,0.08715887112740477,0.7770795100718649
0.7225822556769488,0.08830808477824023,0.7727057173862305
0.7337695489480961,0.0836353797246279,0.7728714387138356
0.7330869009998299,0.08247973804624935,0.7799020181758465
0.7120393248414575,0.09746234646560634,0.7758868928011666
0.7478801436647826,0.08440587331401588,0.7715961391701187
0.7499175368189349,0.08244192997652482,0.7849086306812448
0.7416683101681065,0.08618182479752437,0.7723726688031252
0.7218478824310073,0.0897617746898923,0.7729331503699814
0.7674233969640843,0.083285643030262,0.7727738413724972
0.7101615557747347,0.09280846528234882,0.7728660105091266
0.7600713210700866,0.0856598883823256,0.7712388461289315
0.7375088258635205,0.07500894164638057,0.7815089270840226
0.7749328282388384,0.08412260457158377,0.7739270348049702
0.7043351502587626,0.09305308679995364,0.7732134639435074
0.7332582737273288,0.0884091844388718,0.776280805351809
0.7585286495502269,0.07611353799712713,0.7793984781552645
0.7969220565509444,0.0725455103022844,0.7709891012075644
0.7820547305980747,0.08028010703697305,0.7740499954615712
0.7435220840827391,0.08357880892428293,0.7720914373529669
0.7746950029926108,0.08147008556629468,0.7747662820844554
0.7678634577827702,0.08703033876184597,0.7753495387293384
0.7885837476090795,0.07503288492832293,0.7711439944137485
0.7335874127637007,0.08504334524718668,0.7726336414117421
0.7328603362788446,0.08626456895789171,0.7724300066526498
0.7266664518042306,0.09188929308181998,0.775956368578524
0.7674870195328632,0.0812825883566685,0.7745912007956455
0.7072437248787519,0.09479020116269317,0.7735911982560995
0.7716717531034226,0.07521578538958743,0.7788902808630507
0.735788777978519,0.08692577576553344,0.7728813510411445
0.767027212838504,0.07581382249931691,0.7788016098652049
0.7578130203277259,0.08509862696849418,0.7749534998680564
0.7476684649951528,0.0842959142475858,0.7746459304073561
0.7548997540254112,0.07528743087918638,0.7803880006046419
0.7145175098041969,0.09517090625634111,0.7757754550171632
0.7331574047882005,0.08988617673892597,0.7730103758015
0.7378284516982345,0.08783276182460102,0.7728815000873628
0.7467233435756698,0.08658948795868364,0.7715416894118181
0.6957099611938286,0.09765563418362229,0.7732434484846266
0.7464160585831117,0.08328807202827213,0.773570094510378
0.7448350170515791,0.09040736932783945,0.7752717526028151
0.7369384737509177,0.08326490474688107,0.7804806455810227
0.7019884717870941,0.09250580382844813,0.7735442283667174
0.734449358162042,0.08649690859980229,0.7721487591190677
0.7528999883569124,0.08261961240475565,0.7716402611385774
0.7381011144455278,0.0807840689156603,0.7799898808951318
0.7052450531177191,0.09317333813144864,0.7755344574350128
0.7884945511917347,0.08111663302375964,0.7730963070482547
0.7288109403442309,0.08696540597615227,0.7724345997314783
0.6997730032598651,0.09842843540626758,0.7739046441398792
0.7536406889618821,0.08172859074858446,0.7736031038517298
0.716776556276348,0.09295522843016629,0.7725163387387342
0.7705668092131943,0.07140788269987143,0.7798574276200289
0.7491716723883931,0.08344745762357138,0.7717721393768269
0.7046243700741364,0.09912530453874142,0.7782119173016309
0.7302597050449443,0.08575484293395709,0.7726863729471611
0.737721872304026,0.0864029406685267,0.7727409290541803
0.7370136131829911,0.08454157671423675,0.7723178512845333
0.7037588959259606,0.09462232321566436,0.7740243812201113
0.7562348122094664,0.0813041088432311,0.7719151976994018
0.7538565531714397,0.08495611569730659,0.775970082259895
0.7102097164494883,0.0959455330712727,0.7757921631774318
0.7026715014829159,0.09626134800693356,0.7732103878982877
0.7793466100374471,0.07956807988343287,0.7730610187290928
0.7482878997594148,0.09042119231087703,0.7753923502835285
0.7472299326578558,0.0837200434069732,0.7734274483809929
0.802115329425215,0.07279289892421185,0.7834525029171063
0.7035402190757224,0.09498899009330698,0.7732339254621019
0.7350248831039774,0.08776290086343433,0.7742412410268151
0.7496461869372584,0.08459300784736908,0.7713672979071359
0.7690177053124827,0.0805570345092487,0.7714958574673851
0.7449889545774783,0.08462527671549155,0.7740022040535852
0.7156127468975606,0.09263741631511509,0.7727577911562171
0.7779630746791945,0.07690748903908391,0.7715025739887763
0.7640059895737389,0.08266408383788515,0.7729251349689631
0.7576497150935878,0.08698637041652778,0.7753435916624813
0.7104585721409835,0.09305980677435927,0.7727222667856445
0.7580152868705106,0.07516133144066456,0.7799626619587638
0.7124216940953675,0.09218653281571512,0.773199099362794
0.7711176056034093,0.08383291248098315,0.7759457779379311
0.71797594277519,0.09350415118733138,0.7760279397509177
0.7240081347932992,0.08372016434169562,0.7833636626652106
0.7741775988364963,0.07877645760215558,0.7713627070429756
0.7463868864274955,0.08444262624027751,0.7716270883559426
0.7448924710137648,0.07964295884657696,0.7804773230272871
0.7474834942781275,0.07947277104888656,0.7796862697285584
0.7942231777122472,0.07787858033289516,0.7744159326724713
0.6953929700292143,0.09409879954628735,0.7740119168432289
0.7680858814852686,0.07394830530055198,0.7792305826721245
0.7100975200318798,0.09395728763794531,0.7744365498622392
0.7428105234230905,0.0834389335563068,0.7723545106504266
0.754770546535321,0.08723004996371107,0.7752966501625596
0.7740790018134975,0.07395702753695178,0.7790681348652713
0.757555729980134,0.08080227466800079,0.7722388207907707
0.7548865160195657,0.08489302906454957,0.7750553280371585
0.7207959444873057,0.09535867864986905,0.7767376810743128
0.766006991124043,0.07959084346016496,0.7712730020435228
0.7319615118791105,0.08072744987614223,0.7804397815787479
0.7272708904149675,0.08833256835837594,0.772336189146023
0.757414251022304,0.08075207866367635,0.7716156287296836
0.7628697834831707,0.07856770611143782,0.7837849018515882
0.7284652352958195,0.09179334170239717,0.7744058060856809
0.7298113992762562,0.09081684071895114,0.7760767624924747
0.7622808087008509,0.08171965325690103,0.7718676022061902
0.7793445561261706,0.07606557029876077,0.7799607894350655
0.7358097786629658,0.08584811161006595,0.7866167099057317
0.7441048682112572,0.08331586652999676,0.7722657316602156
0.7974682916326339,0.0696189684464449,0.7795866833437541
0.7587997136395067,0.07566195760721459,0.7794788935076185
0.7247623466235014,0.08451797134886148,0.7802599994127284
0.7489075808373964,0.09000924780798569,0.7755361395961836
0.7780546151541241,0.07785697368380701,0.7708080782554388
0.7120496758532124,0.0906378932575476,0.7740520596530199
0.7498451273190729,0.08365636409388898,0.7723982966282931
0.8135136499669245,0.06966264854244467,0.7806154459972882
0.744331200732391,0.08052710807136933,0.7795196961060187
0.8041767344265449,0.06690069213095907,0.778899283848546
0.7245052479059222,0.08795983643182552,0.7731026214079044
0.7298183243052787,0.09014219892527875,0.7721560400876956
0.7431116473832047,0.07880690840364879,0.782988021049183
0.734311111637248,0.0867286546744993,0.7727375647867085
0.7478205984239038,0.08158237257949859,0.7722896078924109
0.6956819146375178,0.09705345162925305,0.7741853636908396
0.7922617575969055,0.07978513571181581,0.7740431673431605
0.7361389423744598,0.08796941071318515,0.7737088222526795
0.7847834845203377,0.07530769261912001,0.782817474532387
0.7485710796860725,0.0830877964097446,0.7719961780681837
0.728482702328432,0.08656304809601581,0.772550577779835
0.7509116438414716,0.08677844076442366,0.7753130556604805
0.7257607479454998,0.08946726171491887,0.7728165985419526
0.7874913636546702,0.07322862137911182,0.783422109391819
0.7652049329985772,0.0821317147942013,0.7746199795723724
0.7076731214332344,0.09485415472627398,0.7760187474033816
0.6985238067196897,0.09294445529862379,0.7738762963467783
0.7327968566499147,0.09307960975000343,0.7760277611381058
0.7413607646327701,0.08688903347052386,0.7722050065446054
0.7157711219383518,0.08571314119800834,0.7843182861342828
0.8003747044069303,0.07814974469347044,0.7746674722222106
0.7219011512776776,0.09009059750399132,0.7723343901064664
0.6961983664168121,0.10344179555919099,0.772360354539871
0.734083337480296,0.08343202988942519,0.7858591515839433
0.7062814683413075,0.10036443346660742,0.7773067037287397
0.7323985585170282,0.0872199899010969,0.7720711907976198
0.7562164522435814,0.08301685463333743,0.7720229292175432
0.7970611680794729,0.0736762074627504,0.7707162427668143
0.7370121476669487,0.08864414011610705,0.7760988274765357
0.7286316266599135,0.09363660967071817,0.7759258899988095
0.7781078055804874,0.07618473869409981,0.7840429485528934
0.7723654028313206,0.08277084694818651,0.7728883322204892
0.744655079569918,0.08516785656857052,0.7719348774800687
0.764366836201956,0.074928828534564,0.7839796103853629
0.7249793753152569,0.09218041572455135,0.7767681903377662
0.7842542722711537,0.07001513659249253,0.7790773558726432
0.7194247244211667,0.08767222507852045,0.7731719233412866
0.7612807393796163,0.0766913055110471,0.779178535540295
0.7158874164017518,0.09246004464537924,0.7731994270207005
0.765784395467325,0.08471303164728175,0.7762123963667563
0.7220291947984618,0.08827107901675309,0.7727652815634425
0.7511786262754687,0.08324187828591224,0.7715086538705764
0.7024074073390943,0.09341372816698694,0.773336113204978
0.7625950332920549,0.0804810738979074,0.7833094039372863
0.7862885826931786,0.08114996915847357,0.7744045028103602
0.7567226882990311,0.08161513174922934,0.7716479622374242
0.7422431491411493,0.09091562242144863,0.7756982624281361
0.730462190866804,0.08967412225850133,0.7750085902123334
0.7515590824214335,0.0861678372229934,0.7726732081995332
0.757014119975435,0.08341010325530947,0.7754317519204209
0.708630662533294,0.09130081129510681,0.7733096032628656
0.7483288039703515,0.07702528835787144,0.780077671443443
0.7351062788401478,0.09054348058549448,0.7759387348369614
0.7491958677900373,0.08554356360773221,0.7711912473782789
0.7571199663577949,0.08139348120216132,0.7714933205888248
0.7349496629398531,0.0890181101994456,0.7767883155253972
0.7810828351051737,0.07350225741199866,0.7829836848835935
0.7401907288681628,0.08523643949139781,0.7726474015080932
0.7708940331078324,0.07538509629295334,0.77897532507603
0.7873323609028389,0.07863594710347281,0.7732483950030934
0.7859260562948746,0.0751417388929402,0.7709201218673045
0.7139349919490036,0.09268475107280369,0.7744587058726173
0.7552507834070025,0.07883888126447071,0.779631076143504
0.7442095884127872,0.08401514290676872,0.7852353792086297
0.7790450360581482,0.07820747429770805,0.7708238854012984
0.7409766047672414,0.08788837038213022,0.7746367320162685
0.7758242994448689,0.07240062496026041,0.7814874203358118
0.7732576191194823,0.08025919922017616,0.77064213695421
0.7852321883423037,0.07871047433922548,0.7710959286645528
0.7267412373570128,0.0872015352490259,0.7735363990821174
0.7360594358977292,0.08393730857296562,0.7725512335425342
0.750621922346113,0.08270380319437143,0.7833335741658948
0.7138187588764188,0.09292230681750883,0.7733761922644197
0.7431085060410748,0.08653712189536261,0.7713753524946872
0.753093479929676,0.07552377940646325,0.7800036311773786
0.7905748568848061,0.07403392670098677,0.7825908684610925
0.7453463490761281,0.08529691551314483,0.7715050906732771
0.7399977062170207,0.08337921306498451,0.7723950347898079
0.753261025767169,0.07873379800523628,0.7815111729547802
0.7213978507192766,0.09077324035043917,0.7728013507855516
0.7012392849797967,0.09163763048208241,0.7739434706600907
0.7612298696439639,0.07910681517128611,0.7719469354291992
0.7959790046483903,0.07343655799354498,0.7812128080482811
0.7042281832948726,0.09834578484495536,0.7773005894729699
0.7251864693198014,0.09211651432072512,0.7754605365945935
0.7194900629253813,0.09564216988674878,0.7769425851342008
0.7681550969963536,0.08182348517954256,0.774716489995756
0.7431683115462122,0.08593761821529955,0.7844843765300478
0.7323522484601309,0.08809530161022745,0.7718859070978734
0.7110513570379846,0.09046747559057267,0.7735713208821682
0.7214566250538084,0.0959805051912777,0.7758772873014673
0.7029739685811361,0.09752547834322428,0.7757968789238934
0.8004942605280032,0.07980775510788754,0.7741718249492384
0.7479797294804744,0.0822436656909263,0.7723066663179596
0.7052277238010042,0.09268019139289907,0.7732582823290249
0.7461678190491938,0.08838416731311358,0.7757145099994375
0.7380956442504284,0.09030240783039023,0.7747388076981471
0.7745136738175311,0.0792888553827035,0.7707220829523311
0.7482695371025776,0.08812478429142079,0.775841751006317
0.7678748177271343,0.08109420049322129,0.7715076538262168
0.7377754581107346,0.08581030661433668,0.771966378358778
0.7761183339222378,0.0798967793039237,0.773091653989069
0.7551537810881509,0.08496252153570319,0.7751129845160705
0.7264626190394458,0.09051846000906796,0.77235540886998
0.7725760945505504,0.07820754267157147,0.7739296107139607
0.7621942569856898,0.08370610306058295,0.7724687821652543
0.7640848230359407,0.08156572199613608,0.7709345745387691
0.7569097613086695,0.08153913196994793,0.7733157383391719
0.729892529960234,0.08413043691908063,0.7730219987283642
0.7582708747699636,0.08188900700270413,0.771344699118903
0.748275519267756,0.08364811706750933,0.7716753888235
0.7309870392901205,0.09017639595127121,0.7771986776698155
0.8180291151942017,0.06862383852063333,0.7782896695738358
0.73413342114242,0.08653358448215515,0.772214201556097
0.7336089078751329,0.08958843540615193,0.77268477154478
0.7611018607215363,0.08688130396814722,0.775467160973372
0.7537328863983489,0.08357733039722422,0.7712878919199478
0.7491620899055687,0.08045612281899882,0.7845778846732481
0.7281057949850427,0.08788937716823302,0.7755496080176909
0.738766884369469,0.08776723882720697,0.7739379433946522
0.7219015701288559,0.09316851149863395,0.7748488431871979
0.817575969402788,0.06581343758155832,0.77856355235379
0.7934832015035754,0.07302779330037222,0.771046818279944
0.7269068236664759,0.08893984552629569,0.7721574260433571
0.7249082033423246,0.09510665778226983,0.7766235651170821
0.7405244570441435,0.08049076148342064,0.7797375725304452
0.770861388206822,0.07510298770946867,0.7787214521791263
0.7681089302156737,0.074877208655244,0.7800546795456569
0.6999714849372964,0.09490157352674977,0.7743937157989799
0.7851848774454404,0.078097763350511,0.7731104716797722
0.7394158883353609,0.08423596252990079,0.7722330377248731
0.7719150318996775,0.08580777916384706,0.7746558438216545
0.7541758038098293,0.08552187732920348,0.7714427899628251
0.7349411601852077,0.0847080270000643,0.7725857004154745
0.731083487196931,0.08631513166813748,0.7726252887798385
0.7638958874021171,0.0833921143285637,0.7762996160344678
0.7168217076736452,0.09030003349625983,0.7731141609550486
0.7077542040328115,0.09415114922197797,0.7747963257859072
0.7632799533775064,0.08110359018574563,0.7738193066555981
0.738283143566375,0.08848393098695241,0.7748421555710595
0.7962806946160863,0.07071555390778123,0.7780271833931538
0.7273882423800057,0.08886632593708432,0.7758885062411404
0.7206585502787255,0.0916103787551995,0.7758185040201672
0.7616929724656682,0.07932548628238228,0.7716617441153716
0.7218302629282216,0.09294192946562395,0.7743178538947688
0.7444447647701011,0.0842411198008591,0.7718751516627665
0.7968845691308735,0.0750765945123808,0.7711455243723031
0.714807106774722,0.08767962083273609,0.7735330310148302
0.7369913150719418,0.08395221338754655,0.7729379789175709
0.7473865512008624,0.08420825419712513,0.7730335979122218
0.7400497608832798,0.08887849819408379,0.7730290673148474
0.7349714992876236,0.08892950083658914,0.7757611224355385
0.7738719161991592,0.08126213120022548,0.7754675588237762
0.7674190918109749,0.07621572557141096,0.778797663117327
0.7287257551211971,0.08996115940608496,0.771761645893904
0.7483522446163194,0.0799589738655196,0.7793146602947079
0.7501316896841401,0.08335056107717986,0.7718067321714802
0.7525159098668298,0.08161484264282762,0.7723361797097134
0.7209887505462589,0.0944652509764232,0.7767570851219089
0.7732359735088704,0.07166005682439275,0.7807805785295743
0.7121519953920583,0.09181149554772587,0.77279967881678
0.7966346820363446,0.07217312024060127,0.7709382434366032
0.7787919927424324,0.07795622552434488,0.7708011612054765
0.702363208170472,0.10051258680329275,0.7770697493190423
0.7842137284280271,0.07666683468787139,0.7706987828042687
0.7751247186359053,0.08093246880186998,0.770673937506669
0.7854989030817588,0.0772810372573855,0.7709245377111722
0.699297254541116,0.09459061383909698,0.7735209420149338
0.7456262069909184,0.08522085356254618,0.7724681586955273
0.7343305826928096,0.08653822008960264,0.7744362376838799
0.7660242777768673,0.082555183175969,0.7708771169445144
0.750588255621999,0.08580699369064933,0.7761595383456797
0.7588948863547273,0.08477256832293052,0.7740455272818906
0.7286914945377505,0.09170896301647609,0.7763846847339043
0.7249066718631884,0.08531220185731642,0.7804930560615811
0.7063654924393995,0.0936948103486734,0.7728545865161859
0.8100041542666644,0.06891692320253412,0.7833512801210564
0.7548969848742545,0.08283454751663975,0.7713613713135157
0.7450581479070533,0.0804415464274563,0.779792108979323
0.728238055272554,0.08644671772470817,0.7815331679434022
0.7526341667347798,0.08501167971305244,0.7747084150804864
0.744774795725302,0.08655508017475919,0.7755312564073744
0.723607091274113,0.09270852103444571,0.7770978235267183
0.7413528913659713,0.08813950457380784,0.7718514123452879
0.706191317843897,0.09425256762289896,0.7737138137791614
0.7722215252579254,0.08295193408034665,0.7742266069760074
0.7715088904152301,0.08616796376246628,0.7756937735477968
0.7940338015054652,0.07166487586626823,0.7780627099788303
0.7564861626260991,0.0795315992924459,0.7720126699081076
0.7539101409676453,0.0837043514850569,0.7743474973415345
0.7324961564810207,0.09105318527180445,0.7748716311915619
0.7662820394226477,0.08426208542185953,0.7756193479417554
0.7539284131942219,0.07708746237579818,0.779620490145258
0.7502899165701741,0.08305645566899969,0.7726824822296466
0.760050556861973,0.08415228392896111,0.771052989047101
0.7500191488005375,0.08053971541960588,0.786365543634323
0.6970306741316575,0.0985474449796258,0.7748403646067132
0.7712503611731949,0.08063380554539469,0.7713828952360735
0.7703454703752206,0.07729389724341017,0.7836516501918199
0.7725697535776863,0.07769807633003237,0.7712349922446889
0.734371108496714,0.09040722919444838,0.77653643504633
0.7597621923106966,0.08265825263970042,0.7720563280191154
0.698798873525368,0.10217122181089916,0.7776870290689405
0.7594522272652056,0.0802685747319947,0.7854708916557442
0.7898907222615622,0.07255997861675857,0.7799628909688354
0.7853737521169905,0.0759317722654285,0.7707671123204801
0.7126561008037776,0.09721613436500588,0.776001200063603
0.7196923069147958,0.08886278279519087,0.7727878811865789
0.7074099291369783,0.09358055228213202,0.7775207045203909
0.7730424589100594,0.0823473167444324,0.7710867308081252
0.7398853467806528,0.09335955853573676,0.7745501905206061
0.7677271503230886,0.07988238408409157,0.7712510573741788
0.7015450489081241,0.09565995437906206,0.7745951932276978
0.781616716242128,0.08038341218295976,0.7744784578120003
0.7357458923295572,0.08457173622394841,0.7833802644444796
0.7538139866540161,0.07925753055668086,0.7822561785012224
0.7374463156999124,0.08674989944727687,0.7741146191195183
0.7569525600746212,0.07767229168109498,0.7792683606216532
0.7358106573645301,0.09055258750332257,0.7768656618877247
0.7248106068442961,0.08706464394331805,0.7728665582150714
0.7776765960603367,0.07413855067844312,0.7790543008209828
0.7802345187526204,0.0744988441115155,0.7837766255502753
0.7495331016605794,0.08442290962380401,0.7728363039820343
0.7397865511334785,0.08689884106359122,0.772637695617236
0.7376617756053165,0.08756985529759365,0.7763717643194437
0.7628705553212046,0.0791174224675454,0.7840284836533739
0.7512778666604171,0.07964099461363201,0.7845381902295842
0.7313101055486997,0.08390071047667637,0.7736085972973673
0.7196053845302691,0.08720129640671342,0.775047252399744
0.7537213494086358,0.08157960424920609,0.786086924538769
0.7848044489601154,0.07987911972838811,0.7735582285891471
0.7702173270806039,0.07905531236823501,0.7727802791509886
0.7536700517616216,0.08575515017805861,0.77598644606834
0.7290058969768072,0.09013941038695575,0.772524043581525
0.7832127418112598,0.07571570495094807,0.771012833816104
0.7242835919680097,0.09365084333468228,0.77746348956974
0.7667043650236227,0.07847529798227511,0.7715136154638649
0.7093403382941927,0.09792999148680223,0.7766895950281831
0.7188093419047183,0.09009730626404182,0.774315776926878
0.7322970418602817,0.08614315964646009,0.7724872959059448
0.707474625772001,0.09200315098187718,0.7732117363811036
0.7201260126123967,0.09117224829199704,0.775825906046146
0.7611684815742674,0.08306981309703937,0.7746911411891031
0.7142173156494153,0.09411348363943488,0.77685912903007
0.7971266746201974,0.07634351220632223,0.7699052275640714
0.7621304900306332,0.08856726338534626,0.7750141629504546
0.7841477747651704,0.08212510198545059,0.7752855296856664
0.7507253211173457,0.08277560070372725,0.7851127730270715
0.7189182574194037,0.09160326033689667,0.7722472432159851
0.7813098125540966,0.08051208855197726,0.7746956695058451
0.7811891706752014,0.08058616659605772,0.774846901976654
0.7597150301704121,0.08286920547161278,0.7740540985219942
0.7512806768168672,0.08029106782650507,0.7722293891119384
0.77326802819207,0.07742600451707471,0.7832260535451979
0.7344971616253505,0.08801909089802717,0.7740409114436221
0.7297919308100902,0.08603061822394921,0.7847474758194624
0.7139582945291583,0.08687213178655948,0.7811556090387267
0.7136973409689262,0.08326268844105425,0.7823418725621202
0.7235653983745263,0.08910493156349356,0.7732434102165459
0.7501582682487826,0.08545982925420259,0.7746230088007344
0.7460612355227314,0.08512961508833428,0.7715671825363914
0.7567375417873663,0.08444373312872681,0.7735022364290982
0.7482521183342112,0.08776663172301327,0.7737031131638357
0.7174248386789325,0.09171998723658101,0.7749846584405033
0.7500406804907792,0.08432758221378608,0.7713870260133034
0.7614758632593039,0.08363526481464384,0.7746466078295441
0.7388921973397441,0.08992093655973155,0.7765818837927934
0.7634409530042203,0.079878234998971,0.7715147199828422
0.764121363947197,0.07950431472888743,0.7716780345923179
0.7300196092449289,0.0869198359342304,0.772431226389293
0.7717759181568106,0.08077035166468935,0.7732844490086161
0.7118883671515828,0.0938308247144469,0.7765680960423337
0.7762362041949481,0.08226752844659778,0.7722420935920701
0.7595866065616188,0.0810951834189681,0.7735629932296508
0.7366449890407248,0.09195241109701609,0.7751342836306528
0.7506031255172408,0.0832766186836207,0.7715547744970415
0.7236761506642053,0.08865932295030705,0.7724732475312589
0.737214380975189,0.08966617488881494,0.7766260896779001
0.750031337847756,0.08415553374204242,0.7714990602942067
0.7662801421893818,0.08230841576053975,0.7758874968462982
0.6985852905590919,0.09557523144411971,0.7732773494231868
0.7492451725735845,0.07678773463004888,0.7801383792538947
0.7501598942819958,0.08877441970314899,0.7767665469227962
0.754498285870114,0.07824224707189162,0.7725527020577558
0.7492823652013538,0.08279064749072323,0.771883133680936
0.7445230554270813,0.0912126576355653,0.7754698788304822
0.7236876453639741,0.08909697702536847,0.7730696425071043
0.7379725349923912,0.08765865436287375,0.7749221543211932
0.7523642234275889,0.08635793509824102,0.7756385911296001
0.7779303481902293,0.0856828685638281,0.7752192207145711
0.7610282050544775,0.08128055880913038,0.7715878390297427
0.7967251023938798,0.07358637756113875,0.7706278592727673
0.7280395833948377,0.09088624319185218,0.7736173438130485
0.7324318571997572,0.08767086242798637,0.7742272395163249
0.7130971265511168,0.09382560950670993,0.775666595887498
0.7721224883628984,0.07791911626771209,0.7713926360535288
0.7119742749252475,0.08649701707485763,0.7740770614856778
0.7195214384305322,0.0893922887451983,0.7729765644923002
0.6982384794288115,0.09996294559801616,0.7764006487216576
0.7973520952448911,0.07729324124127107,0.7706707439011998
0.8052053149155955,0.07058315528162412,0.7810797309541196
0.8033594047934162,0.06947817244302262,0.7780496839976783
0.7599109882321383,0.07630344529710302,0.7814303292005061
0.7432766931289797,0.08313282218261625,0.7722678562140259
0.7429013497751377,0.08740923390646733,0.7751708496506902
0.7474205281816411,0.0830437426902074,0.7718455096638542
0.7426367399338463,0.08394035070261399,0.7720793601742791
0.749701155469854,0.08267445350935666,0.7843406764923533
0.754150692215491,0.08098225826244841,0.7719948305061047
0.7753194025470383,0.07636143943651935,0.7815610495598818
0.7524658871578923,0.08523942847681139,0.771733875265393
0.7967152560734104,0.07702939057663317,0.7705521222711459
0.731379628421624,0.09042429840246081,0.7760945546534523
0.75865260281319,0.08272396215465308,0.7731075747638879
0.7501688005135096,0.08641903355495165,0.7742669075964768
0.7417365737233329,0.08448556590340185,0.7719656016024088
0.7203209240900195,0.09231038342670747,0.7730539334603059
0.7180136240441116,0.09022950103604468,0.7752743984091497
0.7284626256919711,0.08446609674397543,0.7844518963485195
0.7430950910958617,0.0857668123275576,0.7734367328560202
0.7443860308209856,0.08219697654047683,0.7724119892062864
0.7572923672337403,0.07822724226529716,0.7823191238799544
0.7430783400506822,0.08605552302473712,0.7715821696919727
0.7478153149755793,0.08017619102779962,0.77985767924503
0.7566997444902696,0.08303820710548292,0.7736147600093485
0.780238233187602,0.07442549625324096,0.7827314913296272
0.7783071322947454,0.0794597080391102,0.7731736829088012
0.7405096103081992,0.0872213051784647,0.7718341558762033
0.7975208999727827,0.07838784246441112,0.7745579737858013
0.7451924944110078,0.08543690966818446,0.7716473994824953
0.7507891831846111,0.08173512343362707,0.7719839986936815
0.6975260709991213,0.09903909790587596,0.7762965274770524
0.7120628403099255,0.09513153021452929,0.7765920146598736
0.7481477273017811,0.08355066043576152,0.7723531282080769
0.735805708522971,0.08326431133835072,0.782268102313947
0.7509819232878516,0.07913928414526311,0.785581629841281
0.7429792577963652,0.08021052705556837,0.7735091601728121
0.7684275912656318,0.079316001823951,0.7713423537707562
0.7380397287962202,0.0879406499250513,0.7757759405383736
0.798906499742873,0.07971398597189436,0.7738814865653127
0.7715289768188343,0.0723743231049505,0.779554522527922
0.7626943977816854,0.07515066672160309,0.7802536538861602
0.7732552621753931,0.07344357873624864,0.7790352373804846
0.7379250421138553,0.08934677935125064,0.7762448317898766
0.7761587760862759,0.07812492026203768,0.7717996348622738
0.746325159316884,0.08411921867209095,0.7716990697165814
0.7767700741967907,0.07490547356049035,0.7805024860171536
0.7570443208709963,0.08227286899415344,0.7712831814085809
0.7153130132420021,0.0921703975377798,0.772437282897406
0.7925358050737364,0.07041879593173764,0.7802140687099334
0.7410661895289623,0.08347828770987019,0.7855734943063315
0.7977378497752828,0.07067858553045528,0.7837516669288277
0.7606575000451348,0.08295346786800867,0.7710211214452208
0.7235175068353105,0.08776162517108789,0.772693345693049
0.744927008579818,0.08656493484385717,0.7750869750331604
0.7574847690560778,0.08335341572969998,0.7760100896697036
0.7365701734611979,0.08871563874872515,0.7762438598095786
0.8071171042414597,0.06843964432553593,0.7781750182565403
0.7487477317139609,0.08393516860401895,0.7715307643373261
0.732179093309868,0.07949807803452467,0.780851232843409
0.7865869259441279,0.07742969093522603,0.7705868235046509
0.7748590376537213,0.07491993115980897,0.7822037612578377
0.7800784842074747,0.07268906924958674,0.7793167194145568
0.730916264581197,0.09006229515362829,0.7737568027437884
0.7996861339626038,0.07103964918505916,0.7807012083677018
0.7393287579561484,0.09025062586985036,0.7768054295061289
0.7953805015695069,0.07385021687679136,0.7824600225451872
0.7765031816342902,0.07945964469130805,0.7714196854658196
0.7664265840890732,0.07946003451010274,0.771265514757851
0.7501805049715122,0.08531570414688229,0.7842435778376061
0.7760944962183244,0.07499697691615935,0.7783849997958765
0.7838713066157894,0.07881419149929068,0.7734916043040159
0.7571959125161314,0.0814692948618554,0.7716369305363153
0.7382810040760288,0.09209597016581059,0.7752860766943742
0.7418824393960188,0.08888947950253531,0.7750738866881454
0.7631396519921954,0.07840056352467084,0.7723594527910972
0.7644062010341812,0.0786816369987558,0.7815683133802898
0.6981864640577171,0.10151840662805,0.7769023311633374
0.7404482427415191,0.08100861410384622,0.7830221638380648
0.7029998743773207,0.09159908784619425,0.7749580776844194
0.716791414427118,0.09440023751117495,0.7754416988433537
0.7559482800430546,0.08312186513487752,0.7711759898722143
0.7230696028578484,0.08990011804079755,0.7730487270714708
0.7501135068985176,0.07771836668304902,0.7806838197010356
0.7487079495480166,0.08579998359155398,0.774904604575039
0.746625802099876,0.08451442160187088,0.7734180401620802
0.7661020997323967,0.08265660218266473,0.7752634012811805
0.7923501545149934,0.0740579067879166,0.7708562678000185
0.7363136231949279,0.0875503926996243,0.7745236878636326
0.741361658062669,0.08889528530104093,0.7761861819228356
0.7842677323156616,0.07704801406619134,0.7711419874348057
0.7305917220527965,0.08714299614772417,0.772256849667885
0.698720158319667,0.10222890679212962,0.7769457612526071
0.7526468736699753,0.08163640448870631,0.774087648918175
0.7424076347018489,0.08560702044657613,0.7730898050026876
0.743917266312113,0.08265323261477259,0.7722544109422474
0.7453360179423576,0.08500725813937379,0.7737951648773927
0.7432874619503582,0.08675815357455778,0.7758724110881292
0.720370002732065,0.08932250032251836,0.7726185891115451
0.7297122934762955,0.09044375227108721,0.7759603787377071
0.7739018069509237,0.07723397703238104,0.7712648848062787
0.7805960464095807,0.0762035492060767,0.7715538107756909
0.7065115271287579,0.0986393512480693,0.7762280902748713
0.745975693487274,0.08259424565326189,0.7843069952160798
0.7701493323730145,0.07781745383825021,0.7715211461750228
0.7402091012714428,0.08432847172888683,0.7721967933546802
0.7578961301336866,0.08218347513152592,0.7712967623770863
0.7414596738126964,0.08160722453786987,0.7809450275089008
0.7337530526779125,0.08686826343103601,0.7722937376774676
0.7387716904649688,0.0882934369178938,0.771346423803669
0.745593121989771,0.08633657436843492,0.7760377041436128
0.6972884771319718,0.09599592063057372,0.776456715404848
0.729158190667371,0.08816277916827274,0.7758493751399294
0.7547833556322369,0.07553981297616386,0.7800235548626622
0.7554124033571872,0.08110790092998782,0.7716801574147221
0.7638661696225484,0.0813200216416278,0.7717574743579173
0.7110699369287168,0.09208850859326198,0.7734325205668897
0.74627364360731,0.08698859113966297,0.7710652904635524
0.7320585689519767,0.09195197828106673,0.7757527726664488
0.7188815282095841,0.08910111148486644,0.7728222525068231
0.750145940725294,0.08250167342933777,0.7722447600642918
0.736796397229498,0.08711865539338014,0.7724089115287449
0.7758121571184935,0.07667148400295834,0.78321960116999
0.8004803465092455,0.07641629400022243,0.7744864261809083
0.7503385098789617,0.08433811692773885,0.7713967594114773
0.7610344380545265,0.08168525971004116,0.7712330785355127
0.7506250631154383,0.08553614375195555,0.7737899099052299
0.7073826550952851,0.09423355608073812,0.7728601737872717
0.7354249774122594,0.08905275910411509,0.772801159034766
0.7217102167479881,0.09570902047444653,0.7763954583337465
0.7368170758418457,0.08657287562354277,0.7718598674156264
0.7509148390909393,0.08269789841128623,0.7716950946724918
0.7714842510698855,0.08009498141140185,0.7747958403989232
0.7583747740315627,0.08438976310026819,0.7761409101444042
0.7465304423533076,0.08492344850658505,0.7719338288825786
0.7816744232480495,0.07410077917753907,0.7789936523025585
0.7443944115564269,0.08120219223320115,0.7725513197472198
0.753173712681687,0.08135357998855768,0.7718815954630913
0.7716697609302182,0.07477673528473747,0.7808738146050277
0.7578626080227552,0.08473813718685042,0.7707745202970143
0.7135402550067678,0.0881408206626377,0.7735653361234017
0.7644521320044138,0.07527090344177613,0.7794459021163135
0.7729525940159195,0.08262726427442357,0.7726630999249681
0.8035942574862428,0.06604973210846689,0.77885023216826
0.717034306934064,0.09156102837549884,0.7742024321917601
0.7373661815493536,0.08424506732559313,0.7723735475407317
0.7458209155862493,0.09063663235513912,0.7751796643886772
0.7406300901054672,0.08283778763225368,0.7793230090499677
0.7970916803726575,0.07723461128234214,0.7704512171320834
0.7620056670516593,0.08184708334098914,0.7711168022369519
0.7672753492912283,0.07906952795209742,0.771353666121913
0.787899865258348,0.0766672996432376,0.773073630268784
0.7756163558115879,0.08350355696214505,0.7754214699235021
0.7353298973443808,0.09213838846037574,0.7771113721965597
0.7804038466600104,0.08066424494274646,0.7744413589784656
0.7710798165480416,0.07424939372919495,0.7789974149104947
0.7445154986058456,0.08485806141044387,0.7718439564819223
0.7585474609068549,0.07584238166343094,0.7794908818620035
0.7043288285191212,0.09734763081719028,0.7752821187011018
0.6989452350635965,0.09532859484254293,0.775412396284719
0.7075223772412775,0.09439929999535929,0.7726007881076878
0.7721595628501859,0.08406206770424257,0.7746377312190637
0.8178308470095598,0.06764189961511809,0.7784775517328997
0.7272172283905641,0.08185191181958709,0.7807218871465065
0.709624512621194,0.09440863680558921,0.776346713530512
0.7989171577630544,0.07007577512993043,0.7803763997240725
0.7779454467958881,0.07438158902255085,0.7805744045052642
0.7530466869745721,0.07680025677692973,0.7798516556002747
0.7668797560399109,0.08101087631089433,0.7729508320384586
0.7891230719357787,0.0714345334844321,0.7783316507456917
0.7981773188051317,0.07318193996458403,0.7839536703774608
0.7616210230018833,0.07413800094542482,0.7796611503560474
0.765104617919078,0.08181201284700944,0.7747334674764941
0.7386285101747289,0.08686793572671336,0.7733446505540074
0.79049225840413,0.07267226573794802,0.7824253727123165
0.7463769542681515,0.08746106250826917,0.7755969880729482
0.7968260240969297,0.07488112982974011,0.7708438604536739
0.7289975735222746,0.09180433259721311,0.7755848867779482
0.7438856569144966,0.08271187502759982,0.7841665577000808
0.7254003532716088,0.09186554739238639,0.7717260111758185
0.7152367086742121,0.09815050942022278,0.776563771071311
0.808468884207489,0.06931940814640383,0.7775861035600237
0.7049416457561776,0.09389836765943367,0.7742451646563647
0.7715180406663025,0.08021872503922815,0.7713749841718256
0.7826277582415742,0.07473397908038909,0.783359274108494
0.7725535423660594,0.08025794422398995,0.7723810848099921
0.7336509270084167,0.0843871521875106,0.77272447908521
0.7282984694207242,0.08174574764014725,0.780696645075156
0.6965926748343658,0.09517602434209059,0.7743859933240053
0.7384809697579617,0.08576265150316464,0.7728461017825909
0.7764126489675758,0.08330820217209133,0.7746594123726054
0.7657323252936932,0.08137695313846238,0.7839154013774471
0.7639352642209846,0.07919198116559249,0.7715167237090019
0.7441868265766816,0.08712925113943683,0.7730326057860931
0.728844348106936,0.08731350455191056,0.7745239173678199
0.7105042349183603,0.0939708802657829,0.773059633522617
0.7969099545524354,0.07443130961742468,0.770360280056922
0.737992098042491,0.08691474772487748,0.7724359324896013
0.72583509925156,0.0837758582761804,0.7829376726033839
0.7508158079168833,0.08494789581773321,0.7723521326661035
0.723129888416545,0.08828280246459,0.7726075491840951
0.7697260819764953,0.07630879900404461,0.7788479220500337
0.7380501071582447,0.08637412953152858,0.7719949456079246
0.7621386916604164,0.07399839112672991,0.780161769545668
0.7243580797026639,0.08689422911085452,0.7732049845791265
0.7264062362893282,0.09102086304130838,0.7717455585283968
0.7817436217310515,0.07047484822493402,0.779543342925847
0.7291265530651903,0.08781299362576024,0.772313021506294
0.773245419773724,0.07422329788791979,0.7808741299744562
0.7821855419859282,0.07378718492053976,0.7787512572274309
0.7755239634431239,0.07411229462138025,0.7827143389078927
0.7851060086548989,0.07957632490072218,0.7748339646746372
0.7541590151953734,0.08236913666969664,0.7715625035427334
0.7771567079407106,0.07634911247733503,0.7828209135320836
0.7549431018402889,0.07914878006676765,0.7819190554566455
0.7568550139143901,0.08890248533340159,0.7755652148847135
0.7425377619170975,0.08787764297073357,0.7742047357081586
0.7453639127053392,0.08432031575511369,0.7717360288632066
0.7617200964013817,0.08029105733747656,0.775214613165707
0.7615002256689153,0.0837973423818021,0.7725277600914112
0.7552326237096006,0.08270630754646634,0.7713219028569246
0.8001109344149469,0.07772623313047358,0.7733533990859793
0.722942455234407,0.09114283251875552,0.774652702248315
0.7401729315212038,0.0842788372489823,0.7722267596395912
0.7211356937713219,0.09131451667035476,0.7731018230118424
0.7407105328561326,0.09066554357392785,0.775189528778196
0.723349773648004,0.09463938827368358,0.7751755438843649
0.7254015217358974,0.08936930364656714,0.7722618495247344
0.8170277895141227,0.06700924074488558,0.7776423008249076
0.7553299318614612,0.08724279795404252,0.7749274962801825
0.7156802973104387,0.09629824545899343,0.7761473925074465
0.7507014496905532,0.08865276656074887,0.7750034347535718
0.729685409685196,0.08325512204822405,0.7815203477646077
0.7393209923459224,0.08164873737779478,0.7839061301020419
0.7751027069738617,0.07746464976174944,0.772062172636465
0.7645523854071771,0.08497367929149036,0.7757338373562098
0.7504397871307196,0.0859723713834934,0.7765248893947813
0.7908502693482762,0.0743211643435532,0.7804000819200811
0.7695147672021535,0.07314931678578217,0.7804942335037981
0.7413662347899918,0.08802464294984622,0.7746320829377721
0.7575724019844201,0.07417637967449507,0.779997500438608
0.739639452986358,0.08616453236300912,0.7767186087398348
0.7661437629453127,0.07867437990806025,0.7828108728671644
0.7441297269534132,0.0830759047501584,0.7721003229844189
0.6959536035786117,0.09617018344051603,0.7736914865966174
0.7263100174873701,0.09126452965794805,0.7760528828483039
0.7590914737144714,0.08541455694021213,0.7737572474942814
0.7261372214632629,0.09254210088434343,0.7725513028391156
0.7719195619989996,0.07818116868110499,0.7715055495162586
0.7923107933160876,0.07843968450866412,0.7739429784416272
0.7799319160481194,0.07831848754527868,0.7705720159840962
0.7260494780495547,0.08697959902005815,0.7731532739431184
0.7313874873172364,0.08446096332612964,0.7845303368922728
0.7973413601521118,0.07628719198423888,0.7700897132542666
0.7343637201153723,0.08098877169665016,0.7801734387775769
0.772854763512942,0.07930010932074545,0.771908650243634
0.6992214857243491,0.09787181938222839,0.7775492525527432
0.7227977836103345,0.08806118449652256,0.7744189641683946
0.7562591281197972,0.07992080221449736,0.7835064974380421
0.7387960015860905,0.0875734343250884,0.7716264471858728
0.7385094390975254,0.08416989678011277,0.7723238319078255
0.7725250436936566,0.07265380651243515,0.7792670114551242
0.7672494930758965,0.07449356442535378,0.7800391567943388
0.7560208983987655,0.07873922795279847,0.7835070199261654
0.7396354051145572,0.08810364166297247,0.7713068630412453
0.7538041188291742,0.08445362517929118,0.7729046150624355
0.7737957741708992,0.07877280947398525,0.7718437820829042
0.7300867237588097,0.08850966567458068,0.7721062378109393
0.7890276943605146,0.07059806194961708,0.7785759780069001
0.7418130214698566,0.09268353614083515,0.7761163296381479
0.7462672808805443,0.0864481819863175,0.7716486035259857
0.7323677264764882,0.08737574378720571,0.773320379772907
0.7631585281824469,0.07817226832324113,0.7838600979966738
0.7822823875448749,0.07202180147570914,0.7794833033068636
0.7201030206567903,0.09215045770915277,0.7737216913405323
0.7694747168685043,0.08681851245416748,0.7751148477001313
0.7849020640927159,0.06967540135611587,0.7792048667644197
0.8042521276017843,0.06843046571309556,0.7782083303299792
0.7488563746996026,0.08812375925068423,0.7756481600402664
0.7656466668863866,0.0862518953977426,0.7745110466147569
0.7440108338020449,0.07969891686613471,0.7797165114235657
0.7669270627355651,0.07941810290719221,0.782299331853984
0.7320719655371714,0.08884924912815359,0.7721157564678282
0.7477432469048532,0.07937012552468611,0.7795702952120658
0.7265868452753326,0.08759727681373032,0.7724682240393739
0.7509299617516907,0.08035834583944668,0.7856409217167774
0.7357593945819442,0.08715350818420783,0.7743769632714976
0.731787224322027,0.08492291409296437,0.7726789888849971
0.7650867762350182,0.07502830254720809,0.7803249069863382
0.7552643276896502,0.08250439847625007,0.771367699477189
0.7968044345515781,0.07467839806943768,0.7709017973064233
0.7493656736757608,0.0774881461309644,0.7799040160572519
0.7196167586062094,0.09224818930395709,0.7774703804913731
0.7380735566611462,0.09336421441054475,0.7762717753277019
0.7893517476033984,0.07090508862433302,0.778934924051681
0.7492887575617341,0.0789751854977281,0.7807744798922028
0.7952057141965124,0.07217907213722297,0.7712012871299924
0.7576986065992845,0.08215297799381197,0.7724004397039804
0.6958608028843238,0.09854734275636322,0.772791761184548
0.7397132126295134,0.0788988845324012,0.7809712893970545
0.7381019061654931,0.08770759741374641,0.7726423348520624
0.737238177866045,0.08701611112604672,0.774462134786835
0.8194016412123003,0.07021519965694548,0.7813047803840625
0.7634781910372704,0.0788325537705217,0.7716874558745251
0.703374992457672,0.09373466083013175,0.7743346015540432
0.7488976683758148,0.07892349598419357,0.7794792018038897
0.7299046130305709,0.0882624266443257,0.7739769426465033
0.7319827160271618,0.08477355911296279,0.7846884865459758
0.7409853774503065,0.08950550988306111,0.7756793721595474
0.7483456653463019,0.08443677282464916,0.7727550577564279
0.7454790765005921,0.08019241211556379,0.7731450652366765
0.7367621529466707,0.08103732134041473,0.780017798791723
0.7920809772436229,0.0724779986671742,0.7843801262656009
0.7028091391662707,0.09400423073034585,0.7731422698619677
0.7692405353244869,0.07665452679504471,0.7785213087867285
0.7474948191656895,0.0825296392304595,0.7824946283878615
0.7132713179819692,0.0837119044982696,0.7815018170286412
0.7340402573962176,0.08466069812202219,0.7726623418682523
0.7504987627440749,0.08583089038274165,0.7730307965739392
0.775342076977582,0.07951840367215905,0.773615840429295
0.7387717102005493,0.09079943443365886,0.7762202166388801
0.7330329671051499,0.08462561102576084,0.7853039592608478
0.7210081253453683,0.08960213411459983,0.7754063654079123
0.783660198437768,0.0778600219453524,0.7721759074648735
0.7180106859369841,0.09323671716666217,0.7729534965978911
0.7238025072911456,0.08837616030414719,0.7726917633976381
0.7486083217579573,0.08630237648124588,0.7745762550868522
0.8198388678262586,0.06983609602806468,0.7822859656513105
0.7399527609295307,0.08800204882877793,0.7714042780214158
0.7713937611259023,0.07969555703561715,0.7716936987552486
0.714570579014973,0.0943228486292187,0.7721349471897566
0.7626742794971736,0.08414415920800138,0.7746672821565871
0.7462754904797695,0.08282048443338279,0.7720515862658908
0.7245889055120256,0.08798221545077631,0.7742358259653613
0.7377306766203195,0.07915486050112029,0.7810412939414543
0.7548942409701161,0.08431790807568564,0.7718870083673808
0.7418616631750414,0.08782837576111718,0.7712855143004664
0.7386492182448784,0.09124997578100838,0.7747665937223795
0.7557121190234591,0.0814291047339586,0.7715808051444086
0.7621123459120177,0.0834966490867564,0.771401126588391
0.7744200701283879,0.08004307089155739,0.784861076372401
0.7508641536502456,0.08538009508762867,0.7710938882677726
0.7421199554851986,0.09020988303885243,0.7752690646230491
0.7128168428425525,0.09110372186635657,0.773747358868544
0.7470389653701589,0.08557995316730793,0.7746217497831765
0.742446796494694,0.0866173090357241,0.7740104402394765
0.7416937203175828,0.08667728799156058,0.7724758988833249
0.7813343755552894,0.07384727203023629,0.7782845276848536
0.7634988588069797,0.08462036227960283,0.7745605703715835
0.7496614118411985,0.08514143578601208,0.7716756052536315
0.6959493228721031,0.09850134402652715,0.7727699413961555
0.7384332680219831,0.086730970629141,0.7720559221521414
0.7218371379238606,0.08946208965026194,0.7729071619832364
0.7299944418838074,0.09353308743298624,0.7750836372211325
0.7147908090040735,0.09287734144938485,0.7730465505154036
0.7761065391159588,0.074498504783983,0.779352767165671
0.7690040745692888,0.08378525956985045,0.7729839547029779
0.7351968025622165,0.08589745333402904,0.7726416785474337
0.7346410454383029,0.08724739962098595,0.771886975337967
0.7113800164944215,0.09463573860036467,0.7750834995781365
0.7656727326841632,0.07725637457364355,0.7830612275219573
0.788084523170836,0.07588638265557544,0.772362694023586
0.7587931764383749,0.08374313956562693,0.7731017264125308
0.726137801468846,0.09024180339223084,0.7726931087216787
0.7358112599552386,0.0842677705629912,0.7861079820092949
0.7393451257827821,0.08824121457853153,0.7746617921530662
0.7341818115854187,0.08576880020041931,0.7723501967836047
0.7489760819042184,0.08388766861592427,0.7764426081091998
0.7470186319623517,0.08579621583414972,0.7752670006945352
0.7327933985034103,0.0928354946220238,0.7742038404310811
0.7500952052665728,0.08228657495037167,0.773758094060847
0.8007210119310918,0.07758032957298235,0.7743093925311446
0.7402084604831578,0.0815497295615717,0.7797534012033056
0.7549594737953315,0.08304841517899877,0.7720048138686798
0.8161190273822875,0.06546723586761126,0.7783190987965389
0.7970227639272421,0.07368011249175964,0.7840788922519546
0.7310534348265914,0.08508389715666101,0.7726862194702984
0.6955552120361662,0.09519349036244881,0.7735630335827
0.7288010834422469,0.0797999767817398,0.781858586208547
0.7372596553981232,0.08672084966925499,0.7728737131492397
0.7613650583888028,0.0818832046888984,0.7761170327233543
0.7861163369506713,0.07426762696740667,0.7798907554152245
0.7056338774859963,0.09225495778225418,0.7732593416720341
0.7501623356849904,0.08235127452705124,0.7720328099500395
0.7276017263413022,0.0934091629087191,0.7752429225383058
0.7572272568709544,0.08025396889717819,0.775140512009814
0.7540183727805209,0.08449520555491476,0.7720744509009141
0.7493356618008546,0.08739892459763483,0.775017986853886
0.7315475962899781,0.08871760091358323,0.7718951044654001
0.759686621947621,0.08053329984938458,0.7719463546210401
0.7180917494438152,0.0832795981471595,0.780982063937079
0.7567276971170048,0.08092937187875762,0.7716261973646301
0.7145995852157905,0.09019857153257496,0.7733955251244317
0.7273690557280119,0.08866154656678721,0.774181255646597
0.7310536606739001,0.08610361731018926,0.7729916120555101
0.724117228089459,0.09112170975549096,0.7733319028924546
0.7294073068000771,0.08848043695150394,0.7724340742373507
0.7745578733836411,0.08079901778192178,0.770870645252209
0.7291825762626469,0.08935786615255059,0.772605342282185
0.6958320095036737,0.09902657598910063,0.7734211709331735
0.7344545150287043,0.08920285131972872,0.7751958847797984
0.7968484766713305,0.07500769907078016,0.7703655131829772
0.7443287030093437,0.08830242494739293,0.7747442041706183
0.7298284590853884,0.08407965594683148,0.7831050759448783
0.7240170177797877,0.09249988259482356,0.7722364739226498
0.8000885602140264,0.07139275417586821,0.7819197904869196
0.7280513835208807,0.08799539243089362,0.7730756879287215
0.7254124727997625,0.09472762730621,0.7763525006214596
0.7971551236761942,0.07566953002652761,0.7701162288784296
0.7337405014596029,0.09107327825234685,0.7758423439963592
0.7305171856937885,0.0860523750417187,0.7845590780019213
0.7841724139527332,0.07330491823526207,0.7782904724303226
0.7058884124073946,0.0938561505948408,0.7728666107443337
0.7860725672132657,0.0709371642363691,0.7788836612489353
0.7330506997149223,0.08468649144356093,0.7827265303437518
0.7456596203305027,0.0844637970280724,0.7716926309617621
0.7321878251618712,0.08951245255717408,0.7722046460260049
0.7372500370292138,0.08892244563245436,0.775839544786521
0.7279062754327523,0.08210366761533071,0.7803970652867891
0.7406970416755068,0.08841556092967388,0.7739827573909979
0.7614412233720012,0.0821006437021427,0.7710044728677007
0.7658726528110462,0.0758276449078889,0.7791053800840538
0.7518682630328316,0.0862576726962907,0.7744720590225896
0.695993724003429,0.09473133962283499,0.7739391661077353
0.7754784476490323,0.08024930525057226,0.7706147198525751
0.73222870227166,0.08683491552109243,0.7731336500613449
0.7272964665543834,0.09418190574967907,0.7754026137463582
0.7511068304816471,0.08842187460725917,0.7752249798813502
0.7626968318790583,0.08209128724755706,0.7719197516985895
0.7174201960232875,0.08700272172178156,0.7735156687452337
0.7356327151676271,0.08497138246678332,0.7724008761158453
0.7609574853902832,0.07574742826309455,0.7796072856988376
0.7167808467779182,0.0919436791264242,0.77552728749476
0.7257391410588828,0.09220927740009494,0.776538229166841
0.7325274520307427,0.08849281196084026,0.7737386642535053
0.7551169961982446,0.08084981054566132,0.7717679009695456
0.7316765939371691,0.0860730898356264,0.7724668898086524
0.797775930342534,0.07050115092867115,0.7787910981046767
0.745856950149653,0.08906496170396208,0.7757761558134324
0.7018964973568385,0.09645125548010058,0.7765143317375919
0.7134351307093805,0.09304226832558266,0.7728365561524596
0.7449055597979727,0.0780247039757306,0.7802736708529017
0.7727377187773873,0.07609810620163668,0.7843559670912931
0.7221005733927923,0.08640955371713724,0.7731581744779065
0.7264708380092367,0.08840490791373752,0.772472066940569
0.7392402275592818,0.08932987637823799,0.7753248361498963
0.7080528377833946,0.09618794443560143,0.7732474646495411
0.7281274786766753,0.08759419360284668,0.7734703372413722
0.7432227629587181,0.08003435420047394,0.7799755648462554
0.7647517424525029,0.08508221863109805,0.7748709915443072
0.7147964783185864,0.09114563608215655,0.7726753109611402
0.75848228374133,0.08134280089496003,0.7715147194839143
0.744475943692143,0.0852347508761042,0.7725134474080646
0.7433195626068514,0.08272571360028769,0.7839322820379931
0.7318467006810446,0.08801242344223205,0.7720036288270283
0.7764600232893352,0.07243741702661473,0.7789757235448819
0.7941965135889664,0.07071743951055803,0.7781667581065848
0.7019656877982506,0.09497585344384872,0.7739714268961714
0.7723779284320859,0.08172346864995333,0.7729033129394697
0.7795719518407059,0.07764186494547176,0.7724022479980635
0.7766298566654859,0.07781946075438764,0.7709543501834316
0.7426275516498072,0.07989025124384724,0.7797977344119453
0.7335973601536284,0.08624515775706094,0.7726741912513136
0.7183056128580846,0.08975075686352199,0.7728254917235229
0.7587800243923319,0.07499852274288031,0.7802657005575631
0.796868615424551,0.07536103968598709,0.7705343542562271
0.7304607710972232,0.08555747741035011,0.7727598781560262
0.7340747532000222,0.09091309587024475,0.7750988871120821
0.7187611502901055,0.08665253177267805,0.7800691450833785
0.7726343003045095,0.07748960135620281,0.7843446083526177
0.7563784427753194,0.08503001185634075,0.774474865311385
0.7579930465400763,0.08183283348513336,0.7735526409206701
0.7499288241743399,0.08414468385904288,0.7716295651437475
0.7431282405394133,0.08566538891304436,0.7715683405585809
0.7473472013445448,0.07859808468459764,0.7824738296806526
0.7304377153321365,0.0899826455254657,0.775109560819645
0.7707378647285335,0.07872529238863449,0.7711409149244726
0.761286216855213,0.08383826662188619,0.7757242191040682
0.7135730054696519,0.09253591333713514,0.7742583307446156
0.7516499655338028,0.07770193971324793,0.7795106978565771
0.7410425033913496,0.08367529418068215,0.7731399375582324
0.728418361546957,0.08781892864444166,0.7723574980190966
0.7640268433880982,0.08254241719848295,0.7735288863045654
0.7820013985174816,0.07444472882401337,0.7781782161036374
0.728620030680995,0.09211086623447733,0.7718852966436808
0.7799383807196464,0.07332530195351977,0.781631574854379
0.7452847381855726,0.08703380614223583,0.7759831970620181
0.8058444825233981,0.06917984601739867,0.7779136799049386
0.7356685383916456,0.0892504540369064,0.7735548191424626
0.779338802571107,0.08241427978169082,0.7735286842055931
0.7552704437247871,0.079573282797102,0.7721279777846919
0.764280395880891,0.08239296454370502,0.7749509731074199
0.7453446741435334,0.09077567525256446,0.7767029330325984
0.7815747140917396,0.07651098974023923,0.7711923455841689
0.7130445815304276,0.08864456631401044,0.7734239824239001
0.7697892833824559,0.07647386869428759,0.7842267532670494
0.7198462856181982,0.08859639674227941,0.772818692823764
0.7867704159258135,0.07481074324347582,0.7841789375836623
0.7466431292659881,0.08257740390005076,0.7724709201753095
0.7395983956206893,0.08768390475064233,0.7713963945786506
0.7632501477724303,0.07657411183831443,0.7794739503645776
0.7691556914236777,0.07758300265636717,0.7715414984901469
0.7204685354717381,0.09193551071196818,0.7723859082501645
0.7625074360777809,0.08382619340443706,0.7732659124368068
0.716483346481105,0.09123014944427388,0.7728293209944844
0.7526210999227169,0.08373921730368337,0.7717059307679254
0.7127729148542178,0.09392723017361736,0.7722372781946752
0.7353724176075962,0.09325105600445051,0.7766542516424991
0.7303759888609861,0.09110120401833549,0.7765612661867074
0.7465884525550902,0.0831748220478123,0.7722610241819774
0.8004722513896071,0.0779873563019142,0.7737557505448988
0.7539162460698529,0.08400534991041711,0.7711583427410876
0.7318091167688546,0.0931347369922013,0.7756431862985725
0.781958135866211,0.08268338924478108,0.7746196278856343
0.7590611436125497,0.08406590990315962,0.7731066049937245
0.7449191614250041,0.07783530220536378,0.7801726729968116
0.7961263776176953,0.0683688669460522,0.7789366391132221
0.7678237976813602,0.07687311881713481,0.7830201983438162
0.7868824792416956,0.07570502267257909,0.7707627925520733
0.7785969732040064,0.07417032790610512,0.7783679273756188
0.734622445417715,0.08099249743076717,0.7801810009471848
0.7335079161618802,0.09332867720618168,0.7754885608033717
0.7194249589006902,0.09002536021122744,0.7725248982231472
0.7765213052087399,0.08038820364104865,0.7711343172383122
0.7143718465592915,0.09336971861469585,0.7761571043756356
0.7622174111321149,0.07321062962223669,0.7799214092375018
0.807855417504401,0.07019773515674861,0.7790975144947402
0.7516994555016379,0.08537807167187338,0.7730188407945155
0.7261466199780531,0.08209485326443552,0.780561445740292
0.7534690106610838,0.08303316326190702,0.7725670157723811
0.7779384735738022,0.08130967594301212,0.7752491526268671
0.7698723700323483,0.07884286797571152,0.7711596194112381
0.7321811575547623,0.08714702135241259,0.7769157318667151
0.7313300203717814,0.09319588073574994,0.7770516763996762
0.7643854409696288,0.07784771668110906,0.7815047321500944
0.7321152051730827,0.08679169759882313,0.7744200255014214
0.7341680105887812,0.08544514918019545,0.772506347853787
0.7483269800327611,0.08231121956000073,0.7719984017512541
0.7582599518234576,0.0831640578459355,0.7713542468989053
0.7380601797825732,0.08670919518849439,0.7723280269081637
0.6987753522459371,0.09648814649069126,0.7761999202587974
0.7809407681950328,0.07823907779809079,0.7710291834471789
0.768853595210553,0.07956907217850155,0.772057062974674
0.7660370935411874,0.07879127324386177,0.781465714844791
0.7325040021977963,0.0880192425819135,0.7723769220575226
0.6963609789634738,0.09480338105896204,0.7747301247855336
0.6980347298681773,0.09944800502839617,0.7757007062482869
0.7404765423552053,0.0794791709367371,0.7799728627334616
0.7479399003899218,0.08636837178107523,0.771059484650967
0.7582114720268439,0.08003207698830876,0.7722193543668711
0.7564025646296991,0.08318389909325244,0.7740385902604481
0.7620044205754414,0.08119989922806348,0.7711733598268669
0.7718939026624918,0.07425605536251383,0.7847807448220492
0.7406985186791506,0.08723005309564653,0.7761956072450492
0.7134828231271132,0.08726325226928626,0.7804309661898415
0.7726979015793302,0.08144470932280051,0.7743254319363448
0.7315673537695945,0.0868088398861556,0.7722366489102424
0.7643289780061748,0.07698340252292962,0.7808112805416223
0.7323089937135717,0.08552487340027004,0.7851120935945821
0.7672384640106131,0.07843423333911588,0.7717983592044741
0.7618237291243743,0.08593408837479247,0.7752237594226281
0.754804267997322,0.08176616465681132,0.771572965376846
0.7659152098946278,0.07655581114730127,0.7820780652140213
0.7516122764963127,0.08272687331999312,0.771645770028743
0.7301210133245476,0.08865076361055811,0.7725065656956551
0.7828078121830823,0.07344573818173253,0.7823845782772056
0.7152183819402044,0.09208075422557252,0.7727817944809257
0.7531421759790309,0.0831874508562304,0.7729404168534846
0.7742194399584063,0.08153288299374034,0.7709394557367684
0.7139997638602841,0.09115910257916394,0.7727457175835497
0.7546827077488077,0.08426954294635104,0.7710102472971773
0.7779641354611662,0.08172854551613687,0.7729337205751102
0.7733022837573523,0.07651417259361197,0.783867867526992
0.7430940445299165,0.08768406065007611,0.7744653783706344
0.7910524123614615,0.07527598245282743,0.7706024975056325
0.712662107568562,0.09249356832027171,0.7725674805816911
0.7208859154621315,0.09199111248671013,0.7733313806866522
0.7357526200687156,0.0916579839977273,0.7750847418997907
0.7362644496805623,0.0776571665410212,0.7808509826244725
0.7638794758527204,0.08496865794638819,0.7744393314336436
0.7352625764709526,0.08821180022640464,0.7717247399582212
0.7479210344165892,0.08275255649114058,0.7718928412651076
0.7241076157198783,0.08813564712538222,0.7737667430753715
0.7543117742515633,0.07533654630569797,0.7811734492229974
0.7279091391130568,0.08960055338358718,0.773814423709796
0.7643388829760341,0.07485691578918074,0.7829494343508989
0.7767729357704195,0.07761351964256619,0.7719221370416574
0.7355428596066967,0.08622274445077795,0.7734873405456547
0.7423053358887188,0.08647939235883882,0.7717640967860709
0.7546471945246991,0.08343298686178469,0.775884356058248
0.749700581861583,0.08271049257792135,0.7719014791314392
0.7365827986950766,0.07883356396018215,0.7805939330447338
0.7682670177493861,0.07411576595720121,0.7791593660099201
0.7413571738166078,0.08834101385768249,0.7718671312242484
0.7386498189566849,0.09171973276749247,0.7760877021850114
0.7654566183587397,0.08193917930360571,0.7754886241501024
0.7038307803714284,0.09124653114846233,0.7736604179179964
0.7196383667771674,0.08288121490117221,0.7815946346191409
0.7536103112944731,0.08049261808833681,0.7720027806955483
0.7621695022986581,0.08378462472695856,0.7753214450414521
0.8104875783204194,0.06847533010331247,0.7780246782253987
0.7927532848076875,0.07910867208282353,0.7712591917950412
0.8118674393564879,0.07023419501795011,0.7829318220640081
0.7606667460337543,0.08089286162855022,0.7716257024766472
0.7711508496691089,0.08374669198803103,0.7745806115429463
0.7082592205672404,0.09311287563546544,0.7732562257994671
0.7716401784749732,0.07919935389674572,0.7728006126495005
0.7242087406349456,0.08948191738638103,0.7725042456587287
0.7352894126969655,0.08437916771582518,0.772667554764365
0.726675011946918,0.08959834688159159,0.7721227948085919
0.7130207272233904,0.0912541909780769,0.772825940100848
0.7553019083004798,0.07915509960550839,0.7722811516024911
0.7691952415555378,0.08275497915291703,0.7739975915978116
0.7710865877914206,0.07824951891602647,0.7715926125350154
0.8022376619284162,0.07170250159773615,0.7776191641486411
0.7857917811107605,0.07512773583171937,0.7710905147520526
0.7970067799480585,0.0765956024095369,0.7704018076050215
0.7358196581893497,0.08411599344367043,0.7856839207597802
0.7982055624817957,0.07911889322943977,0.7709843963674318
0.7518848920019608,0.07791441823897971,0.7807632783004952
0.7483727199638907,0.08337003085439798,0.7726044400037593
0.7428604589301442,0.08347311963283081,0.7722115635229351
0.7251975489195006,0.09425213279386015,0.7764676770144053
0.7310757643426957,0.08534184230670515,0.7727771387662561
0.7681897734921027,0.08021196094558034,0.770952346281524
0.7640171661719921,0.08252845350185041,0.7713928950675969
0.7504309012385849,0.0876944144432366,0.7756284769369708
0.7250844436633026,0.09047168931484208,0.7724842175063015
0.7415242249083336,0.08792952582830464,0.774698794478381
0.7672034388632423,0.07967537990769435,0.771444194253481
0.7438021041689975,0.08394858604269953,0.7744945717645516
0.6969028443753155,0.09911921773773573,0.7743364535292813
0.8104913128974502,0.07243886721047005,0.7833321507159331
0.8033975131519011,0.06758926767628626,0.778426872568599
0.7517199494270229,0.08432379815406879,0.7715946554781151
0.7077980437050356,0.09296364533207958,0.7757375347890902
0.756522971601405,0.07603484959653899,0.7799230852511759
0.708509317012208,0.09397240414411352,0.7728733643904556
0.7551311226309557,0.08625561425037383,0.774552549429996
0.7510176175147318,0.08461304225834158,0.7736986601560584
0.7466657585515087,0.08851927094803001,0.7732917750244303
0.7298181786804308,0.08745158441971602,0.785918547621133
0.7837029788522333,0.07777671520260514,0.7835109373768391
0.7461175044047695,0.08498356982039207,0.7718300393929861
0.7419815795390599,0.08407559282611678,0.7720372160397094
0.7853206050795704,0.0740822185685395,0.7828847041550825
0.7421910046066698,0.08625765001062066,0.772928327799383
0.7626984641019792,0.08058033549213227,0.7712597901549566
0.7261551368061622,0.08995792025289633,0.7724923904909397
0.7366190539513174,0.08552464267554644,0.7722989615733082
0.7751021459240496,0.08041922610909065,0.7747405610194386
0.7255830487663543,0.08777080767422821,0.7725145248848677
0.7080817657341469,0.09969277545644901,0.77574679369042
0.7063506039723141,0.09221391855022647,0.7753013380721516
0.8158322233611941,0.06779339396655315,0.7782892508973837
0.7575775427137811,0.08439260637632981,0.7730455675968487
0.7332895763695764,0.09119066496009279,0.7767180840409568
0.7305837922313375,0.08968744684809549,0.7736839429867446
0.6975838969499528,0.09548058770715898,0.7765514518738924
0.7682735522899536,0.08146264191169054,0.7723829304007237
0.7725729398171447,0.0767686486444854,0.7714617230677446
0.7137724500869405,0.09373740056232122,0.7730493328102808
0.7971662018069695,0.07453316485551996,0.7705181731880648
0.7450850289748578,0.08357044300787955,0.7721752803540419
0.7364853673854079,0.08732110376041,0.7754607033023975
0.713752234222412,0.08650067650819035,0.7809869234102608
0.7482111135838665,0.08276690927958898,0.7725596442092414
0.6988398721395871,0.09379492670837922,0.7739411671026
0.7142726458831746,0.09690427152194286,0.7743362279799058
0.7211179232638399,0.08899580512156868,0.7726990751175233
0.7966242731020483,0.07301345995648426,0.7708951016314073
0.7149895979445398,0.08794954754785024,0.7848817950921426
0.7664224710174256,0.08122437837792024,0.77096487362327
0.739886084039784,0.0821107021840344,0.7826617605542119
0.7387055813855267,0.08450896877881085,0.7722008190728186
0.710808503594667,0.09434074095474754,0.7751366191611446
0.7759674912602903,0.07866500031218586,0.7836982043724531
0.7262247957115412,0.08581665070560891,0.7729416744353392
0.7447922611918286,0.07945142154782013,0.7840466455853291
0.7153041528799818,0.08607362403965313,0.7806578072796146
0.7456304811702716,0.08461268094024951,0.7716120624899636
0.7975530868587529,0.07701684618371532,0.7712601382784721
0.7443499021241884,0.08513013607590726,0.7716040904452418
0.7718340100708215,0.07937393660611877,0.7709323458123022
0.7598811633365882,0.07925782330796925,0.7723484357260385
0.7120165869559606,0.09165467415484127,0.7757936372753085
0.807201861665745,0.06823296097403476,0.7820946575287908
0.7433555720616289,0.08829400747286664,0.7756919943665125
0.7392276432185634,0.08106167890695812,0.7797771002685361
0.7700479277713029,0.08710391099156381,0.7751647421564681
0.7410403267055519,0.08667964039553258,0.7719902060954527
0.752780589576805,0.08536181177131247,0.771735405238438
0.7444277588452763,0.08473357086248375,0.7717803287387249
0.7820212571847257,0.0740252879868284,0.7810489137564895
0.7512923455949372,0.07960783486194656,0.7828502423468343
0.7485267797134143,0.08264154375011758,0.7748102644533577
0.7326273065022673,0.08973769092849782,0.7743594934474571
0.8068781176510618,0.07041005705615525,0.7794514001168353
0.772098128960637,0.07397738713087534,0.7809392682398376
0.7297642106072137,0.09246745127763108,0.7752168705458751
0.7405584491161115,0.08334470307384072,0.7846355944005275
0.7722209529022444,0.08217351541711722,0.7704330795189546
0.7302991428225033,0.08488155161951462,0.7728008790650496
0.7445215562172139,0.08423931599657068,0.7718172130937799
0.7634317342912385,0.08235529611111857,0.7736488098909264
0.7777383574792669,0.08014072541468269,0.7703092478599888
0.7543058532081293,0.07836164729989234,0.77247406964563
0.7297553173091149,0.08875536203833012,0.7725144309058276
0.7354090222778675,0.08742251122441969,0.7727270181570112
0.7792210308681649,0.0784241699706971,0.7711161623675375
0.739875813855883,0.08786598763040862,0.7764109713722225
0.7546155238500692,0.07796786080229533,0.7816873393721111
0.7542044336113024,0.08557835853787611,0.7729576573764164
0.7938090097716899,0.0707343220574525,0.7821509744308889
0.7456913895271883,0.0809837728462608,0.7724798552509856
0.7872954611482281,0.07289820012989513,0.7784200323182603
0.7506795536233344,0.08399654474794498,0.7719243483188302
0.7194761031154352,0.09236302422949251,0.7761627662521429
0.7325192706692086,0.08579850299388546,0.7724810272819298
0.7838095853913899,0.07593267024562377,0.783896639136809
0.7525397752096972,0.08144276322175922,0.7719439620485092
0.6992759966714719,0.1019149593408829,0.7743296344232629
0.7258655253999899,0.09253835730036482,0.7729838953735902
0.6964632336489055,0.09342753268208172,0.7738495425913856
0.7705594535985578,0.07956575335066285,0.7737243880338898
0.7168875866401375,0.09615057053098039,0.7762721075443465
0.774628644286685,0.08110535947960766,0.7712560198636964
0.7399759267918424,0.07918743212344265,0.7801559465744472
0.6987560570157674,0.0949048285681679,0.7744632456364277
0.7353967701390798,0.08579593604584188,0.7727365087217882
0.7690900870876698,0.07438446093037063,0.7814939718215537
0.6984434364307737,0.09585942305754135,0.7732396652677096
0.7490869344901133,0.08523751412244743,0.7712638167316922
0.717370534348091,0.08924477639709001,0.7730246002574273
0.7434583955501225,0.0812878524286867,0.7792745885700095
0.7458549578972042,0.08851972765610525,0.7765790682474862
0.7342827609936705,0.0875877218594367,0.773654322820999
0.7799778703597886,0.0725957546192826,0.7720667783796983
0.7512765075072035,0.08488326813478626,0.7751436597032717
0.7343835478783202,0.08062371408430272,0.780947066366447
0.7773764332406817,0.07949207041867834,0.7735449802381931
0.744304146500575,0.08559745341741401,0.7714927954995185
0.7625579895241875,0.08087314126789373,0.7716816267569876
0.7620979426871574,0.08299787596283002,0.7708870700328296
0.7345924103092051,0.08850210804618637,0.7725963833014319
0.7121613297435865,0.09599162914031202,0.774232905909736
0.7335803776766645,0.0853497191001343,0.7761337094552947
0.7227042051126944,0.09615045564952754,0.7761900317917129
0.7191530932850033,0.08918327258465834,0.7728360146372858
0.7633394792501069,0.08060369142033103,0.7712134165237611
0.8133342460397535,0.0651664213226934,0.7789300532361221
0.7759717755918626,0.07987293130910436,0.7725990327979724
0.7063832970385051,0.09550272961170413,0.7742338634559699
0.7155552217364054,0.08860109497871158,0.7861748763921312
0.7259087725022925,0.08807300194796226,0.7735221774400948
0.7530474653691873,0.08343347849136291,0.7716816079781315
0.7384459783318132,0.08398410133156874,0.7723566267289812
0.8125809496865694,0.06701604546518838,0.7786202987468407
0.7662844600299352,0.08132251893207348,0.7733023746924044
0.749516103818891,0.07913902816179634,0.7797576794605734
0.760523403993197,0.08779323110377417,0.7753821573740265
0.7658952153859405,0.08932331920383228,0.7745231223877614
0.7640686373372928,0.08341902214681911,0.7715006063754838
0.7743006218128822,0.08403002965294526,0.7744073665882026
0.7435552861297688,0.08425551953621649,0.7720239221728774
0.7372076182051744,0.09037894679912355,0.7765850571116966
0.7392994875240604,0.08502875500288859,0.7720395853448108
0.7114411373928323,0.09541743116146183,0.7729256276954448
0.7874907025927991,0.07258790191969795,0.7806568340341642
0.7698870231455474,0.08131235058529021,0.7706620155500052
0.7325902177868121,0.08850824727647592,0.7754690775782858
0.7393482860680544,0.07823444703416724,0.7804152594229028
0.7495125167663953,0.0828937804544116,0.7717170759122355
0.7384997589959758,0.08679704254196764,0.7719826953988672
0.7550363184127479,0.08365629090411329,0.7745340793532389
0.7926194070436137,0.07504784898727528,0.7838303068901546
0.7833272590791712,0.07924492926325832,0.7733002196023363
0.754265163208694,0.07845827999156575,0.7727886094271822
0.7171516265659548,0.08518165893420289,0.7806497268649889
0.7584994592355555,0.08633887805438731,0.7753235866575123
0.7142040072555375,0.0918038870353829,0.7757097237786266
0.7620429761491668,0.07960255976813618,0.7851580593973964
0.7508400970451748,0.08002089080551554,0.7723631528305902
0.7534368343122131,0.07947120754830346,0.7838374241642919
0.7657655619364286,0.0799066566194098,0.7847295334875148
0.7678544712964548,0.07413735718992308,0.7792143867132482
0.7291532940140542,0.09158492876192188,0.7760754878632522
0.7919121772317841,0.07947791358298303,0.7724811176132391
0.7608445578146078,0.07884288078556236,0.7718365803248973
0.7374083668852593,0.08733190887630458,0.7716489804059752
0.7385086539760225,0.08863749137230688,0.7746094869637686
0.7446383114703923,0.08653733024008016,0.7751708894585159
0.7265145824392356,0.08734738763848789,0.7761013350870409
0.7499147948467861,0.0823493119397748,0.7724213783581391
0.7197562972425591,0.09361958341522036,0.7753886388949817
0.758771069571321,0.07759215996190186,0.7836654273337762
0.7938660457501935,0.06738429708115903,0.7793143235582409
0.7644851815412298,0.07484625885550274,0.7792562528053193
0.7520733364639858,0.07987212627324351,0.7841868425715863
0.7280792021308452,0.09187418247619886,0.7762554076060114
0.7569368700351695,0.08424575468086788,0.7746166129792166
0.8002190174679924,0.07560859538730516,0.7745163764353409
0.7624608006436204,0.07944779019597907,0.7716508595641339
0.7331774284554358,0.08829245097998663,0.7728056771872871
0.7098444892006031,0.09201346810085623,0.772917538098107
0.7419834253330679,0.08430401503027005,0.7720142369288492
0.7471984202220374,0.08332250047932312,0.7730341899704071
0.7573713073997853,0.08031722906946855,0.7717265810445424
0.8110436472948658,0.06866653344147518,0.7777174973145327
0.7435917924467803,0.0755999294151325,0.7811763808837259
0.7150215214454219,0.09031179889715443,0.7832318285104183
0.7361740707011386,0.08962317147116493,0.774031084388533
0.7572290903662343,0.08407750964476103,0.7710163430721692
0.7379292542238124,0.08515915566287253,0.7727945051383969
0.7802347960411046,0.07314244058150683,0.7786505202701656
0.7113912541286147,0.08994961472767217,0.7733984591662094
0.7469875076006673,0.0884259484659228,0.7760808560693544
0.7606369923902608,0.0824773550064596,0.7716658209071005
0.7335121558461141,0.08707383526340183,0.7720167177196796
0.7683011198455066,0.08141356557401463,0.7732133626130455
0.730507557534865,0.08915895972043524,0.7723058355798105
0.7640775074397417,0.07687426877393377,0.7799650129796448
0.7913389766381423,0.0715649798550633,0.7842013178330518
0.7698443941068669,0.08802834324713316,0.7743178941978827
0.7348184637728483,0.09200691222631441,0.7738881736513114
0.7403992978725246,0.08913581801758168,0.7730921936623677
0.701508028456347,0.09526228952475321,0.7731824246388926
0.7170756721549577,0.09794848646420212,0.7767479287353842
0.7509772969288033,0.08124773189763393,0.7726135424622973
0.7728429906898403,0.07776950014736857,0.77160735519984
0.7335362260196049,0.08793351367277533,0.7722610276713034
0.7445142339599358,0.08658228418861068,0.7757273697844866
0.7406953969207954,0.084614231138685,0.7735652074432825
0.7798096138819495,0.07371185676843703,0.7825735911902564
0.7768862231340093,0.0782166645219621,0.7718705422025547
0.7603188460547242,0.07732991323957746,0.7789733440678774
0.7994068950573988,0.07910537581889326,0.77253084996969
0.773805703484724,0.07569996015033302,0.7839439347225793
0.7863938240010915,0.0754030258668565,0.7721569107965109
0.788543215847617,0.07363678426864492,0.7797587764028823
0.728608061435041,0.0849537241881118,0.7729971742592245
0.7780835382323372,0.07922295206305141,0.7741772337382209
0.7789267348891109,0.07485255546268484,0.7831192628515702
0.7091696606118694,0.09666683434570145,0.7763512153781185
0.7236590495722437,0.0869132018232996,0.7730286202755352
0.7635758078265208,0.08347119184835582,0.7706348245497833
0.7342359964563666,0.09245756157930764,0.776498020481287
0.7631704886803597,0.0751542392351072,0.7793316062332026
0.748478745621491,0.08457742823722969,0.7718383929619173
0.7305291231056583,0.08666684737070499,0.7723567010424014
0.7844245143132719,0.07968476739621656,0.7704036576414656
0.745388515467329,0.08662311597459685,0.771646354774146
0.7324883693010841,0.08120955753479463,0.7804740092844406
0.7473556092032521,0.08170609696053092,0.7804664862168481
0.7283843573056178,0.08959957743902935,0.7737193215941691
0.7887384387567237,0.07507122442641787,0.7716860064169317
0.7157928213708484,0.09519241625704143,0.7723902367920757
0.7550717785236001,0.07851990685992133,0.7808071777069656
0.7950228608225811,0.08059192844910172,0.7741918639561486
0.7593749078563916,0.086219423927455,0.7745075636412797
0.734642951623272,0.08935443773859297,0.7732032908380628
0.7175713574070703,0.09049157681213245,0.7726236699041381
0.7568590943285907,0.08140005873095936,0.7732362717909458
0.7967427904937564,0.07407060496410335,0.7711157851690916
0.7376981711885892,0.08294563579092738,0.7727433712581777
0.7799206757119064,0.07734916457099332,0.7837508918199569
0.7671134297824066,0.07896770183055934,0.7716507806013224
0.7577671460808143,0.083233475986254,0.7711071652357467
0.7313104320349657,0.09033023684656798,0.7743222636916062
0.7187176276917562,0.08773903616861167,0.7742123510817058
0.7262279868839862,0.08566541753224063,0.7804573583003489
0.7553109112263263,0.07543264891760028,0.7808164732767946
0.7847469515286546,0.07734157558756392,0.7706850951158757
0.7450183986860228,0.08491856032843034,0.7723963092766994
0.727406759219585,0.08994707210079585,0.7722541332510178
0.7350289318426011,0.09049356916225126,0.7759792222790607
0.7200291862585743,0.09050948603525011,0.7728439499424171
0.7845819663175951,0.07658028390662953,0.7706745804262155
0.7429857993198493,0.08641943517695962,0.7725147543390671
0.7198868814437389,0.09087834169751556,0.7742064164770265
0.7594297327075017,0.07914492501053846,0.7819743065676898
0.7872274394929483,0.07631416501623248,0.772989370744162
0.7570829883086883,0.07676135496699113,0.7816312264075926
0.7630524991060657,0.08322073037020877,0.7706634072558493
0.7703676334198191,0.08069911387950585,0.7713684265578852
0.7384301140946893,0.0888398712702375,0.7748832369418407
0.721825025826379,0.09044933704182327,0.773170992595089
0.8004921206866965,0.07745163713487688,0.7746913007500895
0.7014817697713003,0.09598982176411584,0.7750799527724771
0.7568337266505865,0.08274923693821001,0.7718673529615225
0.7104378928672713,0.09299494119613476,0.7736932693817254
0.729421507305919,0.08994966536885814,0.7741703357979496
0.747847571529995,0.08609203835305436,0.7742850652446549
0.7843894994733078,0.07584183401993935,0.7836769952932068
0.7354300109551523,0.08809678061594978,0.7768579032365159
0.7230378269933883,0.09523821512152582,0.7760640796571152
0.7640324383419188,0.08440550372885466,0.7710932371279237
0.705411217453176,0.09103414656838885,0.7743596892362947
0.7394906924028544,0.08538130399566615,0.7721449208554151
0.730558289704692,0.09947057899550776,0.7761066571549443
0.7554048148736763,0.08465145748710923,0.7719622032690484
0.759136588266621,0.0826001046827806,0.7718672839211977
0.7326089472535168,0.08280492148381621,0.7803383157838798
0.7502250597071218,0.07794223452670276,0.7796031048417843
0.7637259580303768,0.07546697881765169,0.7791626900484091
0.7371338459593046,0.09001122223437662,0.776368629126131
0.726646926267895,0.08988589979899989,0.7743620242962934
0.7513814983676005,0.0784201445539794,0.7793950658005634
0.7574988109245696,0.0809943467370279,0.7722524893438143
0.737948526095716,0.09023367459885163,0.7745221335263781
0.7162148208044681,0.09383055841781934,0.7759643201120289
0.7284090494235709,0.09026328147296823,0.7727028903264586
0.729259712387334,0.08938226384734047,0.7722240334838445
0.7395254263793164,0.08846853234087658,0.7718955130067817
0.7577549468397967,0.08148210997120736,0.7715959304440506
0.7620098349103395,0.08193175344893526,0.7740802934435237
0.7611376838249793,0.079862789624542,0.7715886420693223
0.778268225415225,0.08111384613044777,0.7709607482623448
0.7968779629979494,0.07630099700736402,0.770658447519091
0.7949375280686506,0.073387391434213,0.781463523491926
0.7274311884319998,0.09020537767764171,0.7728436874752584
0.6995431240157163,0.09226191417711244,0.7741002294010585
0.699747726547004,0.09495661601840451,0.773286462230431
0.7577010834699199,0.08325072776647638,0.772598420474049
0.7886803851792963,0.07598383607724468,0.7712370072185839
0.7304505737019932,0.09292518936775879,0.7761366487716085
0.7237957388212054,0.09228817091667808,0.7750141733709839
0.716354860762379,0.09201790935896105,0.7751288772726376
0.7282291763561813,0.08973889332435778,0.7722313129053378
0.7581786463687006,0.08123511075670953,0.7718481271773661
0.7665499723352653,0.08569738239933469,0.775458345966452
0.7970838876305218,0.07701944249623703,0.770622371788572
0.7976571238697097,0.07424882736370139,0.7713990862405836
0.7648095391521775,0.0826345321374842,0.7710178257612215
0.7531716156275451,0.08610318948783743,0.7747666340949889
0.7519705271103495,0.08609446088527553,0.7732073077357503
0.8049410048227592,0.0696620869118706,0.7840018156620903
0.7111252882243063,0.09455861853134473,0.7723205026738708
0.7059488162114786,0.09846543828728122,0.7737895078231797
0.7257561947962209,0.09337194942872525,0.7761838823943692
0.7616266232027636,0.07586474889685799,0.7812724199492591
0.7593875367141874,0.0795843990992379,0.7720881081389686
0.7241926847397407,0.08958121918924965,0.772218375741182
0.7370251939783578,0.08878340055178807,0.7750393428832133
0.7555008773431235,0.08668289970225142,0.7753856042798898
0.7688188367249885,0.0753510313142703,0.7831099011266265
0.700413303049966,0.0987822644185292,0.7773911582793903
0.8001941884345671,0.07865076482080613,0.7749190590696676
0.740015163940667,0.08906586086236445,0.7738318426039793
0.7289849964153489,0.09160662752865915,0.7721425773130111
0.7372674115288551,0.08754184653187787,0.7717310266261632
0.7457889852614838,0.08191882927425019,0.7723286675075092
0.749043601994904,0.08506029544852861,0.7719925445387802
0.7341224677499343,0.08299858514298493,0.7730494074687664
0.7469306260978312,0.0836379297017186,0.7756938117743517
0.7780397088927667,0.07775077784768292,0.7835986189354064
0.7363193549412466,0.08632178882671751,0.7857119952723566
0.7315920291592181,0.08716440087695083,0.7739500983573645
0.7615665823151317,0.0814851831155456,0.7722378598410222
0.7999550786145562,0.07821652613411109,0.773673465206132
0.7214299972273625,0.09080257088129534,0.7722283120652056
0.6966043934326127,0.09607349524350273,0.7752053014749255
0.7139289702548772,0.09067384292566545,0.7746910255513549
0.760102676398331,0.07709269227731523,0.7811561437877286
0.7548041227262218,0.08527879541090082,0.775045661803269
0.7967597679673835,0.07406706997663876,0.7705481956154321
0.7644485890083023,0.08534417719212323,0.7746908900351208
0.7073171708211188,0.0928270817056638,0.7730352521688035
0.7973155563424009,0.0765868286273044,0.7709486999557548
0.7018370543707098,0.09504974283581508,0.7732862229626981
0.7791946253903724,0.07945811354100292,0.7724473619203365
0.7557219079650027,0.0768333722024648,0.7828237177045599
0.7304890668890249,0.08711081383444062,0.7723281832680133
0.7398379606750755,0.08695554502452449,0.7761908364972002
0.7582129419850386,0.08129435596068411,0.7846832465630736
0.7479891542864142,0.08355267901136328,0.7717511506953887
0.7881453802976571,0.07665317077507676,0.7822245165975016
0.7078495571337718,0.09623916882013177,0.7775557658974274
0.7347153780394895,0.08473382025866708,0.7725572846150491
0.73072594206772,0.09199215195574384,0.7765821196944497
0.763821968991815,0.0763812571243952,0.7791292101230295
0.7424507014243781,0.0887274872184567,0.7737233814562124
0.7967414242554984,0.07404100921900926,0.7706146494491738
0.7569806244877374,0.07819696791368726,0.7722882237912261
0.7321842749214401,0.08218064485916499,0.7808734221803428
0.7459225211732418,0.08441540098579894,0.7750749477817176
0.7382808696497667,0.08834536950368477,0.7714639414466691
0.7897242662555611,0.07503876322922724,0.7711156318364936
0.7785063837621167,0.0819640671936231,0.7750845374981782
0.7526306949980613,0.08543213586955321,0.7731422953878342
0.8035365319625558,0.07372122239231148,0.783195184197967
0.7814242134382782,0.07173541057942251,0.7788032453320849
0.741368262741186,0.08595887918355673,0.7716771562984411
0.7740974958923883,0.07351177999864844,0.7823983338733489
0.7227011163843674,0.08650199958271418,0.784414500872523
0.7289822855484548,0.08889799931980134,0.7730223433609834
0.7570853682849735,0.07663157774133533,0.7793530660724289
0.7331482486553216,0.09058463874807225,0.775745151049243
0.7382562221529473,0.08692077389395986,0.7751308063190137
0.7180346077749435,0.09297289024319831,0.7725033620079361
0.7229707325073422,0.08339957501529825,0.7807709893151439
0.7312695054785356,0.09011776528765565,0.7755863570920263
0.8070081764498885,0.0715849768039808,0.7847825110493771
0.7892341712473268,0.07623083656740637,0.7737266750720525
0.7190511876598626,0.08825444107922042,0.7729830254457446
0.7154563491284543,0.09841297127567021,0.7759587759594474
0.7907246951601243,0.07144421044536435,0.7783034367082486
0.7817759568712503,0.07831906174140135,0.7709268369294408
0.7353200597288909,0.08543429232907454,0.7749037877488382
0.7970787998542932,0.07497433909522436,0.7702802718299268
0.7254124326629565,0.0895098367602624,0.774266515516291
0.7604511460481969,0.08252163839190446,0.7733256112699816
0.7948098779060079,0.07455028544009458,0.7711441788691797
0.7340215862314556,0.08534974192732928,0.7741731522721919
0.7062045220549898,0.09357404916005001,0.7729774260065619
0.7758479218133011,0.08134745335803167,0.7755632337462721
0.7133948643193446,0.08644855037790397,0.7806369967863059
0.7468600734559092,0.08271541821923414,0.7721859124501157
0.726865244812787,0.09292624329980731,0.771468783265833
0.7512826317078736,0.08274716141407967,0.7755039892469973
0.7323185088850692,0.08733941017046468,0.7732023974826894
0.7365538363987721,0.08665291687314788,0.7721477442204485
0.7593742624423271,0.07990719813913495,0.7716786653299391
0.7682401946595855,0.07851844071696411,0.7713818210851096
0.7366676791687146,0.08592538197560923,0.7730341069202725
0.7698461212007759,0.08190942039474182,0.774266335019487
0.7177271200619625,0.08939043273300652,0.776566354812422
0.7548936063089337,0.08440140018434085,0.7758303560501648
0.7578519705464198,0.0840290311403462,0.7718618563973071
0.7284237724941347,0.08933642480511689,0.7720433035046098
0.7564352069484396,0.08007459784362381,0.7718834275399505
0.7998790977592155,0.07788874380123186,0.7743412020181948
0.757308898365659,0.08465862937510613,0.7747661553018488
0.7384181189390904,0.08803122552910915,0.7751289508360781
0.7468687471353199,0.08641887081280299,0.7760142559818461
0.7249426790739204,0.09164983507216862,0.7748768857465386
0.7305476546849657,0.08642586119560433,0.773291097114461
0.7321014201361837,0.08945026990823593,0.7740220174959167
0.7624038223645325,0.07799908093630978,0.7852377248977982
0.8172400841996129,0.06641279145623263,0.777917031547855
0.7322005329093048,0.0840586797971822,0.7831551924344834
0.7354662629199764,0.07749409298639226,0.7813714788696308
0.7449168520345839,0.07903937841053789,0.7798616355264686
0.7436076825880719,0.08570556552138234,0.7715410839887539
0.7519346087738866,0.08084795134399377,0.7815602194308645
0.7767201240915008,0.07865097869896995,0.7839851024681986
0.7021758444649985,0.09381180633737468,0.7735479374468411
0.7560887936236614,0.08150330731166634,0.7715473553790511
0.7418186234986252,0.08410585809606291,0.7724254729449933
0.7390556608216157,0.08647392937544919,0.7742860487564637
0.7332082787508771,0.08976564952795518,0.7718877015253552
0.7308665687410518,0.08814509031801869,0.7731060670655721
0.7755331824255141,0.07583926722180781,0.7787564910859787
0.7326153159162311,0.09038310542803296,0.7723825506414445
0.7425038300776725,0.0850962110693715,0.7758704241090213
0.7487378247317364,0.08704930282469349,0.7728654320728763
0.7238925453694647,0.08945060188755262,0.7761099208657962
0.8006277018467827,0.07289620290642414,0.7836936442703172
0.725768477078432,0.08607310867563989,0.7730713784742363
0.7495874672240325,0.08809068091297664,0.7764842424582978
0.7290526718534439,0.08910668084837568,0.772906580334555
0.7430403665204889,0.08291406733070864,0.7722204204362776
0.7483072974653655,0.08962738262334759,0.7747849181506968
0.7598097661861937,0.07726070862086079,0.7789971305574421
0.7209285132972133,0.0885815359412785,0.7734860834834482
0.7901230449714457,0.07615662057824311,0.7706307460580533
0.7406151719440313,0.08270902234289765,0.7725991019434468
0.7761331640245646,0.07965582878692246,0.7725766902257187
0.7240168220135305,0.0855692534445277,0.7733415128360894
0.7340122993680073,0.08920406822994659,0.7739725439260129
0.7860844887609592,0.07233528861075472,0.7803633588743089
0.7725761153804607,0.07224218690048297,0.7803759882051486
0.7511231724713993,0.08494996455238693,0.7712340124568265
0.7272587398350194,0.08736369495953511,0.7724870718752814
0.749047201906955,0.08882260929619393,0.7754546304959719
0.7778832313405298,0.07548037866543139,0.7832809255048
0.7241597317382535,0.08681835197955007,0.7756511218036991
0.7477220389350395,0.0881651308004516,0.7715466513525435
0.776645178615272,0.081720956063301,0.7723729499260075
0.7477483654798285,0.08812400181956216,0.7751479906088513
0.7869230577108111,0.07248783872666696,0.7783296398878815
0.7928905272706004,0.08351029289910522,0.7743890258299531
0.7390805622265433,0.08006421520987317,0.7801942745036918
0.7781699840974607,0.08281800578366738,0.7748718476430395
0.726497861293694,0.08991283623614232,0.7733123891701537
0.7604224152936171,0.0854978122351822,0.7752702187512636
0.7313706006435452,0.0889680326584652,0.7725349980039098
0.7585256641167096,0.08112951630351989,0.771498471482338
0.7742601165950321,0.08102779388119186,0.7726095056942875
0.7427044466133721,0.0870719361401858,0.7739188087175948
0.7095456980220647,0.09277324594299499,0.7728879227426412
0.7484525741790061,0.08616045416638195,0.7712859815780734
0.8174484464718551,0.07047661563110219,0.782185912921612
0.7596577778437377,0.0836055674167482,0.771863997371945
0.7104943141707477,0.0954555228261491,0.7768509699439264
0.7737128935079252,0.07965993094767386,0.7732009846323026
0.7875984728263076,0.07797178764719997,0.7705826826842632
0.7807466753801933,0.07477258754865818,0.7785453321606318
0.7824725088465788,0.08436693623431141,0.7741336117169881
0.7464199317448461,0.07814003658043266,0.7808301709279617
0.7367265682106894,0.08658207224421262,0.7727425098766808
0.752522720312834,0.08509176816883184,0.7762234683692772
0.7326559343567117,0.09301916584779807,0.7761261030384136
0.7578617691026237,0.08032809220212375,0.7718740115678717
0.7226788309265468,0.09107090795420729,0.7731005524113899
0.7447540401449254,0.0855743634590345,0.7716059401518957
0.7137042007329775,0.08874162222636896,0.7734447914224387
0.7730834028207049,0.0794329911293207,0.7707881531147768
0.7663712244903894,0.08205672009458566,0.771670904857869
0.7657593415044435,0.08177866383408348,0.7707673297208141
0.7847676043609672,0.07316798329815728,0.7822499634399284
0.7906577361474564,0.07844535281755195,0.7735580132413091
0.7360746151952086,0.0858979667271572,0.7723061491340211
0.7618688424085384,0.07519483065080802,0.7794053495215407
0.7132394610283525,0.09705684050233439,0.776873490504621
0.7159334051685003,0.09200678471730522,0.7724703562277171
0.7759323534513441,0.07754404702615113,0.7710319012469482
0.7809971743172824,0.07891855627841166,0.7705879204926528
0.7263631127694321,0.0890238388435558,0.7765106819062518
0.739246624495477,0.08876471337564144,0.7727868463252917
0.7946107649804075,0.0713886000626045,0.7780908416572686
0.7483760024994467,0.0867420323932782,0.7754675017270163
0.7676320867015795,0.0820921656073659,0.7750928112422262
0.6955068721716672,0.09527975757841786,0.7737023866801818
0.7495843149522854,0.08702538794406628,0.7741461968629337
0.7370446944357544,0.08619717570966477,0.7729896794712028
0.7372401729352955,0.08836056424928433,0.7722377222857846
0.7373157162416327,0.08922722606742858,0.7766143821944891
0.7152463240464515,0.0925970040955667,0.7734568797499968
0.7167574545004207,0.09456582031706282,0.7769876005747497
0.7643921351270399,0.07962771519859518,0.7717611172889808
0.7801622734198038,0.07864844165457885,0.7755022782751261
0.7072520477037273,0.09712155146675663,0.7773250250015373
0.7558734377449553,0.0804227757641974,0.7846889299055801
0.8004054805620149,0.0771813957950244,0.7741118546596533
0.7545114997520866,0.0844431748231703,0.7709912027879855
0.7402735871230968,0.08836549069329538,0.7742198917724651
0.7979826940866699,0.07549855810420641,0.7714753355443552
0.7160408782821688,0.09188980842266078,0.7724235077083921
0.7826323500096006,0.07116746459520656,0.7789503548975233
0.7943184645868204,0.0687670446641783,0.7791711089227454
0.7775367030688055,0.0705064798075685,0.7794381494253889
0.7960435178056438,0.07326877858776033,0.7818480561313138
0.7274149798243423,0.09110435501242667,0.774219032986671
0.7755150423889275,0.07710243240470725,0.7713651897036755
0.7233047452067084,0.0915002843038372,0.7719390901360793
0.7055856879158419,0.09403809472271288,0.7751364927930177
0.7697344465709541,0.08505322269175568,0.7750323543075013
0.7416577825106289,0.08521668193328963,0.7724093021115386
0.7090558276357389,0.09545166532899226,0.7758906672583529
0.7667033224979376,0.07683483927467641,0.7785648918331718
0.7637711381142627,0.08268455463140965,0.771113409967685
0.7491202525655111,0.08182288617841221,0.78456530383373
0.7105928912784927,0.09501859665122185,0.7729048970641736
0.7154649900126464,0.09604609969834671,0.7769652330772119
0.7493164616269514,0.07670355641041358,0.7800439989812281
0.7410022572169782,0.0846302923898651,0.7753473779567814
0.7316211457048097,0.08497512297417324,0.7726710318435973
0.7361355300955666,0.0873260726223975,0.7718502145029646
0.7825388864905147,0.07128759842906729,0.778938468220839
0.7708876405313272,0.07753922468749264,0.782934597555203
0.7160882038269168,0.09619048916616463,0.7752750988375068
0.7425344730735518,0.08677700243748758,0.7767291421269005
0.7406427775428538,0.08195182195203402,0.7726772615184117
0.7828801105246275,0.07994268823313773,0.7742691189188471
0.7441232283696516,0.08430610052006811,0.7719994715255063
0.7578532231729834,0.07747501568067533,0.7790759495589877
0.7455347306417239,0.08508825423598224,0.7718721516942539
0.7762695191122677,0.07904019642334704,0.7757982999361636
0.7486436153097149,0.08431638001641363,0.7715816153583459
0.7509021653772203,0.08878954454651455,0.7750487347660249
0.7484257002459862,0.08426115751614927,0.7759251183680581
0.7433385183812052,0.0836219878109762,0.7721244998166674
0.7247327149431866,0.09305220048675593,0.7739703592344898
0.7510543083890415,0.0883030374732374,0.7754432641121138
0.7113707923574247,0.09034205679906113,0.7731775059610282
0.7537190878790352,0.0885454844633444,0.7752329528862701
0.7340909379308188,0.08821915497470977,0.7725649806248784
0.7570911267301816,0.08219215912209393,0.7717196442718062
0.7331962062913842,0.08064141213364887,0.7803085178271155
0.7562152179027041,0.08642851898984955,0.7725575887595654
0.702779448358128,0.094596615868229,0.774037914845682
0.7321138849914735,0.08931547770231454,0.7716430899262777
0.7366763396620174,0.0842199312485456,0.7856166599453047
0.7451562025036844,0.08043663784908643,0.7797134724284667
0.7659324651147585,0.08266741628245222,0.7706955617682819
0.759431456226891,0.08250390315304933,0.7719897750158053
0.759096247676747,0.07692884036966076,0.779142427873129
0.7906467741649891,0.07504147416773548,0.7717177297224317
0.7298602409515486,0.08965892562379614,0.7771336334973556
0.791890573733615,0.07824026271655751,0.7749746106948111
0.724532424125713,0.0859121441101093,0.7731630890590775
0.7628905176338663,0.08592433219784187,0.7747092446345542
0.712622042633572,0.09234840156820835,0.772653977631876
0.725414761989966,0.08877664385861114,0.7722963559277524
0.7502764277526567,0.0805615668393664,0.7807716995857953
0.6958034536432672,0.09543871940348006,0.7735424236523808
0.7877191899510131,0.06979497523280999,0.7794194903346832
0.7697553838202958,0.08065365470395447,0.770776521684009
0.7726824545563338,0.07695015115588301,0.7845016205212257
0.7646797223274087,0.08233986631204471,0.7708720509365141
0.7610312915788515,0.07955738212386265,0.7847404954265244
0.7146401788305559,0.09377497190690287,0.7721223539421498
0.7566893242426782,0.07652756876110675,0.7799456932364397
0.7067872435273053,0.09664942103673425,0.7723988642082986
0.7686516213796565,0.07265986486811676,0.779592547710088
0.7343410743453581,0.08724678990881565,0.7719706114166774
0.7519566624845548,0.08184824977234233,0.7719738899618787
0.7752676469783193,0.08213165307164733,0.7749031591908637
0.745172135491397,0.0808282491455806,0.7825955555232623
0.7113405166229643,0.10072761664922493,0.7766510895529972
0.7327709584984349,0.08698245365254345,0.7726742451441232
0.7549956066996167,0.08137740491539765,0.7729284048515036
0.7978779837720804,0.0746189573014339,0.772146270730472
0.7607363643438755,0.08730800004730828,0.770995818240921
0.7427562363261165,0.08133436172160952,0.7811474177226728
0.723194637852649,0.07827423812234435,0.7822164194949276
0.78085107972834,0.07997366912514906,0.7729385303767726
0.7269038576011789,0.09357665004853422,0.7763641006933717
0.7228665890425596,0.08874058276356882,0.7725690232130551
0.8080627596837543,0.07120494050812273,0.7774634327914025
0.7880503815671728,0.0709628826211238,0.7785739299808901
0.7445160193741777,0.08183543269887643,0.7792273678558068
0.7411103087157094,0.08741145068469822,0.7741735215086366
0.7540817185141686,0.07712908231322753,0.7794682445497335
0.7299295443175409,0.08874316221015686,0.7719819586749306
0.7598452458984718,0.08636826165446335,0.7750482755378281
0.7969075223442857,0.0750382836997441,0.7713453827657619
0.7549650476433801,0.0790762448473645,0.7722292438542351
0.7779560826247321,0.08097657688172147,0.7702693525394981
0.7686490259526382,0.07259900300605175,0.7797781124732631
0.733032896019694,0.0874270063015858,0.7829780124814937
0.7330209191743391,0.09309026041351869,0.7764732073394398
0.7322702991901373,0.08876104601113384,0.7758066938975986
0.7004158067702474,0.10203455636470346,0.7769960946447415
0.7967895250543839,0.07452939444657221,0.7705239964742034
0.7198055301487882,0.08494734436580269,0.780466558665187
0.7634503470138473,0.0806246086129793,0.7711955741391675
0.8131633331366702,0.06890877472699178,0.7778652935273881
0.7333019523984629,0.08138217626196703,0.7824091752105037
0.7532627190190394,0.08750568026586684,0.7756372839862112
0.7522653571601432,0.08207018903292772,0.7718370257158708
0.7289702437635871,0.08686526759985637,0.7724531057253846
0.7620463262570736,0.07346110744837518,0.7799219220903998
0.7344163365121437,0.08251351526608731,0.7824035818378502
0.7734914510289154,0.08056196317927657,0.7709492157350315
0.7897186086805781,0.074767919035048,0.7722790025223915
0.7792409776531395,0.08025853828722188,0.774413609076979
0.7587536330818647,0.08180756216550447,0.774824855036196
0.7198045795964082,0.08311889546532789,0.7809442941125746
0.7614391147066177,0.0794056207552502,0.7717575735683992
0.7404829133782882,0.0883576224873497,0.7742583269730702
0.7559471325493159,0.08436018088937146,0.7722220147674558
0.7579170129119971,0.0882795562520256,0.7747539985318986
0.7564547119320227,0.08018270632385478,0.7718691371962477
0.7722794023652608,0.07329808388240172,0.7818879122288835
0.7374707306624771,0.08475217556479477,0.7723440615653833
0.7052434883022872,0.09496251979649989,0.7733352139525533
0.7138752348725858,0.09460735511614843,0.7743498046376607
0.8002376595480044,0.0791405403100895,0.774259356399769
0.7383542401416717,0.08560164420918462,0.774371534975679
0.7770851573511359,0.08013752839980687,0.773635555760069
0.7607882824945783,0.08317566027469692,0.7730293981262876
0.7913491087454672,0.0810753599469314,0.775067864922095
0.7672181559068963,0.07938203423192058,0.7713511638827288
0.706316285769276,0.09385306889768129,0.7729160301230729
0.6964656650176908,0.09762169907789375,0.774085896306812
0.7932598762953524,0.07112995905961282,0.7845894751369726
0.7327352093302585,0.08892940226442825,0.7745977983047306
0.7712764586267767,0.07799425730139423,0.771266654083964
0.7375034710820002,0.08456140941912664,0.784648045754508
0.7416204549012678,0.08670598827346694,0.7730461885752722
0.7649637135406359,0.07506373228507048,0.7792626714945459
0.7301718122549122,0.08521329645274345,0.7838194853935925
0.7576863018446595,0.08204862405645635,0.7717637146299485
0.7376999844564037,0.08907485309143455,0.7721731061187311
0.7667647263406812,0.07663769809700723,0.7786958330388326
0.7339361000698743,0.08485205180032243,0.772516054055107
0.7381489583953061,0.08246371239658139,0.7728579466713293
0.7469012132523113,0.08338957888335755,0.7718562622578945
0.7684834450289505,0.07822518544085483,0.7846087472683374
0.7481528035930934,0.08263369316534087,0.7738861904831322
0.7907271246956703,0.07117289778048025,0.7785355779435192
0.7478931922152403,0.0889294329807839,0.7749633238778878
0.7337544685875662,0.08856000255065008,0.7754225398656488
0.7266054512770633,0.09098541711075211,0.7717117257174808
0.7176387824785477,0.08990910588829634,0.772705488595688
0.7290591261032728,0.09033223099017751,0.7755313190833165
0.7486462928445673,0.08039660543615816,0.7791653759632607
0.7575573704228581,0.08194080055594512,0.7713231440543388
0.732737881277555,0.0850831801152403,0.784034741504254
0.7964664760164666,0.07816774359779038,0.7728465500853102
0.7652448556135059,0.07631748747344745,0.784440033142763
0.7165893723764618,0.09056848908091025,0.7860442254851958
0.7813226774252263,0.07735558601945204,0.7707523365408411
0.7317166999510542,0.08596598602445941,0.7725774394744088
0.7586653225144887,0.08055027006278162,0.7856559792225983
0.7970825390923544,0.06994198259870414,0.778575393795557
0.7952945849155199,0.07587574667343448,0.7736847132964043
0.7156133481331295,0.09013475177236398,0.7731250660463268
0.7496338972556427,0.0771303941896206,0.7804086991534843
0.7286930337912944,0.08674206192352255,0.7725340479576049
0.7608063283658759,0.07303376168560999,0.7800854655839617
0.7865734695068565,0.07551713660777017,0.7708575410308889
0.7126482461380127,0.09128442389970848,0.7729395693514208
0.7393498211174054,0.08337781946099743,0.779733871905093
0.7553789604152803,0.07816151791555806,0.7797316051959372
0.7036321332873081,0.0956292972800922,0.7738306316453402
0.7671340031477336,0.0766177222736432,0.7857472789556049
0.7264446435936612,0.09256141687516341,0.7723408702197815
0.7605808757258175,0.08481329915907149,0.7715338790608327
0.774054165634656,0.0788734803489105,0.7829523822265734
0.7019078455685231,0.09396393333290855,0.7740365622047385
0.6985510264108048,0.09482413934631097,0.7758318320168051
0.7381378442403094,0.08648386101174571,0.7748793359476245
0.7251171102782625,0.09416731671473465,0.7776389680663801
0.7050630381684715,0.09549022410826515,0.7725796204253681
0.7403387800515697,0.08216993781411164,0.7726265234250328
0.7570610387197905,0.07710842056273928,0.7816893865261015
0.7428900436781788,0.08688840827663173,0.7720608729462869
0.6957384002845142,0.09555963402350134,0.773455663395011
0.7654415335664361,0.08057405929354636,0.7849668949591143
0.7230449938276584,0.08409100259789995,0.7805281625848068
0.7684940711070247,0.0782609135360395,0.7715784430108822
0.7650433931042465,0.081599384744239,0.7708873049157424
0.7486795290325117,0.08358822618563057,0.7716382190987875
0.7250484907695294,0.0887267588731975,0.7755860364166214
0.7267180450878155,0.08994141912184737,0.7721435814434375
0.7538062234038339,0.08680641531641896,0.7761333451001637
0.7461538361514746,0.08253049358268787,0.774576507681216
0.7195772922262839,0.09021315745694403,0.7724829151036682
0.7405428417624539,0.08956610563082211,0.7755788452663335
0.7504258754143673,0.08549674916381815,0.7751749447326491
0.7294965002412959,0.08880844302960604,0.7750199359459499
0.7439796109026563,0.08394284074917627,0.7718998128811165
0.7281109790312775,0.0910645461239121,0.7765682351062659
0.7314241134433584,0.08752202336423805,0.7730000601771023
0.7965125240353037,0.07460806127401426,0.7839671388358143
0.7481363589312171,0.0838995958100452,0.7726963474625543
0.7668414441057956,0.08089229583796644,0.771116730512676
0.7440717491913827,0.0860136432648688,0.7721809933818454
0.7582283457199209,0.08110852032089273,0.771554963009378
0.7509898014364486,0.08506532560093218,0.7714364313381497
0.7608450855226185,0.08438785475960542,0.773124376079425
0.7307608124626681,0.08336879570180916,0.7731804675698487
0.7497404532733121,0.08477656022475515,0.7720997835188345
0.7171355430432591,0.09200046816229579,0.7732207173602524
0.7475772433808053,0.07921392621593458,0.7823504513038908
0.7485963548511732,0.09039120648066971,0.7738185566604875
0.7650448902960854,0.08211102755710376,0.7718728412924739
0.707595007213632,0.09551871985801978,0.7774802491241565
0.7568263901160914,0.0814553032145318,0.7850342506258403
0.7202537883762885,0.09007333018157185,0.7739994543829944
0.7185659571381541,0.09389548372502472,0.7728861180035645
0.7539092539747844,0.0803476987551147,0.7722082992026358
0.7288192516188398,0.0888443290599939,0.7720170998113194
0.6956349439613245,0.09504943617147361,0.7735545000319283
0.7216168162432596,0.08848985859339298,0.785981006523485
0.7553069812680568,0.07771521277862185,0.7794463127047878
0.7843912147176165,0.07184802022628146,0.7787953381931041
0.764638488888376,0.07821414260715143,0.7829452010302521
0.7459196160950735,0.08421927891778402,0.7737174142478266
0.7169747208464204,0.08692402691378236,0.7858546731290876
0.7778415261945788,0.07348056493984126,0.7786980904234747
0.7297099624595674,0.09113093945981068,0.7728659794285206
0.7248040176639414,0.09391479880387432,0.7750870276572739
0.7580394592994677,0.081632677525196,0.771489800319739
0.7845169927531503,0.0731920172512034,0.7783251119449076
0.7826029323168334,0.07903670976811507,0.7729242631015848
0.7457994725529995,0.08504656081090271,0.7715741976438266
0.7333193493681341,0.08331327784513139,0.772937816179829
0.7927411129836017,0.06979875090143192,0.7786923223165496
0.7126956802237776,0.0914299457272067,0.7728915158348739
0.7313825641329557,0.08735956775493416,0.7722258967038977
0.7454846164047738,0.08258407748759103,0.7722735198958935
0.767145348591788,0.08098411827395906,0.7709134073167094
0.7644017455734395,0.08099386799167163,0.7724505267570879
0.7532030299205443,0.08073654587516824,0.7719571489467074
0.7488505474894595,0.08619626902917706,0.7754455080720362
0.7646750220271528,0.0822017831729515,0.7748963825344712
0.7568039350845496,0.08514744291215592,0.7754760888248005
0.7541778447775854,0.0837331319733107,0.7720178558071563
0.7381636931050934,0.08081090134736846,0.7804606128273962
0.7479092159423921,0.09033692183394236,0.7755357966481394
0.7458973432656111,0.08214075398828183,0.7848953489264383
0.7968807646459841,0.07525455845010295,0.7709100423747306
0.7499445129577698,0.08992469603246561,0.7749850015265224
0.7565705157621804,0.0797495240833866,0.7842276159175231
0.7159618780230664,0.09051332050924632,0.7728209089255222
0.7593503343789801,0.08738658982673365,0.7725776067846545
0.7556534078943196,0.0793981577008198,0.7845582409768633
0.7262338433567044,0.09358702276245691,0.7754867347759489
0.7783857967415279,0.08291438058585794,0.7748268610478711
0.7591871851714675,0.08250192558323921,0.7718788814390924
0.7481291422672603,0.08494050332585039,0.7743554712045486
0.7134038984605274,0.09237589147372145,0.7730640641068853
0.7293801470809216,0.08740288082310735,0.772350992784512
0.757390986646892,0.07558065754572499,0.7797646356719412
0.758238935736981,0.08122020553523075,0.7852146355211609
0.7396589254277974,0.08608910351008658,0.7729740005802975
0.747421069719465,0.07716502516875975,0.7801950751430564
0.7520981432598761,0.08551474335949776,0.7745292845558214
0.7683530210496013,0.08162689820767,0.7730872857522811
0.7173536984567777,0.09309653912538508,0.7757598288011704
0.7393184724082009,0.09375444028197043,0.7758908289325345
0.7086234892564404,0.09577355833434123,0.774954952366722
0.7614871049196479,0.077404027018134,0.7789710189589677
0.7242274040949968,0.09181676013728172,0.7726812839607479
0.7889752122584262,0.07728589609678316,0.7731152334950604
0.7765454426080817,0.07272382162497798,0.7789062418096416
0.7693017442854861,0.07837055868676016,0.7714568825213549
0.7181365551316315,0.09715493630658138,0.7757659612762129
0.7836409733657639,0.07665588440532137,0.7708059228792951
0.7168306802963477,0.092681417519053,0.7722501049325562
0.7652440015562381,0.08000403753600037,0.7732128440295392
0.7331154614739516,0.08422863114394626,0.7826636090531707
0.714921730157903,0.09473486187998352,0.7759781364535394
0.7723574178746092,0.07641963914352053,0.7827864043785853
0.7414415257861386,0.08989535350655084,0.7718308435062187
0.7861630337241146,0.0695323762745868,0.7794818958383786
0.7139353460463184,0.09239606298865329,0.7729957254515815
0.7359389948601125,0.08767235082042116,0.7718668093941299
0.7239876934316887,0.08927253624889275,0.7729889939172122
0.7331347420401886,0.0882636180441216,0.7717835230017702
0.7206236695859857,0.08971673051094982,0.7725709600485111
0.7285078215020306,0.08756147541901897,0.7733763569048481
0.7943369708917181,0.07935467997658023,0.7736886971557024
0.760113142867477,0.07968047795111019,0.7833060480178881
0.7345567068599232,0.08651739302720324,0.775660884019789
0.7540090828640941,0.07986485068665786,0.7726556828369885
0.7555928035413056,0.08162476259176651,0.7716518525857649
0.7324956958490739,0.08691968039543319,0.7721443557364278
0.7388356890301058,0.08824291798189891,0.7722519670221611
0.7362834697260385,0.09043293145897666,0.7763696589477115
0.7413984351562165,0.08752369785451912,0.7733964872688517
0.7286885250852235,0.09313575284098491,0.7760109557443314
0.7490404045822637,0.08750028511436908,0.7757508644108719
0.7904337638132231,0.07137096933675392,0.7782697882087873
0.7653298116410008,0.08070230414876267,0.7849955735427696
0.7452820983601129,0.07922572425014393,0.7804223174677092
0.7897612369722152,0.07784355045205212,0.7724315141909961
0.7663666365222164,0.07978036956675538,0.7713723356944664
0.7134377711887256,0.09195115975469356,0.7730025937035975
0.7625427712191185,0.07940993296960006,0.7858933568975268
0.7437639493808065,0.08655472648638328,0.7714046900948152
0.7483943072952218,0.08344917071343975,0.7726070030074716
0.8169721338809258,0.06615416290787378,0.777876317949468
0.758726395181279,0.0826235475665984,0.7711012540586132
0.7670521410377765,0.08126123573771492,0.7719286569491375
0.7337181936641151,0.08290637716106423,0.779935836903723
0.7387896974945511,0.08939974136980212,0.775656372687674
0.7368318376702099,0.08456819874386542,0.7797349824277078
0.7143498861486552,0.08732755086992139,0.7822688760718932
0.7613578082034757,0.08417021797531003,0.7750741258494684
0.730545866774148,0.08935656251863137,0.775082814310136
0.6982549630573452,0.10246947480628764,0.7766868156710773
0.7087453649921258,0.09458917086449926,0.7744749177681052
0.750311802676136,0.08456081997564378,0.7722569729688629
0.7145633753554071,0.09285993004284132,0.7723603904019811
0.7884809636244499,0.07823973998846455,0.7705895407903134
0.743415825039532,0.08132019767998139,0.7843915080475571
0.7969681568180116,0.07619233694329744,0.7701174766432163
0.7891361928897827,0.0808985811123865,0.7744814059636629
0.7052769445757266,0.09660294211467703,0.7744405602258266
0.7707157461210419,0.07836364142316475,0.7712065580809164
0.7878944161657022,0.0757162409813586,0.7707160112050071
0.7229807532754485,0.09076547562783663,0.7754310398955387
0.7544848760180657,0.07896273492137987,0.7824817556570605
0.7052167833763774,0.10058801885601988,0.7776352405822656
0.7565848820647887,0.08273978286947123,0.7720660362401977
0.7561402468994342,0.08469584393627902,0.7738287521518039
0.7465289421558531,0.08701143261789596,0.7747864355363195
0.7849629481775295,0.07744981944817694,0.7704716950730007
0.7156693542125485,0.09071167087045762,0.7728197367190517
0.7812111309940599,0.07687463348970211,0.7719429656820623
0.7739906340725821,0.0741550575038892,0.7807643051896105
0.708619695626362,0.09181718480876709,0.7730832817860601
0.7215078572107971,0.0893066061514815,0.7725516192908115
0.7566041785207399,0.08470104434735322,0.7716354782354791
0.768126003356095,0.08207925568774596,0.7752890721676252
0.7953654044228029,0.07630382754824988,0.7700654147979421
0.7637136193542398,0.08077888100964645,0.7712542847681323
0.7160354942804396,0.09095915031037341,0.7733609994850429
0.7188737264297904,0.09026718142059881,0.7734921899064835
0.755774596849494,0.08152540097522826,0.7715569522734779
0.7595498520079349,0.07662576897582005,0.7793103165861418
0.7729464167165725,0.0774859949286488,0.7712914157078513
0.7248620009173838,0.09327876217262808,0.7757329083072361
0.7645452565296719,0.0786793929419747,0.7842116667493148
0.7244214713605384,0.089136631812833,0.7723048792125771
0.770801115567896,0.07939215991458021,0.7711569623805574
0.7915445333800651,0.07921639554832961,0.770982913542905
0.732163608116549,0.08961905339378903,0.7723472989513598
0.7508590756004698,0.08239669270366194,0.7717727632598238
0.7020832269946558,0.09576505831112199,0.7770970931978058
0.7537311325279059,0.08458951803343942,0.7720989572222693
0.7485831893220916,0.08335127740120052,0.7722142004898992
0.7480779359908156,0.0889848074143614,0.775329506804183
0.7502629488765931,0.08541909776486385,0.7736426808137544
0.7345978747121557,0.08657647670617426,0.7721914255241225
0.763669618679358,0.07514258268275904,0.7796421001560438
0.7606194258718046,0.08312176164901852,0.7719642616015568
0.7496575673436937,0.08281092865165329,0.7733297521815685
0.7391066285097285,0.08753406005482903,0.775290339259992
0.7109400756582099,0.0959827634963136,0.7768063434750972
0.7426777175356883,0.08775107458072644,0.7720058240818202
0.7439731778796608,0.08351752407145242,0.7721216234509392
0.7672598145915239,0.07655394418782721,0.77872018906016
0.7258634683752951,0.08268588952175507,0.7808834846324217
0.7885955259505272,0.07706077365925455,0.7702964480737401
0.7694714287746,0.07427547219250667,0.7798623176584404
0.7107271962850878,0.09387945811970298,0.7724596208543748
0.7689026924176999,0.07979364312264478,0.7716446925654894
0.7868434388871626,0.0741886292695306,0.7829207810589676
0.7991179259174789,0.07751171929782294,0.7748757807469585
0.74835624044096,0.07921194243369321,0.7794118915939133
0.7804872367314565,0.073605738914417,0.7783958118604754
0.7826651469576456,0.07834588412614754,0.7705323784654659
0.7417593659793034,0.08584359333696404,0.7717536820811368
0.7423574645515584,0.08077906020073175,0.7837956166788208
0.7470818653425274,0.08446692426419367,0.7721003760670966
0.7200472989222363,0.09083060527277477,0.7755002853309436
0.7417991602547499,0.08541643925813748,0.7721237745698029
0.7231435468805877,0.09127292707427094,0.7753773395175085
0.7498735381708929,0.08399496933116862,0.7725461758430696
0.7329525179581827,0.08528560555240068,0.7726390232398787
0.7758091500626259,0.07229937414581399,0.7791688070703364
0.7427453175563689,0.08186320227291394,0.7729266650317812
0.7481698861074043,0.08519926912051798,0.7712913521996294
0.7135438555201165,0.09505037975083719,0.7730028300646272
0.7290738829221999,0.08879881193800702,0.7721263128180954
0.7046927245700811,0.10202931007399468,0.7753224878687748
0.7533927864867,0.08141610084802232,0.7864915623107471
0.7681754300918558,0.07234290943338635,0.780636403962539
0.7414915935825732,0.08652027649357745,0.771584190629931
0.7425363803528133,0.09007448718802276,0.7761028631009256
0.771429424681605,0.07416022367874553,0.7790016050656227
0.7562529346948217,0.08287356814160832,0.771482735463406
0.8013904869285893,0.07040462747501842,0.7777645932263407
0.7142995696324146,0.0989351612040982,0.7764075392379355
0.7499147092042127,0.08465345676961582,0.7741731545425932
0.7156234265593668,0.09302091710048101,0.7723408564319966
0.7400018905680162,0.08992689374066616,0.7760124637728545
0.7267824132092067,0.08967520238337534,0.7762624264269411
0.7479872997315348,0.07945986804133834,0.7795580615903838
0.7535798885088347,0.08132283517563894,0.7718583878385126
0.7102132163051763,0.09152122625363202,0.7746881230288603
0.7714328248227729,0.07641415146255759,0.7835512135028204
0.7925236321175335,0.07752083719505264,0.7703475086584708
0.7688254133318955,0.07566591819371904,0.779921809498778
0.7509979701851629,0.08453464739931182,0.7729243286805135
0.7085972986630301,0.09329862955013671,0.7738605933097958
0.801230047325452,0.07961041559035979,0.7741889890707135
0.7381303042356342,0.08171461089713714,0.7839849998727223
0.8120380895709965,0.06800968683423976,0.7781701202832328
0.7110634997593523,0.0937082666954988,0.7726810329960583
0.7561561254489734,0.08220094818765916,0.7714409297644182
0.7452643051496688,0.08461895852536437,0.7726010586940126
0.7362099844508051,0.086010122289268,0.7722856560993486
0.7624334863916152,0.07303236726354952,0.7800220565499113
0.7188830129401853,0.08531160583435583,0.7827448546612751
0.7441043707002505,0.08666892374637072,0.7722816836337343
0.7350278730202112,0.08953412989465041,0.7736812106722482
0.7431733390184726,0.08407933628373836,0.7719312386608265
0.7470000453166193,0.08351795573801077,0.7718518293400519
0.7235857211696982,0.09480205123050399,0.7768270245077012
0.7275738820074895,0.09272449877437894,0.7717524118563838
0.7517485561497718,0.08394901939002407,0.7740915286100638
0.7891097588424691,0.07966156094013985,0.7725144286777373
0.7490227640766371,0.07951121366201944,0.7822995020863474
0.7643062488815715,0.08185188946682052,0.7736537140735793
0.6958692064994021,0.09951975119992772,0.7728876231779169
0.737894233042913,0.08573999772238773,0.7720059684212767
0.7242550839455284,0.09272502020156487,0.7765493691436381
0.7521917845924304,0.0864256699565408,0.7734854330398577
0.7329587033235851,0.08544654833137288,0.7724467560959877
0.7466710820303334,0.0831345184893193,0.7719919814414661
0.7231100059776752,0.08966927869264131,0.7725226919557129
0.7197286572984833,0.08730228175777625,0.7733672533461331
0.7953916829242205,0.06978392193072909,0.7783317420090302
0.7167788509693305,0.09013282180085837,0.7727318558690798
0.7268112468785907,0.09345212168746996,0.7768461637759119
0.7740552696245295,0.07126065898256244,0.7795981312583421
0.7680894213086249,0.07613273463900003,0.7843524327865931
0.7379725969988161,0.07899552245659938,0.7803462781357482
0.7758600660534076,0.07538916820988106,0.7836542349019333
0.7972498641131129,0.07540754028300209,0.7702970458513412
0.7461036477017348,0.08745455406476581,0.7766003841951552
0.7510740157909304,0.07706276007740216,0.7797459867563127
0.7450318280538788,0.08562595775785896,0.7754060520876639
0.7611726887686942,0.08230292546627876,0.7713434226688161
0.7742400163112713,0.07293203491679781,0.7790802332695613
0.7734362014898561,0.07240326173436477,0.7792590875145678
0.718541838524705,0.08553560765478935,0.7803791489526033
0.7343423774943103,0.0871878929917589,0.7728793571311375
0.7624328241159497,0.08092782158050392,0.771540263737262
0.7472794510374258,0.0864450131768108,0.7760884574237402
0.7655591091131512,0.08487576411844659,0.7758586418680038
0.7306979560889274,0.083079417527511,0.7801677113020625
0.723234222439647,0.09183080976095863,0.7731792683939412
0.7836704091724742,0.07351878292223765,0.7782170241446665
0.7334527630518687,0.08792804472915436,0.776895470158189
0.7351204121348094,0.09108492351834445,0.7744429936325996
0.7996815664916906,0.07082951685254534,0.7786403521211038
0.7515473015960799,0.08272261660724659,0.7718969533351954
0.7456880486815385,0.08284942762438911,0.7723930533723103
0.7587028089995834,0.08380189135011795,0.7756264244206271
0.7701631734746042,0.07319802615909661,0.7794851928559604
0.8002999164375474,0.07807398144609921,0.7740403214923075
0.7589399714695024,0.08014304326567812,0.7716766198757422
0.7715455281290327,0.07839656384753249,0.7712048530043661
0.7042094900132158,0.09604352473565625,0.7726796276011278
0.7525131175707511,0.08334468209544243,0.7715353343863836
0.7365478200876324,0.08718866727530702,0.7723903007885161
0.7111101416294333,0.09269715584233917,0.7732357881910085
0.7793193765437796,0.07446947031735879,0.7825763612122969
0.7334651739853351,0.08888566974044013,0.7752994794804056
0.7222882527490985,0.08281336441672921,0.7807111775985689
0.7392418084173331,0.08469706647237227,0.7722884234521126
0.7599233341403999,0.08230872420500228,0.7724003561242466
0.7584273098655067,0.08191838283755447,0.7716661817541968
0.7378553844706807,0.088503894614314,0.7722923228089982
0.7507918878177838,0.09154287321194328,0.7753064307991787
0.7101801701406565,0.09165977445776378,0.7731420834549987
0.7263747729393686,0.08992308243708007,0.7755775091782537
0.7276342002248342,0.08842664756942718,0.7722199669594322
0.7482165191035518,0.08112902178648157,0.7722437472250085
0.754616065822222,0.0824346942196011,0.7721040021765352
0.7319187426571446,0.0870848492045551,0.7721493663251494
0.7762660577252883,0.08332840472303399,0.7754396521740946
0.7561038546824984,0.08464428885505132,0.771970669184366
0.7302917996982842,0.08847764366710732,0.7742758655981041
0.8047144217384657,0.06812721268563444,0.7781497644047648
0.7248947705033696,0.08353896233387248,0.7807046724873541
0.7409180600328859,0.08520024534034121,0.7718993207265255
0.7915855548249201,0.07559318496812326,0.7838665105773456
0.7793733570379252,0.08134803478455307,0.7748928660922108
0.8174020560818581,0.06656452513693924,0.7780111685263982
0.7665794254507653,0.07961715795246807,0.7719434896111663
0.7900233851538331,0.07344518866544378,0.7784926586777335
0.7386880726467174,0.08759831523229654,0.7714874428754047
0.7320816381104404,0.08919368642167333,0.7724848833907638
0.7314864057595117,0.09224149368473719,0.7768056578970033
0.7661889181365533,0.0804826395426722,0.7710855006183455
0.7402884982819954,0.08792529010472284,0.7750575182602547
0.7415004436045654,0.07932929584452032,0.7799297514143508
0.7392925301273946,0.08731677330691401,0.7718113306083011
0.7942254093737149,0.0785307769401656,0.7717003873734841
0.7648704201950535,0.07991181000234594,0.7716401621624647
0.724173489240065,0.08912983443798428,0.7724295777417762
0.766182770215076,0.08013196604253188,0.7720065344435864
0.7320830452499981,0.08901892911040588,0.7857939227671421
0.7746205097710935,0.07494252278164114,0.7838415204554536
0.734805998474762,0.09297347731785512,0.7754220972156133
0.7827526124788402,0.0755221010527223,0.7711865463979232
0.8055172990712763,0.07114688543854719,0.7808798375005496
0.7369265205214357,0.0888406258109801,0.7754223119084821
0.7583927004310043,0.07602060345075404,0.7803920941580501
0.7274563676662601,0.0877693549676271,0.7738916154589606
0.7469164351668963,0.08594820998143482,0.776556289531699
0.7511541444072452,0.0787027616779268,0.7792965853308491
0.717990131160898,0.09489161734344476,0.7761179354385528
0.7884528922614001,0.0786192039085284,0.7738386389225395
0.7767502069163686,0.07690361483650399,0.7839906494030001
0.7139381195947414,0.0948643502422207,0.772863324101328
0.7480310018621806,0.08735145673331286,0.7760031607240206
0.7119921211112707,0.0890463963938437,0.7735572616662456
0.7478946435762667,0.08243511090288788,0.7852030771897264
0.7124093009357418,0.09275447337365404,0.7733599576085753
0.7581367233502767,0.08300448552244594,0.7737748364712422
0.7403490764350689,0.0811858107629482,0.7804358659951849
0.7012701010093604,0.09708014304340598,0.7725863292238567
0.7106733463860905,0.09379881816311547,0.7726215788900037
0.7568444793268341,0.07952745361769897,0.7720647644695502
0.7421889870882696,0.08571374379056491,0.7716304706761006
0.7680475988419014,0.08460798416430221,0.7736360225405332
0.713136593762312,0.09119398548017751,0.7733547565415864
0.7399466819063053,0.08674800585721713,0.7715980948377057
0.7516742986358953,0.07580523000643928,0.7803720729373251
0.7676313379083538,0.08096468874183049,0.7717689846379813
0.7755837196354357,0.07688244843745186,0.7829596379905739
0.7189078817440028,0.08880544272929358,0.7748123655866013
0.6956721615887703,0.09723626648972276,0.7733427657354488
0.6964127764461884,0.09512538276593212,0.7739147689351557
0.7687298734538375,0.07800087819102904,0.784140362889489
0.8167535746096035,0.06476705888902841,0.7782812876780819
0.7605975888843912,0.08597446592130788,0.7747795370535319
0.743898136374867,0.08867939251619048,0.7773257600310799
0.6972596118772694,0.09818188271082617,0.7749769902307359
0.7114853172220402,0.09382149798504394,0.7733707611782309
0.7961692219675454,0.07185549021481495,0.7827200082187333
0.784736595475056,0.07856207710381573,0.7745246503994027
0.7193341309126343,0.0849430733717694,0.7806179972671637
0.7607858624574259,0.07970589679353589,0.7847810752183794
0.7371119597887407,0.08856883666197812,0.7714663339009012
0.7195368361261342,0.09209718841273114,0.7742352911522224
0.7880650465161382,0.07903442570701318,0.7748053635108324
0.7344945044785703,0.08860191172334385,0.7750025436913958
0.7251092728143731,0.08955259293992472,0.7732125828745252
0.7731070210884876,0.07399412641771656,0.7794491018989972
0.7313370718647648,0.08858608291466863,0.7725207835771802
0.7243332387335996,0.09379689553234909,0.7765035170122968
0.7510133276793244,0.08318098404594643,0.7719765179635826
0.7452210646129036,0.07701872661753154,0.7805616638354826
0.7607265526944311,0.08418872779152174,0.7732665587028377
0.7326649272856877,0.08971617771121697,0.7719485061392477
0.747929910318699,0.08332652187012626,0.7717588406473391
0.7695785147755924,0.08515169469684512,0.7758682641802451
0.7181128655210834,0.08864261278458094,0.7729596113783558
0.7349489795865268,0.08891218296799357,0.7721918499620372
0.7220529707572806,0.0894130999644304,0.7726697623642294
0.7403806654266079,0.08620479316685015,0.7744494213637568
0.7422197850328646,0.08819459272721648,0.7764116296227632
0.7521642909955601,0.08258267220590632,0.7716281841952287
0.7404261036114919,0.08466865870967273,0.7726471211217293
0.7256234285636762,0.08927609695455295,0.7724776177866675
0.7951285793827929,0.07442912118493256,0.7708305143205092
0.782075882133935,0.07797669930346021,0.7713505872183285
0.7339511888527059,0.09211370666788925,0.7772932601692328
0.8024186015556745,0.07361633731262085,0.7840611187819908
0.7669061760311956,0.08246924742138927,0.7734095535510194
0.7621512171692905,0.07598503498109829,0.7800699574580047
0.7548908150799817,0.08831459783315385,0.7753841651956732
0.7593472898576561,0.08176902916845503,0.7713360746849796
0.7855767015605399,0.07217413834930841,0.7784064249458619
0.7263670577196247,0.08530542976357006,0.7863802451217217
0.7881750594233865,0.0750235136304472,0.7707959640445913
0.7262730046005201,0.09374224685162719,0.7759549418059268
0.7240879392687783,0.08860375589472397,0.7724603969778782
0.7780632203106831,0.07618477385607744,0.7714389257269482
0.7709800925758483,0.08216472871157182,0.7746014508925338
0.7172942608807323,0.09296499786434886,0.7749710336951302
0.7918870553658672,0.07725719145899802,0.7700358378625672
0.7577745128751523,0.08058262991994859,0.7717536614085463
0.7573381154138146,0.08491976454339857,0.7744705372744859
0.7587898421788676,0.0812004962466124,0.7714839814876433
0.6968366991824784,0.09911198723982739,0.7753407794342453
0.7142854505439532,0.09388352005998908,0.7726957176718237
0.8018203181630842,0.07007407000309952,0.7779974523327495
0.7514890698853716,0.08433123167217746,0.7714023794827692
0.7697945094500821,0.08162434386051325,0.7708386995208625
0.720892117827072,0.09581676111229821,0.7759513267407651
0.7969271801585642,0.07417501157786739,0.7704355078361084
0.7734825277144609,0.08208219599988835,0.7708254465093296
0.7494402323379059,0.08427547068532605,0.7718017248492033
0.7212773065838927,0.08755593823285815,0.7729629046406026
0.7811883321556915,0.07850399819188006,0.7736298946965463
0.7936034325130856,0.07328918172790232,0.7738626523145543
0.7970947124556741,0.0767466333062278,0.769825716257902
0.7124387099744912,0.09464182309972112,0.776631298008964
0.7021923093597648,0.10076078798464193,0.7766139327857192
0.7541701010965003,0.08122145730781317,0.772214097210895
0.7596983269785946,0.08477652755223956,0.7726498871387795
0.7364619420452984,0.08566173688517208,0.7722631383996308
0.72757779400902,0.08864648737231526,0.772144632864903
0.771119715456827,0.0822467681273368,0.7753772508747894
0.7815173488442637,0.07712226304085783,0.7707958314355486
0.7189721431389232,0.08952816369412817,0.7727347735511512
0.7512222539781659,0.08318260750237076,0.7717732115795188
0.7262873850445255,0.09007026081743817,0.7837809546063943
0.7396671204893027,0.08505960252287624,0.7720076550979942
0.7646917117668015,0.08678277049391828,0.7753923123256892
0.734668879189565,0.08892940009258744,0.7742921166486697
0.6969470903384748,0.09905435920335877,0.7745307552554026
0.7135258608921983,0.08586655291144064,0.7809458019011356
0.7720589611166283,0.07391820168669187,0.7797045337376382
0.731652122161145,0.08963566467235792,0.7754788514438717
0.760360300638503,0.07974906448143879,0.7845772922335339
0.7422165740717686,0.08343690358270896,0.7727910105739073
0.7560068589195102,0.08352888165318771,0.7718583467343048
0.7719077797092616,0.08091355863393809,0.7723904849392541
0.7326978787863595,0.08589308828484551,0.7729604771422605
0.7164444691742388,0.09368359814457683,0.7728438021544939
0.7007890913544216,0.09465441871003043,0.7761183728586629
0.7711707769046763,0.07406365756272355,0.7796458758906153
0.7698045065354213,0.08144707285331675,0.7748326774265321
0.706714885193277,0.09332334555693489,0.7754524020211887
0.7437276101100643,0.08953136330881932,0.7755629856794735
0.717585016398035,0.0893302245044696,0.7734177907840616
0.7558837143338196,0.08575349985506896,0.7758336576065801
0.7469898634649997,0.07727578865483935,0.7808952966703055
0.7595707568457818,0.08767524188352079,0.7745499196497185
0.7672308363016899,0.08190609995253884,0.7720739362601837
0.7789470541296476,0.07941877830101284,0.7745571955711353
0.6971347666550187,0.0953333081260477,0.7734407475097528
0.7192535177874254,0.09081614376726763,0.7731207596126167
0.8138154637582281,0.07120037047207842,0.7836270198848955
0.7537341652676839,0.08146333107206381,0.7718209089000104
0.7521103094019327,0.08132993180136262,0.7719880172358226
0.7628372601520687,0.08454821028752607,0.7744890372297581
0.8110032291127929,0.07216754802840238,0.78256472737747
0.743672691129725,0.08832445551111677,0.7752234939516932
0.7491122404233838,0.08424485622859659,0.7717615476247022
0.7474396090107402,0.08474376304203617,0.7721059583113161
0.7589564523796771,0.08018709976972888,0.7716557134189337
0.7567612046748255,0.07697489173309832,0.7802215213994074
0.7395335335028674,0.08457721303259794,0.774259213766359
0.7403730130758787,0.08221803615974994,0.78397524000415
0.7519831253595396,0.08224116076587146,0.7717355925749924
0.7683676435804969,0.07405631671384316,0.7791621726507463
0.7430779765885056,0.08687420473170242,0.7756186835696887
0.7172156914895298,0.0925097378279814,0.7744056947831983
0.7720786005237619,0.07653894649063629,0.7852560565428301
0.7859661020415574,0.07062638747635011,0.7787879515674138
0.8000128110626611,0.07650071702206265,0.7742480805729927
0.7840929253752781,0.07866220487910748,0.7706188008984405
0.7757169321549441,0.07659860827494919,0.7798689163359099
0.7404707050751425,0.089950502546668,0.7755339839594945
0.7570641987524586,0.08105053853587715,0.772409253290502
0.7483787120352224,0.07962190072355142,0.7845895557717381
0.7122908741729516,0.09415765149134474,0.7745468790961929
0.7942766291110614,0.07385041958001382,0.7707204700493491
0.7599414779046569,0.08058397431789036,0.771480174386806
0.71870939581899,0.09152948159301241,0.7734516444629316
0.7750884250700704,0.07201325036164105,0.7797274577643739
0.7059092203103102,0.09334716020396218,0.7729915614724009
0.8173837567398651,0.06759496471929032,0.7775904133723381
0.7680460159630544,0.07830373716384217,0.783178972893689
0.7511215222039554,0.0760128203124512,0.7802645226020691
0.7326681529181783,0.08685723826645807,0.7747352579761652
0.782047267623137,0.07721152864410774,0.7708709568152342
0.8005312887905375,0.07670138000880818,0.7753450460711914
0.7232807124349632,0.09196379846296707,0.7772718812770376
0.731078347181151,0.09091910730177942,0.7741564787818288
0.7299151259601192,0.08694650027086814,0.772471409833633
0.7676072596816211,0.07603938081714137,0.7788698136240918
0.8178741975290063,0.06807558078428015,0.7779664530188953
0.7904521870986253,0.0750373040593312,0.7831960046536204
0.7494184440457007,0.08649641651133587,0.773619426292607
0.7369967993928335,0.08321584780316754,0.7851863845839755
0.7691375266251078,0.07940632781348442,0.7711170129737253
0.7031390656564075,0.09646860868716547,0.7767226932586622
0.7280194062333724,0.08228871603168772,0.780592486570713
0.7365272342383267,0.0887239786942572,0.7749977052665935
0.7579621754034018,0.08216662795587422,0.7714974145881437
0.7479816209693312,0.08800055934457722,0.7755931898384529
0.7172304909474667,0.09284382406436281,0.7767269913673449
0.76410668596658,0.08260236403731182,0.771855459870075
0.7432501023941482,0.0893337651708066,0.7744980692140192
0.7609369278825188,0.08172504997687147,0.7712679871601974
0.7479460025219911,0.07821728864193624,0.7799283646340224
0.788354440009353,0.07013795046376392,0.7792339354464712
0.7399144374502044,0.08185182495405682,0.7798785819999531
0.7486747367161861,0.08822819050653183,0.77521749360429
0.7352519537018422,0.08668318289121421,0.7719621405060169
0.7249898036420054,0.09149718231548838,0.7753720083582899
0.7316660340925417,0.08828650666001957,0.7719101371905077
0.7621217139392373,0.08285746122801106,0.7720484547134654
0.7236230225857637,0.08993125160831565,0.775170335149079
0.74941128810904,0.08201371582406926,0.7758248893750769
0.7648670697401402,0.07720048450659016,0.7719264830559216
0.7606906832859178,0.08612660229790169,0.7748929645488399
0.7673144495870826,0.07516980000497879,0.7790322329149928
0.7520563184847723,0.08290365763860957,0.7720652377326582
0.7657784354673353,0.07991325356752021,0.7714919421221609
0.7560842949588056,0.07416338731216147,0.7808539772310086
0.7277661323894757,0.08711747105078836,0.7729997392415755
0.7376129382505296,0.08599203843921326,0.7719814917878588
0.7404222675443569,0.08567989069833525,0.771959266384096
0.7286795686559159,0.08717366275222103,0.7724084595070446
0.7345639895044372,0.08769763843246521,0.7730677042679192
0.7404778685496315,0.08685627702704056,0.7725216787249619
0.7665627579162754,0.08303179297186414,0.7742400514857546
0.7557983453765068,0.0846300867832857,0.7710059599056935
0.7315812646620103,0.08136019490178871,0.7809507340218249
0.7743434774388087,0.07882300362743926,0.7709877005519449
0.7560891052378187,0.08274560034418088,0.7725002041857116
0.7560230114255956,0.08112021651417216,0.7717566358795345
0.7241379005603091,0.09384769142593413,0.7755798679577445
0.715693273338665,0.08877019986788083,0.7742512061437326
0.7398639002975376,0.08701530501350961,0.7853680908233636
0.7267738589817261,0.07936699815827745,0.7813295154668353
0.7096116919575649,0.09769255092759616,0.7745075905415925
0.7368641390364626,0.08131232889430721,0.7803907400367756
0.7446043671805472,0.08419954547189026,0.7849167918824028
0.7714204870583482,0.08052103283575038,0.7709415022163771
0.7335017511591491,0.08712073894756299,0.7723129825162297
0.7609052373474845,0.08173686663379119,0.7713034883703921
0.7250816501996318,0.09603951291301022,0.777030799500539
0.7244674261973938,0.0955348819038398,0.7753267060281427
0.7616086118425113,0.07950710601879153,0.7716355625970256
0.7351427881870665,0.08822410628678398,0.7716372883971043
0.798862626605352,0.06928359489293676,0.7782689017723669
0.7590869384791661,0.08352599911674653,0.7754807713178004
0.7462787623544447,0.08090406525879075,0.7801195663782754
0.7646812738513624,0.08196489101780088,0.7710021149667762
0.7632724254777362,0.07562193051497458,0.7795170066225242
0.7941595300938276,0.07204326174833972,0.7789961444407117
0.7608319721828368,0.07439796417167176,0.7805636382643241
0.7240067113325211,0.09045543540052656,0.7729478881027008
0.7667998383880527,0.07981866011600115,0.7714001930962914
0.7453480081533135,0.08641425679023126,0.7722933418635025
0.7068424699934387,0.09141609973496694,0.7734531786494693
0.767204988344318,0.07636656401021331,0.7809030780799258
0.7617213737545555,0.08269246370628719,0.7745388210291876
0.7376136760934053,0.09222263109811177,0.7755958360600848
0.7355788702641862,0.08795982127722203,0.7724937754130438
0.7392493763612109,0.08662255208759417,0.7728498010981467
0.7505698871152229,0.0907827593149539,0.7752514274351598
0.7053941902167229,0.09388785282629704,0.7729318140095051
0.7465931192258717,0.08400310678895989,0.7769445308222908
0.7418722790195103,0.08764843549179537,0.7745895947451884
0.6974167965378604,0.09199093803837483,0.7741168626647082
0.7352406385555978,0.08808290215213041,0.7716598737571508
0.7495953902157482,0.08706965966693896,0.7754663774830167
0.7107549309607241,0.08993428442659253,0.773332727273059
0.7208088517853153,0.09013207293189679,0.7758565649166939
0.7374639026234686,0.08385551919821216,0.7861072393970695
0.7430584382113589,0.08440113335028732,0.7720198089236848
0.7256607350641043,0.08971287652673755,0.7761761019964228
0.7361679691307683,0.08189899766846714,0.7798213938701779
0.7241332022486313,0.08991011226435622,0.7727080253724838
0.7265558042412733,0.09143523826158453,0.7719754120124191
0.7301549653474254,0.0906123189915391,0.7746678628393069
0.7451012696283206,0.08530406062168651,0.7758642420477312
0.7754406924022245,0.07499554875328136,0.7819967163768862
0.7180424571495054,0.0906783987588593,0.7731893757731454
0.7240341066040485,0.0949467635079406,0.776257992668387
0.741523264655444,0.08586064640495694,0.7727011703302898
0.8005028175486658,0.07268594545822633,0.7845483712312614
0.7252881576597,0.09296059932303129,0.7746964347137445
0.7958632620905877,0.07804576066875692,0.7732695584272428
0.7439669649764524,0.08961962114216813,0.7725378921907929
0.7970422655866115,0.07635780717972337,0.7709790939323741
0.7304528158479905,0.09082935117052342,0.7739631267543291
0.7698841655847942,0.07543976333816643,0.7787449512491954
0.7674366739769786,0.07471947644481036,0.7790619806736888
0.7320035692607911,0.0944185217219536,0.7752793297912147
0.752513456936394,0.08280992128698357,0.7714997000951965
0.7603367214370534,0.07599335219028626,0.7792947474524068
0.7829685617195076,0.07490979947243182,0.7831139023895612
0.7124410909975162,0.09748032299662877,0.7775878675284436
0.7725933869115982,0.0744351370210428,0.7789219675079508
0.7141011796708595,0.09060744289387976,0.7728781434261542
0.7466607169515623,0.07948095301775866,0.7804385121929885
0.780407600099493,0.07292063722521722,0.7788814087820204
0.7186198604715653,0.09003287285508982,0.7737181684907599
0.7667672586907861,0.085040794182356,0.7737896272452377
0.7363303953727429,0.08630029833805487,0.776186643576097
0.747850490229216,0.07637994451777967,0.7803251389434727
0.7229508794379808,0.08891347511650899,0.7755330056626365
0.7099685112457946,0.09579694242684846,0.7755697416624782
0.7375092001115733,0.08685286564129323,0.7719783366730366
0.7669028843234946,0.08283567042453238,0.7753773522489311
0.7763267159645401,0.08141141007448677,0.7727881273664388
0.7468529935123778,0.08607620950755397,0.7723176624996567
0.7984076670646385,0.07672676805264916,0.7721942568729726
0.7294105849841075,0.08671331714235195,0.7758819105813897
0.7292551725296359,0.09107873455696608,0.7758163280336876
0.7820155505315396,0.07742052567162123,0.7712846303903956
0.7967266213412151,0.07312250430224299,0.7706948108805395
0.7795983426484283,0.08032442884220549,0.774044450955315
0.736616531108679,0.08297987439175399,0.7794187781813158
0.7557960017484837,0.08105737963907296,0.7826633196036961
0.7299829721734606,0.0892438770579578,0.7726692804077382
0.7805369273501506,0.07989937176145306,0.7744660867574473
0.7476246800258756,0.08647742102351724,0.7714808610174115
0.7125654062426681,0.09342252837340738,0.7723650432932566
0.7509424227208201,0.08373908146009647,0.7716436501624282
0.7403107318124003,0.08657600774847064,0.7720100947048635
0.7682146730559837,0.08262681665561744,0.7763305770252868
0.765430404346701,0.07934685359996689,0.7715877421368277
0.7487507389770772,0.08970767435775336,0.7765419734681529
0.7693376863967225,0.0849244083580006,0.7750668561903478
0.7426046851982712,0.08473837740394885,0.7725462550941141
0.7576688214075687,0.08768867821711952,0.774269942304163
0.7636641956548178,0.07905904839837993,0.7857605700505058
0.7228409026152749,0.09011789019610893,0.7722312525699899
0.7756678931864864,0.07768030771523113,0.7713775243752031
0.7493083638706262,0.08061942816931493,0.7796604758162227
0.7142113700377994,0.09140121224705798,0.7726905772975584
0.7067480603045262,0.09478069154034462,0.7733242848122551
0.7524314350857999,0.08104085168749368,0.7720785686282405
0.7503566082170307,0.08566787023409136,0.7759760197679475
0.7615147530119498,0.07918353039955867,0.7850061552702622
0.7714885277854227,0.0781490843483861,0.7713069469641949
0.759690212115723,0.07720027536478334,0.7792180647990906
0.722017996210429,0.09495749471124114,0.775887836538605
0.7531342762334298,0.08335533862885196,0.7715781573248833
0.7521342060048715,0.07763538181796766,0.779944274372163
0.7136465172056584,0.09370216538445307,0.7730191315096641
0.765092470233601,0.07965660220297377,0.7713728167487803
0.7181796980061862,0.08998563073305064,0.7727294230406747
0.7603249812586758,0.08489185988663077,0.7745887752936961
0.7079379686046597,0.09405522422624071,0.7754619170742351
0.7109185351581433,0.09642507473188261,0.7727218533260362
0.7722429656080563,0.07959677110058064,0.7726449726436663
0.7231331544524863,0.08832665776144114,0.773780790389636
0.736335679297401,0.09163862187717788,0.7751132706044814
0.7361729852637249,0.09002843982615001,0.7733668706262646
0.7520856268136925,0.08436343997409246,0.771237877705809
0.7725165016545507,0.07978947144327354,0.7707449820928561
0.7099739236377172,0.09767299420515416,0.7769143191642466
0.7899082047516147,0.0799581349585299,0.7747215551260542
0.7202210027452018,0.09651926218805251,0.7752008410328841
0.7640682032006954,0.0759279111454715,0.7789914640589161
0.7615052728153262,0.08179142591323275,0.7726241662395569
0.7970163133156276,0.07670255911943316,0.7703504415155531
0.7341673615712238,0.0814984753810271,0.7856321929447498
0.7463643390924394,0.0853283984795236,0.7717085452444356
0.7773738753363935,0.07779681689642978,0.7711371028862428
0.8030353614676823,0.07202224246193546,0.7849427730289474
0.7625805856494173,0.08252747122782891,0.7742983668970329
0.6986606039730693,0.09841179669211761,0.7781070531000973
0.7597030450157011,0.07486186188726306,0.7796145888149448
0.7504744746172691,0.09090712370811263,0.7752294629098456
0.7825471147672285,0.07543338857729913,0.7713996704540519
0.7568259195147921,0.08174170422161643,0.7850092016339801
0.7402922490970474,0.08897586900407854,0.7742504614534373
0.7372411756430128,0.09066287133845599,0.7764055855346133
0.7528831513557047,0.07461213733288574,0.780593256945843
0.7076051013737087,0.09233294390786505,0.7731834858940952
0.7172770512951118,0.09347088144010957,0.7746835803162707
0.7963023583163852,0.07170237520218319,0.7800130288139621
0.7777304035116439,0.07403641732323708,0.7813374011825915
0.7413199901860661,0.0868240108003577,0.7721972505697932
0.7471370687661276,0.0901587217627049,0.7761905299236639
0.7443512665449001,0.08351272200240326,0.772029625227054
0.71531109519742,0.08872446243982172,0.7863052098459118
0.7679924568237553,0.07956322390877688,0.7724364837953569
0.7989815078153463,0.0769064611371741,0.7725663296825834
0.7298228025678937,0.08909138038131126,0.771866859408493
0.7269133388366552,0.0870493951178004,0.7734947351593244
0.7818029707650535,0.07790104708038703,0.7706835083492307
0.7188698772720918,0.09192584073656294,0.7733076208437004
0.783942321906922,0.07692158419691093,0.7829179602117096
0.7467092868888188,0.08725246692708075,0.7718085529543846
0.7778272694526575,0.08030240786345406,0.7764375298261975
0.759096007933478,0.08681095537068013,0.7761886979169966
0.7932247180134993,0.06953871246056459,0.7803850678738812
0.7695759129681262,0.08407490657765258,0.7755109282429975
0.7868534223937503,0.07567168602595986,0.770744293224699
0.7576984107159365,0.08428092369160507,0.7730105607133501
0.7636377679638947,0.08356592107435402,0.7711720451247837
0.7274227076517172,0.09083780999489555,0.7761876298373489
0.7869490597693357,0.07216292197415008,0.7792527095143906
0.7566436736152964,0.07823333982659134,0.7853446333273003
0.779133912661383,0.07026790523586195,0.7794650768117909
0.7922064897770769,0.08215380941909209,0.7742609390464121
0.7687145214036893,0.07723133038778579,0.7839162716936702
0.7618529773755375,0.08700441524036734,0.7752793151014912
0.7576929756033561,0.07795052487578882,0.780086977536908
0.7800671172821705,0.08034034178505123,0.774265922101
0.7263691004675957,0.08856839608202348,0.772789008874373
0.7382417425677889,0.087689111601002,0.7718404617155968
0.7267734148352758,0.0897141539179444,0.772407721846858
0.7520744012692048,0.0833870954432492,0.7721920000114245
0.7752747274646108,0.08244045092916577,0.7748530590821681
0.8099084829049374,0.06806309924681243,0.7779206400862672
0.7137955263653588,0.09139247882204689,0.7732606257008093
0.728874486245871,0.08930372681805374,0.7767800142490795
0.7563715954485871,0.08457096794451857,0.7754778184837056
0.7716810348802068,0.07858022215985912,0.7844330438099536
0.7567969999864693,0.08213001017648036,0.7713565521939353
0.746175854870063,0.08664565829877462,0.7721182530492098
0.7388197216016628,0.09143038419300899,0.7758426384057941
0.7329828091523024,0.08960558269754978,0.7735198075766953
0.7549777407336326,0.08506848667083826,0.775130564814594
0.7812541471720292,0.0737801865339667,0.7812642348805189
0.7529091287146967,0.0793710096500082,0.7824064910834508
0.7391961371659038,0.08811913542700456,0.7843418151381459
0.7282855852894398,0.09204332236126628,0.7737010803448674
0.7442719848436108,0.08218303958580703,0.7724113347148212
0.7231641182463349,0.08921611924403794,0.773984812347914
0.7697982240009817,0.0841833236167262,0.7753317656726268
0.7326900642719342,0.08780835003542115,0.771961678656103
0.7173025582269078,0.09130269080364602,0.7724336738296412
0.7147472169489693,0.09063277924907559,0.7740818616861468
0.7583837624755582,0.08341388656952005,0.7749428318281472
0.7063577109980201,0.0943232281651363,0.7730071912648167
0.7634166635421573,0.08234808111605156,0.7746927888336996
0.7498518316495263,0.08022044858673016,0.7723537485408557
0.7319481369895595,0.08691407442357747,0.7730957170188922
0.7564544679333902,0.08182964605282239,0.7718933530131995
0.7385560148181793,0.08492466636544373,0.7721061486474909
0.7421505614640146,0.0881827164383946,0.7753972142179111
0.7129785540280019,0.08541047565253493,0.7811675582288886
0.7296418793994373,0.08659701263474982,0.7818189088476247
0.7416527428287917,0.08938631697563629,0.7763212485529803
0.8059047998278185,0.06679930579185932,0.7807672052855928
0.7184342950853904,0.09249458737793931,0.7745716907703217
0.7378472627149679,0.09036036127989991,0.7762491198933912
0.7471727534134498,0.0875029915748807,0.7757300647908558
0.7161080029108705,0.0897748013440847,0.7729688627904785
0.7715449278966489,0.0818463336416337,0.7733891965751724
0.7459980619412555,0.08646291944237143,0.7723331149584688
0.7054640405661144,0.09485205640972068,0.7763632955801685
0.719229197100825,0.09142210330203218,0.7736455833476552
0.7881118253171954,0.07980287911740679,0.7747326579568258
0.7375503893104809,0.08238823920312194,0.7820391188146658
0.7115270911809888,0.095136638509254,0.7748996109911855
0.7612444418342633,0.0841686474138909,0.7708723807405969
0.7245503840551133,0.08900701580693178,0.7723327796743422
0.7329202016255878,0.09143713072606656,0.7758359452006245
0.7712452185735194,0.08218746191955748,0.7720693464614594
0.7458369140373656,0.08278028378860676,0.7720410779823984
0.7325396840999635,0.08493270463120664,0.7729535264966276
0.7156090415578301,0.09094164313742928,0.7726940323016647
0.736773053831183,0.09015595000852461,0.7762552845714901
0.7526149407854715,0.07590364517055721,0.7820174588783133
0.6971347221277582,0.09486116871299985,0.7760303478604267
0.7285009697953547,0.08811279395075837,0.7740643294630827
0.703059486432195,0.09536259991239364,0.7728006249407041
0.7465730245407685,0.08881275332178896,0.7759117206440627
0.7116166499754915,0.09440820844586603,0.777854831462297
0.7778960666048589,0.07697714404735029,0.7710313986447624
0.7970097448457878,0.07331168926931358,0.7707956829835071
0.7285471408688213,0.08912999919419112,0.771957179132891
0.7731107946671539,0.07713951342482146,0.7714495900229068
0.7774202441366281,0.07946195092973139,0.7716998411557844
0.7532333757896331,0.07727798940823243,0.779552950252583
0.7247384993485718,0.09057719606466315,0.7754445112796541
0.7317628686056196,0.08971422192588806,0.7768602684707661
0.7180903662263717,0.09218180452330958,0.7723627209709109
0.74778715999103,0.08415060854533472,0.7721655849668346
0.7261196162602251,0.08974931288038532,0.7726336233656981
0.7526014838836914,0.08153585839035474,0.7718129858768935
0.7711161993405047,0.07604421143565528,0.7833186368789071
0.7554047022500089,0.07748524469739929,0.780986346760301
0.7511818571102492,0.0846250651668708,0.7738840456344448
0.7174618103308972,0.08917598134522754,0.7728909241623024
0.764703445865325,0.07705510290694803,0.7793126940105904
0.7832878722972771,0.07674318762490853,0.7717679234909677
0.7531208476786604,0.08200334631671734,0.7737270854309372
0.7144798100669366,0.09408079403818974,0.775238612918494
0.7578993273035222,0.08588324299037027,0.7739190837312021
0.7563258418688492,0.08422782684814764,0.7744495043517164
0.6955368789993857,0.09493066862599137,0.7736182360032856
0.7258169798569868,0.09030650505555465,0.7727609340045223
0.7368548665325764,0.08965513614610496,0.7749269749665076
0.7287300863832361,0.08729768060608915,0.7723585338649245
0.734285843978039,0.09147734653873292,0.7723763139970208
0.802973878118115,0.06961679114682191,0.7778710959696183
0.760097640368552,0.07709661719797857,0.7835688077035903
0.7282901743849173,0.08898659599524618,0.7754551984569238
0.7512003355395109,0.07787287111439879,0.7796906794321108
0.7544766045110862,0.08211325406487963,0.771633907322878
0.7458323969595131,0.08559938501931773,0.7714021127733423
0.730821525809719,0.08724825164596367,0.775663803542001
0.7621441229252273,0.08404008310572302,0.770572807063044
0.7424421231611449,0.08565099726533797,0.7750598156239793
0.7413742225937994,0.0787874666542946,0.7805180584429955
0.7691822373342245,0.08014283937563134,0.7711595996417133
0.7787648388983913,0.07677745725710947,0.7710208612486467
0.7963378001954793,0.07682505117542349,0.7735297833104101
0.7461529710549218,0.08253374957860932,0.7721508266680118
0.7689528339118399,0.081858552297074,0.7749939615289533
0.7612706801577839,0.08455306360459684,0.7756606590317283
0.7126701619297298,0.09400560219782565,0.7730947444927379
0.7804434635830326,0.07751664146746438,0.7708726674985502
0.802468410000614,0.07045180765671998,0.7779716326462808
0.773500051520529,0.07279725166842842,0.7793558345343766
0.7563015854916729,0.08981046616705889,0.7755619703853563
0.7307943940664933,0.09259840839642283,0.7762179280563821
0.7129680013605088,0.09550728230767062,0.7743506632244436
0.7108359711026985,0.09166183625030369,0.7763686406213547
0.7443721762439514,0.0803790853081475,0.7794476948384713
0.7295025720372275,0.09116113797084745,0.774337106071362
0.7284421885260501,0.09362379407898451,0.7742854048930168
0.7341932868309977,0.0873657438679955,0.7750874513560988
0.7412150011129692,0.08909701377800638,0.774728734249688
0.8095492183602031,0.07054984472688039,0.7784982322890315
0.7605435042351509,0.07531677797999316,0.7794419186030436
0.7962837974667603,0.07390326099563271,0.7705280644281094
0.7864219201236374,0.07259928254906835,0.7784227502770158
0.7913477162105348,0.07119430795478456,0.7788092718977774
0.7746215749662135,0.07887563934576904,0.7722431900551608
0.7405148294664624,0.08654884625155485,0.7732635528502217
0.7281256302481687,0.08764323370982069,0.7723284980693278
0.7149965057842841,0.095701131835397,0.7748257564878553
0.7791581852996382,0.07821756052271021,0.7712889202770589
0.7142936947591639,0.0951941969979969,0.7722346501883453
0.746309611831401,0.08354594413724398,0.7729313969854867
0.7324003965097899,0.08640994178973671,0.7723359524633232
0.7291956690297586,0.08678325379264527,0.7758046408341167
0.7276362896812595,0.08910817668538104,0.7721275211925446
0.7197809118299137,0.08869422486203149,0.7735814310782386
0.7332567718907678,0.08482531930501767,0.7726260595796528
0.7589573573789571,0.07945269421801635,0.7719194071667816
0.7584858685299749,0.08214495112816296,0.7724811175194768
0.7152429376772695,0.09174451591803724,0.7726111662381414
0.7461702616814798,0.08505478943851387,0.7715206339548396
0.7171688181539098,0.08915779054718743,0.7796254279192486
0.7739562324531457,0.07861400758623725,0.7709175403030499
0.738761387382766,0.0866122390619377,0.7717832221964199
0.7863772442688355,0.07111637615549513,0.7800288353914336
0.7598521004493753,0.08576455240612567,0.7746752085125086
0.7436629557104288,0.0874305850564758,0.771173384049966
0.7780287079919669,0.07804327931809635,0.7710414612495345
0.7582913542634646,0.08537622870655993,0.7745135597449065
0.7100477327657327,0.09886872188466458,0.7766477842207238
0.7488548966505217,0.08092050778858205,0.7799915227389254
0.7212403326711913,0.09228680096464734,0.7748922997805398
0.6959316729138313,0.09808073179287864,0.773572305610648
0.7221338586391088,0.09076731219051079,0.775359269842881
0.7431149977283548,0.08791456610544511,0.7738003309484257
0.7421568793216047,0.0845170995657275,0.7860712524990584
0.7302534833409916,0.0856192546235959,0.7726539027429601
0.7578265197749051,0.0819583307420203,0.7713396369116315
0.7303130779761391,0.08805786167962472,0.7730844077181019
0.7418417521248124,0.08316124152400177,0.7722626469990893
0.771216025402121,0.07465547630348614,0.7789113027849116
0.7421522493731585,0.08376507265443323,0.7734956932366397
0.7530374929368694,0.08389383796650375,0.7723123612797675
0.7884628367095314,0.07459617254495118,0.7708869427617459
0.7566633772348366,0.08095924570605512,0.7717479110862139
0.7326224503030685,0.08665044124594516,0.7725219982233213
0.787856443902551,0.07129497470296899,0.7791616607597323
0.759153767787538,0.08284971135270797,0.7757483898599841
0.7837171220103951,0.07571083350213793,0.7710062051925975
0.7831586750810999,0.07562787969398842,0.7820787423632651
0.7526824954377925,0.08172284373131528,0.7718673160282702
0.7478914065802336,0.08324148795134166,0.7840748551224229
0.7601642177309385,0.07999082218457705,0.7730555334447631
0.7492915966116814,0.08278530820295261,0.7717617310311005
0.7439427580958157,0.08378925150834399,0.7719432699394515
0.7206020960768037,0.08232589103250584,0.7810462779821059
0.7352925191918969,0.0871370813825802,0.7719833841399255
0.7689362455619517,0.07854147920466467,0.7715326634119403
0.7866132907940493,0.08053346453967501,0.7702691025004883
0.7539729367132014,0.08227818485650557,0.7715131100382969
0.7133778039236075,0.08524433740380064,0.781028238003112
0.6986028772152222,0.09437155690179153,0.7734652348127542
0.7530190995621978,0.0825408503208633,0.7731968551786493
0.7702808096787301,0.08072529753020444,0.7755827438717315
0.740944387020262,0.08584202935895008,0.7720717113368
0.7930001623265156,0.07411694450671928,0.7843016098803594
0.7087870559796987,0.09422425493188911,0.7725705314150049
0.7374167356286434,0.08667479721560042,0.772667901305731
0.7315622675416044,0.0824115725422897,0.780032136707331
0.7774642085387091,0.07369425321248575,0.7786714768072713
0.7091555378017259,0.09431754137791695,0.7762579738869133
0.7229987626159586,0.08152153647929185,0.7811402522731414
0.7516535595364723,0.09032018427136711,0.7738819945494435
0.7345155080092617,0.08601146748511457,0.7722224852598751
0.6956172803183222,0.09634040194226855,0.7743559348623698
0.753954586983619,0.0849728698651931,0.7711544682001951
0.7518460176448263,0.08511034323756746,0.774991981735751
0.7327374812876508,0.09071661919231189,0.7718695699999992
0.7623968100964192,0.08049789908304408,0.7720415439439287
0.7588972283543743,0.07992482509678892,0.7719667950822584
0.7871310925844153,0.0784140510302259,0.7702278404507599
0.7136472326851935,0.0973718274959394,0.7749801268544824
0.720817039877157,0.09099813791834656,0.7730337537667442
0.736119993493236,0.08958937967361795,0.7752312090062448
0.7233448405069369,0.09637850848257046,0.7770278201521018
0.7459366080516149,0.08317869753767301,0.7719571626336806
0.7771200729432716,0.08048922783095679,0.7704269543992056
0.8077923079750244,0.06832283858708313,0.7786224668658078
0.7594829161986572,0.08412907704790012,0.7758249307922975
0.7446958725578436,0.08849587782922134,0.7760268527875411
0.7849354371530508,0.076014737339774,0.7708136341866634
0.7577999897520586,0.07740245756161356,0.7817189674212823
0.7456948815218346,0.0851101810288349,0.7715025695519756
0.7756584426759684,0.07867382372819466,0.7709191698111019
0.7309462307609437,0.0914736889275285,0.7750928612394313
0.7562019664585132,0.08619742825195607,0.7738397582647172
0.721497794331663,0.08977761364804862,0.7724042717027807
0.7204203223523462,0.09443030935585021,0.7765401965793938
0.7742704121797265,0.07290129125517222,0.785619477248521
0.7812641686444078,0.0759697233960248,0.7710493758739293
0.7324623601688973,0.08821252403164578,0.7746408233675159
0.7114259164417127,0.09137307272746135,0.7730521964333954
0.7962518181066479,0.07958794360748252,0.7742921371677938
0.7334065608625535,0.09020513099559825,0.7718012132467654
0.7099356476177355,0.09452347242057899,0.7769675399269733
0.729754021963691,0.08956822844502925,0.7727706264401291
0.7253352533364111,0.08913246595716998,0.7726533817033204
0.7417704749724409,0.0861347267735174,0.7723193374557458
0.7367027188452379,0.08915275587669896,0.7724992717633726
0.7444501532614374,0.08421420572978239,0.7724627037186574
0.7464165165396395,0.08184506665250535,0.7722338137031274
0.764063669923745,0.08236453032804239,0.7727810173139996
0.720906154937642,0.0890873411164673,0.774882454264316
0.7610950376541011,0.08555633981390517,0.7742303443173909
0.7282522871985991,0.09091101988644805,0.7746845033613724
0.796959983503764,0.07606428646627242,0.7701170353092887
0.7019842922375689,0.09430485036685736,0.7739539650759084
0.7152758780534886,0.08852379069266364,0.7855824879360139
0.7588001576884091,0.08238165847904538,0.7712696339657654
0.7159745657007379,0.09056448864026075,0.7738038705107939
0.726074185201568,0.09163071624874847,0.7765907150783061
0.7292953072865701,0.09146288727074864,0.7766450287115201
0.7339580793822555,0.08977364787012067,0.7761939631911081
0.7248764550692468,0.08683837831129859,0.7745781257037194
0.7021323366919648,0.09659889815951717,0.773521878330953
0.7458304178884169,0.08471722548567277,0.7715799206857301
0.7453709324232236,0.08695038829235288,0.7745071226347567
0.7522350417940287,0.08680518051066446,0.773904071697969
0.7485992438814502,0.08007944748609828,0.7791787812337793
0.7854797093997689,0.07929012576245252,0.7724315549303651
0.7176317457818091,0.09029633916772019,0.772630703668434
0.7626418922706195,0.08273124234467827,0.7747514553505209
0.7411511218263533,0.08879539769887772,0.7753987294041155
0.725163140101005,0.0935044983149348,0.7761993730392952
0.716215237388089,0.09078019604460406,0.7748616209378908
0.7277226756652154,0.08672309253978625,0.7725916826287607
0.7457829963158412,0.0842983110254333,0.771796757478892
0.7469478354254238,0.08404541179923702,0.7718812406376864
0.74869621395182,0.07835911136474352,0.7804312590220035
0.7292064046501768,0.09585702725916041,0.7759289396835659
0.7087908989993714,0.09139194211859104,0.7731650068330442
0.7913957911714062,0.07130889053748148,0.7809758106004302
0.7551345636639212,0.07968786305305622,0.7833645598000366
0.7710987724000491,0.07425540394026792,0.7833746610642888
0.7927169790940346,0.07164543375950018,0.778094151108861
0.7244618725670952,0.09140782298546683,0.7755608851866441
0.734463513663535,0.0931772423913263,0.7760079136346604
0.7145812995543439,0.09348105028400545,0.7741227939811774
0.7791079785416429,0.07758862321242603,0.7718067299898015
0.7529836189795496,0.08236379291012805,0.7720578709176759
0.7421001217587139,0.09041626307171023,0.7754339397443931
0.7949505854178116,0.07628683838916211,0.7726019199564016
0.7489499300927285,0.07921174262218955,0.7802585358135079
0.7138564448374937,0.0853502523102928,0.782071028310943
0.702013942427916,0.09379895493660953,0.7735798875977463
0.7263101967571953,0.08757279740749356,0.7724996092174621
0.7691610556846968,0.08500219617675621,0.7759063989629296
0.7394653995713129,0.08666355324564314,0.7854847541420887
0.7970316255203964,0.07643983323353783,0.7708236973238631
0.7302042616596985,0.08700375602558383,0.7725711257683304
0.7862629195373181,0.07271141295848187,0.7782225443291078
0.7933855751382209,0.07080015307999235,0.778508533818875
0.76131423556511,0.08426302302629675,0.7732115532632974
0.7371118882990926,0.08653294012085268,0.7718770266597109
0.7168450471770511,0.08592243008868619,0.7839782501149276
0.7568173405190788,0.08166802846728777,0.7725179846789073
0.7937455072417163,0.0785399015695616,0.7726588030444317
0.7214848056117258,0.09407362845943516,0.7748033959992412
0.7172682353014246,0.09294149994278718,0.7762531467861807
0.8029629724276124,0.07372827565584593,0.7836979383748028
0.7773437948615355,0.08095510337959727,0.7714921774810675
0.7684654348416795,0.08380587292625187,0.7748179802211667
0.7521100179277891,0.08124791806421201,0.7719471861113287
0.7349227018822316,0.08647990991947126,0.7743127838939663
0.7709242297908505,0.08167593906324863,0.7738390725270778
0.7815196335163002,0.07342039604276158,0.7815048320979471
0.7302665101799694,0.08635372287726777,0.772613684891661
0.7871726804038288,0.07842816038785536,0.7708420570718483
0.7613676744364091,0.07526327520346945,0.7793768865286054
0.7777820429159847,0.07763026845207514,0.7709509526867646
0.7530339240408609,0.08273801414154724,0.7729543305285003
0.7680616642456175,0.07805974520235563,0.7828221391382192
0.7119348965081173,0.09301304407589335,0.7725155266040168
0.7761157951399795,0.07719782158112,0.7720754980504454
0.7703780006407717,0.07513499600606585,0.7801882733369216
0.7231745627840328,0.09091832591625694,0.7720320544908327
0.7381166077557664,0.08754916889991744,0.7723235508548996
0.7094604610340219,0.09439688791482587,0.7747371904890514
0.7266083821083948,0.08538983554049862,0.7730578038717604
0.7171714446916471,0.09078734209511315,0.7751007891814722
0.7039103778166819,0.0958762837332548,0.773126052813005
0.7205405911049402,0.09079780324408483,0.7759290862764451
0.7583919680645632,0.08098093669901005,0.7714989772494251
0.7254824811325512,0.08443893970958295,0.7830274135210396
0.7753525085167771,0.0779249785381417,0.7714083930634815
0.7658442723033978,0.08137557744142598,0.7735936421745611
0.7469050390954863,0.08490282423015755,0.7737722294314647
0.7588987456856631,0.0813852662242343,0.7714241549264008
0.7544484509565257,0.0809978496884506,0.784026288678808
0.7840384368667175,0.08312549017611207,0.7745928011368194
0.7516259905324106,0.08440146904726675,0.771287558157518
0.748374734009225,0.08501731515144062,0.7755482414489431
0.7489415820235777,0.08002424057473241,0.7850900336189113
0.8026371734074579,0.07081395727207752,0.7815481516638239
0.7800068951954069,0.07682821616578697,0.781643362600412
0.7345462248720652,0.08849246674887373,0.7721074289281254
0.7847822737579963,0.07102275006602946,0.7787656830233218
0.7993491232477258,0.07615963495721796,0.7738287641418374
0.746807825661039,0.07929680708890206,0.7802666407978475
0.8191631462611354,0.06797454987232103,0.7825558613550602
0.7280301776373944,0.08862919090870679,0.7721160928352295
0.7573321691260887,0.08439432322898822,0.7714831725841856
0.6997150173037888,0.10018768367843366,0.7771316885658811
0.7607498403196404,0.08434392760381636,0.7750686952452415
0.7216790049097943,0.09391612293688552,0.7740621003032506
0.7050980941500662,0.09173005578588235,0.7736681915534395
0.744863122052924,0.08203854326961477,0.772450810777922
0.7345065729211857,0.09175456183658122,0.7744733063157156
0.7340154046864811,0.08657757442989718,0.7729257101672431
0.7670599205736842,0.07845554172075873,0.7833525614720385
0.7584707794247462,0.08362039437168706,0.775218162826102
0.7412550315479024,0.08623211024251014,0.7724533021908678
0.7466279568033872,0.07798741770266994,0.7800352422760822
0.7553289731717889,0.0789692855650884,0.7728166632189479
0.7269443525174522,0.0945329871350564,0.7772536756028943
0.7970665048425967,0.07711147130178189,0.7703558161975643
0.7495431973576393,0.07658608836218149,0.7801197750550977
0.7520274674512321,0.08298442998507362,0.7715115733680197
0.7197478334307666,0.08864202591417868,0.772997224138542
0.7501970785561684,0.08535718346574167,0.7771123852285365
0.7113683576929982,0.09611966724447406,0.7748858095241181
0.7268021452566424,0.09065550852231219,0.7741321609384914
0.7681774102485728,0.07673637746002249,0.7787273535184924
0.7537382982841561,0.08387723403221348,0.7712647188666207
0.7601091676039008,0.08392380336066983,0.7706957353851657
0.7344535416290562,0.08951468099615875,0.7722820259798278
0.7533941528045192,0.07834363945322391,0.7797804396744213
0.7481001882465276,0.08583096315155442,0.7711758166063719
0.7357688401525747,0.08999369870910993,0.7753479863857877
0.7810254825577487,0.07534884085172706,0.7835315667739443
0.7549672274044525,0.0807066206734428,0.7718585186765397
0.7142023798966075,0.09493634330513044,0.7776996688819008
0.7717694500285512,0.08117970473303769,0.7718971713358269
0.7270830347796182,0.08727753462123061,0.7726542952245407
0.7561147380254607,0.08796933139018097,0.7749717565600056
0.7379559137495234,0.08950813335170693,0.7722352152366516
0.7368217677300828,0.08944163678296342,0.7758263807924027
0.7540286425905284,0.0805012755067489,0.7830393981112048
0.7201661381829071,0.0884773243834278,0.7728969317737647
0.7794204374598406,0.07951620430799833,0.7745978362768337
0.7660526796144779,0.08165872637843591,0.7722508561310902
0.712371230707114,0.09147408602818302,0.7729271654099751
0.7506264007196509,0.07720149951033306,0.7797442102844147
0.7358232921924921,0.08763652769435017,0.772172661932597
0.70953674213006,0.09385941964293919,0.7774695510136674
0.739782184443247,0.08893134184420755,0.776184740528962
0.7398900266754362,0.08505667576616674,0.7722857717055595
0.7356523049241063,0.08928317876564215,0.7762571019658975
0.7600637719050567,0.08489134944406355,0.7755501860253178
0.7525783617307865,0.08295665402872862,0.7850940841882015
0.7566661229889882,0.07897174959679587,0.7846284773073068
0.7387954956205323,0.08963291465155601,0.7752283959456601
0.791423861491851,0.06872487690160971,0.7789918493210923
0.7474241719756731,0.08723091135829429,0.7728300773768505
0.7966778268827275,0.07344750867202193,0.770755667381173
0.745142902069967,0.0869182295311117,0.7737828145438267
0.7348578381525676,0.08833820049921048,0.7729400276236623
0.7397515700860434,0.08533722091368379,0.7719215037081962
0.7901600713109526,0.07156876499208609,0.7782432680702034
0.7241203326279718,0.08326971633673128,0.780436084947614
0.7472394437281036,0.07866467086027475,0.7806590811676892
0.7377944593197066,0.08420785165807385,0.7747783290318423
0.7581288711152442,0.07700499439296825,0.7791798540338519
0.718422842536203,0.09030815779710671,0.7744168378976781
0.7325924530925393,0.0883644251018992,0.7724155209670402
0.7368779561722436,0.08569343659694814,0.7723312434683935
0.7549260722274954,0.08377541561283144,0.7758198159505859
0.7641733830082664,0.08429397447291763,0.775242506496854
0.7559692209064258,0.07963320525522327,0.782664947412015
0.7161664030372584,0.0917487738955658,0.7729360098165857
0.807079530992268,0.06932262863255483,0.7834049537973654
0.6955914542492456,0.09637060115347479,0.7739661665694327
0.7715052610394436,0.0808096204100147,0.7751017564826441
0.7462409447182566,0.08648874745871031,0.7711802566843596
0.7625124148284456,0.08369302731558526,0.7760901063855963
0.7564739455916578,0.08405015512927402,0.7720200374654819
0.7553663149358942,0.08189593570938379,0.7716396964560848
0.737324047430839,0.08422595744928277,0.7725220741510948
0.7292553376689591,0.08821183637259405,0.7726749278331494
0.7230657385325435,0.09214938404994086,0.774779200204447
0.7764397933483487,0.07937450043965794,0.7716954409581464
0.7441395521302452,0.07789960934732634,0.7802302089787441
0.8048769058776569,0.06730494415448955,0.7784218704636634
0.7254357101823721,0.09428515713689166,0.7754099705186565
0.7683765016409755,0.08150090528393972,0.7711815521988579
0.7659532979222117,0.08768862599216928,0.7754292664327185
0.7439896309359242,0.08584930213773653,0.7722768211748898
0.7562725332725475,0.08253301083018473,0.7720479014839476
0.792124282810502,0.07719706548915004,0.7738101591772331
0.7992797679413649,0.07505791894516382,0.7732848079109561
0.7399313631911294,0.0890792232105291,0.7713376215166459
0.7460023878536272,0.07671004069185944,0.7804505284548118
0.7550898947680229,0.08257193580371266,0.7713980352465066
0.7835748008257374,0.07445299399194986,0.7840593902046445
0.7269254437109721,0.09115621812650354,0.775693195908816
0.7568162178004186,0.08060511485702249,0.7717897748275461
0.7250905920880789,0.0891711280297589,0.773416242439258
0.771166941393357,0.07298088647682749,0.7793619043564023
0.7453924110188878,0.08478997540926185,0.7728376353908104
0.7176017732263661,0.09354528669810164,0.7760739735693536
0.7663730042819338,0.07219251643651901,0.7798237195671471
0.7683231192229062,0.07943575805115012,0.7717541383869116
0.7272584259503981,0.08869296038602555,0.7723709400007958
0.726257573757106,0.0894242215795429,0.7736704444790262
0.7521566534788007,0.08301485717934697,0.7719267448427085
0.7489628105212861,0.08681329803209137,0.7750176689114632
0.7523158768126018,0.0852888061502748,0.7751450214322861
0.744204921168102,0.08530858226921034,0.771578423954655
0.7382736804443463,0.07910751353059622,0.7804288181242459
0.7947955223998668,0.0791939556907032,0.773535276083983
0.7954967048787763,0.07016238855969038,0.7788221488813505
0.7291600983299305,0.0844520894936104,0.7730823188138392
0.7426302789109376,0.08502534819548146,0.7738868988645515
0.7327864241580104,0.09127581773973432,0.7748391082376616
0.7894300965772721,0.07247288825139715,0.7797476808180269
0.7705271035538238,0.08101909988535434,0.7710939375775097
0.7753898684516961,0.08265363959732014,0.7747705768628709
0.7372368907095044,0.0853802278912529,0.7722504521601946
0.6983927492778248,0.09580866766617659,0.7734501838824429
0.7288891943303053,0.08387068059954271,0.780024565582872
0.7372736427312236,0.08278660698193253,0.7803836076222503
0.6993450943252643,0.10429532916259257,0.7778466429211575
0.7617107998341078,0.08239621982072456,0.7749222871067329
0.7809318420607652,0.07950200585128515,0.7711589467578861
0.7818545751789536,0.0721246749243657,0.7787386687167747
0.7414162039630446,0.08611572629236383,0.7724986832841069
0.7037342513438988,0.09318114215142106,0.7737553406857279
0.7297451620416109,0.0901953027545239,0.7742466795183623
0.7291630502070489,0.08602148375628425,0.7727446702578432
0.7089621846444466,0.09610755681721961,0.7761724580560848
0.7451923394827958,0.0847606033198063,0.7719278926113075
0.7654005558172986,0.0820042816820372,0.772315867655627
0.7757245642465955,0.08555797179040019,0.7756342810508753
0.7592854004239312,0.07581756425818806,0.7797536608270246
0.767115346914993,0.08144723730218965,0.7709540112841521
0.7546686471216237,0.07660564238767768,0.7797009746102049
0.74261864882992,0.08889703822815229,0.7761009634510522
0.7138479767522462,0.09246923396946828,0.7725261360283505
0.7617193625055382,0.07942100776702436,0.7851253690455465
0.7581835306154069,0.08080592573772645,0.7844154670858178
0.7353562515556282,0.08166824438220607,0.7805442789462345
0.7382912439256464,0.0846483364358041,0.7722522792967423
0.7238853990095149,0.08902958605298247,0.7724981974587668
0.7305158930968646,0.08743691682680392,0.7750826913461011
0.7345980395406698,0.08707891386976513,0.7856446105550962
0.7082039421129407,0.09348266450580744,0.7732040773462818
0.790375479988662,0.07124720817026874,0.7790487783221242
0.7455957269667006,0.08368108027032137,0.7718654156843244
0.7385355595917674,0.0899429625176834,0.7756702127934972
0.7766140172338455,0.07426133440409206,0.7832455764387523
0.7533579109627577,0.08409253192534653,0.7740069133914054
0.7246618290998704,0.08671163471235455,0.7728495209460648
0.7658350646544045,0.07813795752889056,0.7852665412617678
0.7644684583567165,0.08097821084637859,0.7736037690371361
0.7601274708831982,0.07271451021773687,0.7803723263313257
0.6985684563879477,0.10168009337083644,0.7768231781556993
0.717458796667802,0.08461485921823102,0.7809361270614446
0.7395626861759235,0.08492343402968243,0.7721193493406046
0.7312720297251908,0.09368356369872137,0.7761424518899025
0.7212670560058674,0.09041490963450158,0.7754341242744011
0.7686648835661217,0.07759805870346619,0.7815488668082332
0.7254271129569249,0.08941282827057853,0.7723594337209853
0.7279873926680932,0.09097798120662876,0.7725995966873574
0.7574592742929619,0.07711930287355709,0.7798609517339221
0.7411642374739683,0.0853194720781954,0.7718055124273924
0.7508291562557522,0.08560705790938991,0.7713732565764401
0.7907059559524824,0.07695345174222723,0.7705539757452264
0.7266717566053379,0.09016821267865446,0.7746814535354699
0.7394561441176035,0.08482985541957061,0.772082199284284
0.7653134785763275,0.07450459780461917,0.7801687834556826
0.7174237814358814,0.09371010453896535,0.7725246001291542
0.7321169491691749,0.08610438749930785,0.7723531768030175
0.7347459966260663,0.09006436352973052,0.7761424240684917
0.7395890721305663,0.0903294385159828,0.7757108670771724
0.7307880325714915,0.08950692612972538,0.7756845628908995
0.7729319587242668,0.07838746353853052,0.7844058372072522
0.7404758179657396,0.08911464501681325,0.7756655939403556
0.7212060915283006,0.08662511091941247,0.7851855617131417
0.799709730113109,0.07650319811259872,0.7737933974752895
0.8133771710838064,0.06983074417793522,0.7840592396128512
0.7719694347851523,0.07304320545521338,0.7803791032239049
0.7285672624684876,0.09054524220376237,0.7745572227038859
0.7423898129966164,0.0863024786648879,0.7724692468178864
0.7450055483747505,0.08607501730141635,0.77196535448063
0.7617897391183204,0.08739818524533706,0.7751042825525516
0.7213525923665333,0.08860476750731754,0.7726971125374756
0.7859572902821113,0.07086687506672798,0.778861516850307
0.7863620408698369,0.07877978590090084,0.7739019231424135
0.7206423344978786,0.0920958982844246,0.772012267007682
0.7887071286469444,0.07634584637632187,0.772789731416854
0.7356334438253664,0.09084574690315603,0.7748768198514332
0.7422055797103094,0.08332997216081621,0.7731924109728031
0.7327044306986166,0.08821844833714622,0.7718546494313905
0.757679078082536,0.07903582403367714,0.7848815195004254
0.7504781765933969,0.08046919758996818,0.7723542469637455
0.7336670314935587,0.08413142514307247,0.7751032848193566
0.7149231656771587,0.09382410431122738,0.7764233743660074
0.7231011329851849,0.09266028223629079,0.7756078391919036
0.7099540264353673,0.09755134162017033,0.7767316441470073
0.7321428641384612,0.08936924125694637,0.7716277215123839
0.7331566608422959,0.08280265416302712,0.779907080135123
0.7655195466601296,0.07441983196396941,0.7797933870677143
0.7169636212609573,0.09189714634830203,0.7752974168681627
0.7540394534988539,0.08235670651461316,0.7715749742812668
0.7791038162901749,0.07411652534826013,0.7842701058371693
0.7561386139523472,0.08236846452243014,0.7713759744151218
0.7557562302928645,0.08345146295774386,0.7722079157146674
0.7385272686942282,0.08584037215208842,0.7718909590762575
0.7033947308771326,0.0917385361500677,0.7752766513638021
0.787295004774687,0.07061775068010821,0.779200773191895
0.7521228227582867,0.0849522321147906,0.7740015998195128
0.7439500734035528,0.085409057886015,0.7744371643324199
0.711407500080082,0.0960880504816941,0.7764091759599142
0.739944763484836,0.0805968593131879,0.7806355040432151
0.7969300140993336,0.07546502563918937,0.7710760449103815
0.7043918449210531,0.09398192958879832,0.7733127652530292
0.7505675832396292,0.08352243378774464,0.7714827493911297
0.7205697008933462,0.08896825597542944,0.7726897631635266
0.7611283885414727,0.08114748567589286,0.7726813477024495
0.7312010773908552,0.08816706254312598,0.7719967937816538
0.7472056433656998,0.08845290005895694,0.7758602017310103
0.7103350955060725,0.09478008547130636,0.7744124798487013
0.7497819675003575,0.08298927460082499,0.7725474984007031
0.7828190089082239,0.082022525059965,0.7745850757324332
0.7420550773443211,0.07728470025739369,0.7804301972692009
0.7482890399947958,0.08737007593184408,0.7708317049577755
0.7351153582726673,0.08200661166641408,0.7805067634403516
0.695654165507559,0.09483646291152308,0.7736170864572908
0.699106546962507,0.09883686066071691,0.7733196882218673
0.7671317993973065,0.08195140390071239,0.7759131139749569
0.7715039317588679,0.07338012257780123,0.7796751815888004
0.7466182627250657,0.0842404013713118,0.7733140081102587
0.721589831345993,0.08924221047463672,0.7868333503477977
0.7560074193482192,0.07748627560021058,0.7830175252093526
0.7914186833983962,0.0702591483795758,0.7794826971313452
0.7156565838215483,0.09369819975770446,0.7739817609321332
0.7698658523945948,0.07968179587478426,0.7834392194427101
0.7347910658134557,0.08819100776946621,0.7763770423274091
0.7465064471753542,0.0864562963343064,0.7720474478013246
0.7777627810224856,0.08317298200089912,0.7748029906347798
0.726933059495992,0.09157729047322735,0.7721863302704162
0.7881059292855789,0.0708780279846595,0.7785542783904531
0.7760979517748284,0.07268717413424669,0.7792855588420107
0.7786960632732439,0.07272973824226633,0.7789011356220984
0.7487276962346705,0.07941789577283669,0.7794125626812136
0.7814388633835673,0.08462223628337344,0.7748902445079191
0.7299563669908025,0.08749464175304297,0.7724262067157261
0.7322567411353795,0.09006402573956504,0.7744767184668674
0.7899485791988871,0.07320623909247018,0.7812070391656172
0.782316392783643,0.07691488944104309,0.7843479013451761
0.7332465609406928,0.08611320956355528,0.7724226896282705
0.7525079887393162,0.08337608557710892,0.7721600193752362
0.7403875134228207,0.07866726282482185,0.7804250533923816
0.7322333387858937,0.08761634532126399,0.7854613345093489
0.7453340448234569,0.08620577943174172,0.7715649116715267
0.7624661774598825,0.07940338971989791,0.7848081688995133
0.7600752179658616,0.078303692182593,0.7720183246331219
0.7642710191166656,0.086252574262337,0.7749540788209844
0.7372425593819182,0.08533367729915901,0.7722540813395424
0.7242976496279327,0.08916296705203607,0.7733244180219252
0.7574352993732315,0.08511181906375945,0.7746556866468668
0.7702324403089615,0.07846082788198529,0.7721067211920158
0.7555941319381918,0.07924389633490177,0.7721256677743207
0.7193825500350008,0.09483186047572556,0.7756433840290847
0.7211298453064358,0.09054083881422569,0.772868359115403
0.7692525792438286,0.0833886960857429,0.7735192699891009
0.7511877513707879,0.08771876711858774,0.7711932701128466
0.7769120740868797,0.07531046174208998,0.7838363432631018
0.7079367510517804,0.0914699402182649,0.7737124204046599
0.7615696195961035,0.07890392827201857,0.7718728789054928
0.7647874681697995,0.08137376713815536,0.7747643231284551
0.7683001270560696,0.07845343477499457,0.7714855670872637
0.7770851046647806,0.07676626412047305,0.7850664582105883
0.7432841351957303,0.08310827815912587,0.7723113552380795
0.750261642719576,0.08714444925338898,0.7754437834646141
0.7397090354643341,0.08455418671069045,0.7721765569805376
0.7438943627544464,0.08570880051930475,0.7724056668091014
0.7582886637633134,0.0762999085440286,0.781937734888611
0.7423997760744456,0.08912945862327232,0.7741699560150828
0.7569665099720343,0.0765907050328639,0.7797261520045382
0.7175751038675092,0.09252144806232646,0.7731587668346838
0.7245415490218514,0.09189591962834881,0.7718365731653644
0.7878263467782683,0.07246396376746415,0.7832014656431624
0.7884401570920884,0.07377112811777435,0.7810045707716989
0.791299376753251,0.07781541366720911,0.7737738290192331
0.7717657876108767,0.07951016597068947,0.7708909281557218
0.7313037597386364,0.08674829199013082,0.7750582010286792
0.7322408156725879,0.08412490284655094,0.7729061053461178
0.727248532432893,0.08439393542049112,0.7798728857858137
0.7334936896614479,0.08893489011365358,0.7756620535502435
0.6954123884319185,0.09415515892373905,0.7748750265334092
0.7381436703712969,0.0865234662031113,0.771977211935906
0.7406070749586734,0.07877944065595394,0.7803077411905405
0.7466614414815886,0.07814909636441882,0.7798497690469772
0.8072721904998642,0.0701328275119117,0.7811051459630799
0.7114899100151381,0.09536559501189402,0.7753320671382111
0.7176747989709489,0.08844371486524555,0.7731263244065478
0.76179842578661,0.0816914533057867,0.7710681084430312
0.7659215716266937,0.08121488946975619,0.770897838095071
0.7652525698139571,0.0792676277899184,0.7716015892375185
0.7190442751827305,0.08993523905973251,0.7736815761128575
0.7459602011356231,0.08748683973614953,0.7743391343404843
0.7190024529160137,0.09172212935054022,0.7732759613377138
0.7411145119577174,0.07910520244384836,0.7800321807891261
0.762041640652925,0.0806091538473694,0.7720290092969877
0.7350697094844835,0.0880628278470493,0.7754951701756433
0.7837705616727577,0.07652002334400076,0.7708666342279288
0.720120749448374,0.08928337254356458,0.772663558627488
0.7190495926753202,0.09070811171224936,0.7743130633987263
0.7279849046607826,0.08637686169523533,0.7727211646901821
0.754366501498742,0.08185979382724476,0.7716852952130893
0.7267737863334559,0.08700135447455666,0.7725949719944066
0.7620847371879298,0.08217461285101059,0.7711503366985266
0.7334298741386109,0.08918664167843283,0.7718151394393887
0.8123894657424099,0.06993116295252734,0.7824124007408797
0.7428640980919095,0.08744514438055961,0.7738414034525841
0.7526087247577914,0.07622906909770036,0.7798348198788118
0.763741192010662,0.08225042339703648,0.7708033169353262
0.7876054152683798,0.07464293616789322,0.7709325117468379
0.7659774728287476,0.0761694297807619,0.7798411544930219
0.7618079766068806,0.07604249114489808,0.7798901493711748
0.7173209570620931,0.09271087273914817,0.7773958117426155
0.7369025871909339,0.08889802309125382,0.7738273222091019
0.7932280670159167,0.07534250107020073,0.7840827100814631
0.7788088786031931,0.07718821373285478,0.7715222304862671
0.7754662814030969,0.0824786258225228,0.7717146805167822
0.7488746069669383,0.08008355433970839,0.7725228589886838
0.745532149814468,0.07808217394127953,0.7800149231160987
0.7193058309765643,0.09236440739298829,0.7760257619137576
0.7487353677190596,0.08441768794866313,0.7716190722967
0.7140940249943739,0.09301668514118494,0.7753967414503257
0.7935582722686033,0.06821820987603873,0.779275948580076
0.7826001275731743,0.07854981561246942,0.7733482047453867
0.7808372498747216,0.07490050416815239,0.7837448970263572
0.7167199182794386,0.09647776912553922,0.7766868030523216
0.7803434990303133,0.08007870546409555,0.7745929192940649
0.71982762887714,0.09433138278143294,0.7742524681274058
0.7655158114625181,0.0831800074115888,0.7754293708610673
0.7562106197510463,0.07861244899170379,0.7789988387114448
0.7424583755002346,0.08698133265667,0.7764272581686061
0.7089040378512678,0.09346153159170323,0.7733808440043529
0.7511317503447499,0.08498670608705232,0.7733690798372294
0.7704185754441327,0.07180051121037698,0.7796893396878074
0.7078171874827157,0.09367159899652976,0.7734486594803892
0.7612152974906018,0.07935898458170548,0.7846998697532187
0.769757606800336,0.0786380719819806,0.7712110568606197
0.7670060542273143,0.08023716934314457,0.7712448603031598
0.7648578887076907,0.07677701248736929,0.7720511018577954
0.748695953592853,0.08160496889890338,0.7829601803889098
0.7576902461065267,0.07725068303140431,0.7847312309955718
0.7821291167565634,0.08280133161339481,0.774897721702657
0.7689828397918409,0.07969125347682428,0.771189558111382
0.7275541124353394,0.08914297529229925,0.7721105443831197
0.7385370638732621,0.086838454125615,0.7716647285063003
0.7554544692894065,0.08651001100146904,0.7740002759839926
0.7003358146513441,0.09483639085659776,0.7732155346292084
0.7272152182527509,0.09406765650268271,0.7767981913365501
0.752967210487311,0.07625461935138513,0.7807913992778003
0.7215495928869632,0.08957015557243356,0.7728903633116182
0.7399623327479725,0.08868944273176503,0.7764541686064647
0.759592702162141,0.07661151421146369,0.7791718899939456
0.7545496796186447,0.0899138432703368,0.7754795489345343
0.7146991302989594,0.09416737828805734,0.7730717401629101
0.7518747156598798,0.07935651014841584,0.7791144227537039
0.7771540529333265,0.07891562287539536,0.7716847773991392
0.7137386211578293,0.09094764884578908,0.7733352306934693
0.6993627881729343,0.09490700010460952,0.7732975458716853
0.735857392844701,0.08741981428454706,0.7718646311877303
0.7294000336679047,0.08874684526449589,0.7741185543472102
0.7605816351994886,0.0842927403189718,0.7714834139777211
0.7298680961324311,0.08926799693102236,0.7719734024406288
0.7721469550278236,0.07957753003623803,0.7713949150192995
0.7150727100936324,0.09260434620302717,0.77669460084969
0.7272531020685674,0.08189742275913578,0.7808675316892463
0.7592067223961725,0.08052072519380091,0.7732080342162423
0.7514845044456924,0.08702303989645928,0.7747769341446107
0.7355380633323756,0.08495870469937258,0.785278365928111
0.7616515425168546,0.07623246279033925,0.7791157658019809
0.7242705735801074,0.08912161618267848,0.7724849948787813
0.7065036884906677,0.09696110019682476,0.7732765717962451
0.7718346444620277,0.08069550811530866,0.7712951974834379
0.748705168796932,0.08299694320516239,0.771831590783004
0.7634391664081946,0.08004144563938437,0.7714830848128302
0.7506067829213724,0.0840790604182628,0.774053675460701
0.7579956102736641,0.07530989069475814,0.7804125840280735
0.7508829434975987,0.07815748210419342,0.7796071114474851
0.7912292062946643,0.07876567398233106,0.7734436679351413
0.756031907978735,0.0869430462002871,0.7755575410136427
0.6985046503134182,0.09942926565057536,0.7774744807189697
0.7473807595777504,0.08711483521581695,0.7754415237083793
0.7793327611958142,0.07901802669670925,0.7724376433336821
0.7189856637257238,0.09219178376646489,0.7721139198442569
0.7576054405887875,0.08263143076251435,0.7726807369165769
0.7610269871097475,0.08468938424809808,0.7750546136168884
0.7164039913010974,0.09055474328667955,0.7729733127821046
0.7405470635306258,0.09181809761762037,0.7756416458908246
0.7136126763768007,0.09309504308016775,0.776661427323421
0.7431882586048493,0.08423579188432637,0.7719498221674651
0.7392979896307805,0.08514123626720066,0.772020913839609
0.758260274649863,0.08411819221898323,0.7757466181920061
0.7290955798282618,0.08908753424998841,0.7744410559366528
0.7275564736115241,0.08345960976211006,0.7836494348311785
0.7644973622001427,0.07397847081554461,0.7802201782421867
0.7618931994515119,0.08638210327418233,0.7746762199440446
0.7619665975149537,0.08195344852337667,0.7751887099356377
0.7458643751164478,0.07971565646310595,0.7796731654577006
0.764412131935772,0.08118890381575469,0.7719031669246638
0.732796467512614,0.08708134471077296,0.777090908091726
0.6983255649797621,0.09713122871451121,0.777162779963224
0.7818468523967472,0.08081916961805691,0.7740708405075033
0.782423352401212,0.07615823409401071,0.7709137179940494
0.7544859655368016,0.08099693290985127,0.784646327531387
0.7395944718462039,0.08573273546544438,0.7721063275492684
0.7392865254601902,0.09129257041623894,0.7750879620645043
0.7351211774494639,0.0870943711714105,0.7755120115479315
0.8193939153342252,0.06926480993822229,0.7811798736147693
0.7415265684599993,0.08500401243178156,0.7737653865871315
0.7370688441225882,0.08692942026741231,0.7750207944649048
0.7086895407247689,0.09340780484650932,0.773122038796897
0.7205913712076855,0.09025764452987868,0.7726485576232317
0.7803809932130081,0.08070634129614335,0.7707041745317259
0.7551398285617971,0.08573542152317379,0.7711638896141962
0.7583202001596034,0.0847995727867578,0.7744756068954365
0.7018075076019605,0.09380854453046635,0.7747730584235694
0.7353423618653645,0.08612959153559203,0.7721174188382105
0.7507090181895945,0.08130275081755581,0.772185853440325
0.71337875798713,0.08454272755539914,0.7812920867950904
0.7784909874870449,0.07134004740416895,0.7791881547177271
0.7381148273911674,0.08614827202588962,0.7741132259565516
0.7402830000932691,0.08892294906917467,0.7758162743657069
0.733506900203804,0.08259789045368189,0.7799493509411121
0.765433937989287,0.08171330333142328,0.7742495998984626
0.6959263110298833,0.09678717719949631,0.773233153557389
0.7246237615546769,0.09135559189318337,0.7727151085107083
0.8045812288823682,0.06924194702425346,0.7781518654596327
0.7542560585158513,0.08290812092283387,0.7714633512152008
0.7366274255837683,0.08786637110717783,0.7755136042997038
0.7542184574263296,0.08067157781129938,0.7719213549075004
0.7421568688241063,0.08103430202883753,0.7727831276345817
0.7181377114853615,0.088134179479206,0.7854134233880196
0.7282478171850366,0.08935729890739107,0.7750670265085835
0.7369407729497442,0.08419828330982577,0.775163892428698
0.7259936058514047,0.08779603721317353,0.773525868250028
0.739657621029973,0.0872939152751142,0.7746703042330005
0.7276728682368799,0.08857566284940792,0.7749174255865243
0.771315875864894,0.07782702849660172,0.7715266974610437
0.7729154897083178,0.07782531760695739,0.7711953158603064
0.7441125121027737,0.0805920112318033,0.7796151284249674
0.7548418369864908,0.08114611604044067,0.7850940770292335
0.7983113075068142,0.07664881391824138,0.7716680881221459
0.796988793180854,0.07624834020511814,0.7706864289027572
0.7373228861185406,0.08717542599710497,0.7720022706927143
0.7483219155968561,0.07816109429351795,0.779713139128567
0.7465229126282571,0.08303019879940446,0.7719380480534447
0.7156854156946648,0.09572008754989124,0.7761522593263461
0.7081068741093784,0.09158958956274525,0.7732493333796335
0.7041191619627652,0.0985143145964639,0.7765565123725815
0.7626602509575798,0.07871054740523585,0.7815928199839955
0.7741561634208186,0.0770386366092692,0.7714687650347123
0.7319344947101785,0.08634256369081775,0.7848149542079204
0.8006046318205405,0.07880848055850502,0.7740369521887313
0.7586229426182024,0.08550135662725014,0.7751876318534596
0.7969527799867248,0.0760577579082367,0.7701572755131281
0.7644114207866692,0.07639195643927223,0.7788571033089118
0.7309269175091668,0.08960490887782852,0.7752011229382558
0.7477805272245718,0.08318118396845042,0.771826221401182
0.7819562096602964,0.07956581334024625,0.7749377132253708
0.7733964012476907,0.0731221082441427,0.7791676969712097
0.737490554860284,0.08111396950919299,0.7831821249459232
0.7332216771278268,0.08651158229474623,0.7722031106122459
0.7284677028458459,0.09335034234479248,0.7761365120647405
0.7982768420605264,0.07600162198655228,0.7746909000149724
0.7694552034089477,0.08023837726302956,0.7714432480016955
0.7533093387549843,0.08620121648323081,0.7707176098845258
0.6972495135415037,0.09865111969664123,0.7749464200042055
0.7383075313482459,0.08723294113077873,0.7748993370320755
0.7765335309376828,0.07782249277885475,0.7713433369636309
0.7166743304360237,0.09084123720887562,0.7752667213359175
0.728732856634806,0.08806994591591084,0.7858992280014354
0.7842077577965859,0.07841142999185713,0.7718496351043392
0.7558329397287267,0.0831691666446689,0.7711698332678424
0.7275105663758983,0.09629383644821544,0.7765521449125703
0.7479851646939915,0.08327303297695723,0.7726072918042777
0.7639491020260902,0.08273750194664892,0.7723419540135555
0.7146249267785173,0.09345411462882201,0.7721819155716511
0.7569915039039878,0.08353071799603407,0.7712833464424628
0.7133724839965826,0.08559699797749971,0.7809000050317864
0.7124221144543699,0.09165455616780446,0.7727786974757395
0.735386828143349,0.08793490102769658,0.77226688132725
0.7420060693856501,0.09031305319154763,0.775751054124849
0.7518962250430795,0.08230234942140717,0.772727425952412
0.7355356487384602,0.08035572898705158,0.780373520878984
0.7539607525901545,0.07673155122934926,0.7806165861897587
0.7224159719792055,0.08239843847800132,0.781120322684309
0.7433927619744459,0.08850648114089263,0.776063150245497
0.7453685021723636,0.08898513073363842,0.7755400044697129
0.7941150121880182,0.07707450195367463,0.7751258215927627
0.7433319797208214,0.08075023531900562,0.7794166867056318
0.7550760501005553,0.07636065509339567,0.7812029472557163
0.7646455150147586,0.07927901659505585,0.7715437916055979
0.7340458119115693,0.08976954990901728,0.7749934288941568
0.7669150588254041,0.08340490530921146,0.7737967053110544
0.7221834845044162,0.09186903551432267,0.776031557995077
0.6957921898565758,0.09793991252611567,0.7729477686874523
0.7576324639326489,0.08670021236554339,0.7758077932472793
0.6990499221886418,0.09801431826790445,0.7770480682385331
0.7528845063186208,0.07931568374027485,0.7846062689755159
0.7744565090973996,0.08350512775425421,0.7729819098302422
0.7818673960792804,0.07579902985202734,0.7779860221669969
0.7719619420644155,0.07420502715051758,0.7795888028353761
0.7237377494136404,0.08650224791034627,0.773303071708577
0.7522295752451479,0.085304622910452,0.7745321340950533
0.7121417491225055,0.09326542993917278,0.7732071751233683
0.703447916752713,0.10054681752171035,0.7767000024901285
0.7676422929928762,0.08088518613517164,0.7730341694191787
0.7527639462083415,0.07823644362217404,0.7794157172269067
0.7564844777274236,0.08843805922896576,0.7749019956455572
0.7258132715021354,0.09023458323842709,0.7768976881025477
0.7494718047921455,0.0821085060813413,0.7719390762832187
0.7689453927733677,0.07640765770100566,0.7838679371265028
0.7322504251464914,0.08908376198016349,0.7719139473506451
0.7157593601524973,0.09095771168426671,0.774794175774118
0.7289988261452913,0.08644843316823038,0.772567211789703
0.7232886202269763,0.08963340238307499,0.7723051034978486
0.7099995313575655,0.09451034893141597,0.7745213858018742
0.7299973178970086,0.08834902738437762,0.7728155680975232
0.7365843919195921,0.07786132639815288,0.7808050357256927
0.7307002994107716,0.08711457766693692,0.772235170043876
0.7115421819687219,0.0906969606865273,0.7731485250851189
0.7740386334040635,0.07500385591869065,0.7797510531789268
0.7670760033026608,0.08024267155851839,0.7730226108712315
0.7564642680527035,0.0845371296361284,0.7755890887341619
0.7313468619115587,0.08591892147550576,0.7727127652553015
0.737378109181999,0.08703526337416821,0.7718008143435289
0.7462806869781959,0.08395201245091582,0.7740694291734536
0.7527173910699146,0.08212057429882962,0.7717150011911408
0.7350725238106283,0.08113891093911232,0.7821538419007059
0.7253955100735846,0.08241032802274613,0.7806877262418793
0.7147937106451959,0.09553338659366913,0.7759074799437927
0.7613540251485238,0.0793140735985256,0.771757328002815
0.782963766027361,0.08192631013127039,0.7751996185052785
0.7236442343429144,0.08718547020941048,0.7728327293139983
0.7224606727337723,0.08855604053876602,0.7727238640427841
0.711402032873305,0.08907936434111116,0.7734662710241517
0.7636831973015865,0.08132029079347262,0.7710211114274862
0.7793724719022566,0.08101381192627198,0.7734974664209407
0.7666665019244717,0.07492417175737646,0.7825517433876239
0.7393971682465296,0.08918109934815954,0.776181195855355
0.7629327569878016,0.07710151066671976,0.7788577415336776
0.7520846519977182,0.08172875163250436,0.771787781602471
0.7366606281612548,0.0842245337592661,0.7724336579903098
0.7137734945218279,0.09140484828977548,0.7728462466991741
0.7704410194135072,0.08392451834625775,0.7749582321142879
0.7908332104105397,0.07901339776194564,0.7724199942735656
0.743462806086307,0.08508334294454901,0.771818931688443
0.7130451155488714,0.08483520033619946,0.7810787745220314
0.7489009525259457,0.08010897970973543,0.7805508036625771
0.7917205982441498,0.07498196873896211,0.7830951142253476
0.7871696058778065,0.07851094038748496,0.7749793849625861
0.7490448719195039,0.08479748719733748,0.7713267793955342
0.7123339049754137,0.09220024543945342,0.7727802717446245
0.7637757497783686,0.07904368562598034,0.7716637250840834
0.7848617169182918,0.08046851542574471,0.7741307252141436
0.7613966567012723,0.08355224371070383,0.7721976807487381
0.7548760951126228,0.08471992143833128,0.7731763228720229
0.772226139404897,0.0794054738212796,0.7749479941918627
0.732807609164172,0.09378025583001456,0.7765190558511489
0.7257154965426835,0.0921219396574924,0.7764395365470121
0.7969121367034526,0.07575481119197153,0.7703278644899564
0.7293320379404448,0.09119059371037015,0.7757357394589419
0.7810256205382683,0.0734025599000628,0.7787556616393152
0.7059184956801712,0.09629409936791947,0.7774125938980415
0.7843844741589525,0.07034388663899235,0.7791919628389327
0.7068452477763811,0.09402245747817024,0.7730389818330702
0.7746433308552497,0.07599288481732094,0.7835811621504423
0.7560515893096201,0.08029326859264678,0.7840284707334754
0.7514156270402425,0.08810630704049753,0.7759360506862453
0.7461421597966683,0.07850988845631257,0.7797516073096258
0.7345839268184345,0.08521290373380606,0.7853793586782105
0.7473283079604086,0.07916650039262599,0.7826386902000517
0.7312071677473492,0.08798314713867864,0.7720299268828091
0.7322370820600045,0.09131689075599465,0.7761196129581545
0.7668746413403074,0.07382387831977023,0.7794037497656232
0.7036359243462444,0.09538405377078757,0.7759118742487617
0.7713842873265861,0.07576860782674372,0.7838628687768299
0.7511872488233954,0.08209631537860539,0.7717760542304862
0.774079630944569,0.07351796720035067,0.7788716343781048
0.7530867499704107,0.08597627116473266,0.7750570108119352
0.7350435048889036,0.08732568128112625,0.7718969579625438
0.7118957162159404,0.09411697556811251,0.7750942335206088
0.7448178787081003,0.08512380147715713,0.7720677480595736
0.7216132747145407,0.08978243435745555,0.7745857753516568
0.7358589986897217,0.08861221576844244,0.7760438575915293
0.7500242295541035,0.07833549277869023,0.7794768167929332
0.71945270427668,0.09672889833550215,0.7745006599686126
0.7193661524641848,0.09008224747857112,0.7728506733702268
0.7291349876915296,0.08808588144244002,0.7723181041813879
0.7513721577297523,0.07876860257679455,0.7793745759924728
0.7668596689504555,0.07921032617792945,0.7728335603964068
0.7324335712520224,0.0902169998047571,0.7761179867945567
0.7526717223927222,0.0819162917180622,0.7726948143250352
0.722215916379041,0.09114719669377445,0.7720739041137691
0.7871827792185778,0.07906715639496603,0.7710565536737527
0.7871858012637596,0.07351353740347497,0.778068802535836
0.7439729073386024,0.08641276488969468,0.7734048635554895
0.7182127861579777,0.09509660706414723,0.7770232557075557
0.7323548469447527,0.0887247493077433,0.7744199351521746
0.742806085627389,0.0879308211981028,0.7711013170504273
0.7469971709060887,0.08983668670103268,0.7758550758551265
0.7298232885586228,0.08758837751188787,0.7759113806330412
0.7668715091499478,0.08052888307098945,0.770970705621175
0.7078035023549339,0.09223369075801684,0.7730586516112596
0.7403152898949541,0.08439943470255377,0.7723005574572257
0.7469030000000604,0.08224894473462334,0.7838723559964068
0.743497403016541,0.08795460150272258,0.7735191650647956
0.7798797178216962,0.07301091154883572,0.7788974503572212
0.7516284439947234,0.08406665619090388,0.7716638556346666
0.7277978389272303,0.08698829621787901,0.7730645941150448
0.7873470970513863,0.07976235549716212,0.7751688100837151
0.7668170185996266,0.08262075057650536,0.7714447654019471
0.7535787474516124,0.08108899518574156,0.7722645950535679
0.7485395133942897,0.08174673389965376,0.7727129960695561
0.7362194103602906,0.08915775672575098,0.772183567128575
0.7318408434605576,0.0876678996239952,0.7720195044892707
0.718979013628841,0.09007627660515437,0.7753381924826542
0.735288078770125,0.0877524424701066,0.7766787514998158
0.7320145741288394,0.0896557893717936,0.7717972114155621
0.7280219995600893,0.08817610477856681,0.7722588612011752
0.7733711630648702,0.07328156555682454,0.7792126489493129
0.749605482626286,0.08598267322091348,0.7761499707571564
0.7424436958978557,0.08931954888079613,0.7766717518163865
0.7464061831969712,0.08286667884099376,0.7862671144435259
0.750405000951526,0.08674810798113695,0.7715816598294714
0.7673351411504808,0.07778665156332679,0.771718079812815
0.7276709401733241,0.08127529537357416,0.7806342010690701
0.7576132441287088,0.076098891797848,0.7841756016152109
0.7104301387643203,0.09136705340001636,0.7732946920334286
0.8178376858266729,0.06725968446510872,0.7782775225043171
0.7485026074559886,0.08735620860952939,0.7760736983373818
0.7477758204544129,0.07937243788620144,0.7796446959003395
0.764434316853687,0.07501622652817042,0.7793230670876793
0.7409554041111415,0.08542097781983539,0.7719930879026002
0.7261341170436522,0.09064397041711177,0.7767476518893844
0.743901144920989,0.08477398680990195,0.7717581032594761
0.7896133740702508,0.07229933419121776,0.7848036042667222
0.7549614274337537,0.08178828384347207,0.7718014991817738
0.7627333326938506,0.07984111041531908,0.7847383302424246
0.7266427879882229,0.09017141759856864,0.7751217620279043
0.7586722514585009,0.07965898395616945,0.7717919604560314
0.7636059882399905,0.08492383608679346,0.7750383866682723
0.727099361990021,0.08265101430105284,0.7804885950630975
0.7094756612101024,0.0939279872892168,0.7736501979211832
0.7908577557029774,0.07859353545232861,0.7757034857366678
0.771743401099176,0.07833298391514364,0.7822363294488616
0.763563002354309,0.08180776446350994,0.773615892274296
0.7481998815254307,0.08686719851447128,0.7735296907561856
0.7378079528538999,0.08722641837864047,0.7718709381781069
0.7350455878438742,0.08938238003360124,0.7724154894862436
0.7265089176173177,0.09111393023922298,0.776607719583324
0.7511252940005129,0.08222989461630478,0.7718906459791215
0.7290576380517473,0.09598720170906082,0.7764612351232096
0.7535963284567113,0.08683633934891777,0.7747209768516027
0.7201492464104403,0.0907818420146317,0.7722957227875457
0.7518189837725231,0.08517628570753188,0.771353218443135
0.760534750895978,0.08232556590907372,0.7719783336149356
0.7617366623182956,0.08504805654764465,0.7749693542615671
0.7589443735669184,0.08180139347712483,0.7714941014847899
0.7289235925562852,0.09290136643410936,0.7711304911762003
0.7373364098972486,0.08488002161083229,0.7851590857172616
0.7969513033125081,0.07613474003019721,0.7703665658707488
0.7198230819196525,0.09134230371497502,0.7756275846608157
0.7157851872848582,0.09291080152931243,0.7723605462614397
0.7660687276724243,0.07441143893869048,0.7792983807597639
0.7385293977674076,0.08600558344922889,0.7721808041342308
0.7499238303594847,0.08496074968612839,0.7714629363498191
0.6974801155549848,0.09567989673388859,0.7766705757256267
0.7650513578214042,0.07800323013380353,0.7718752888977611
0.7214841374370072,0.08789925651404133,0.7735718307301735
0.7460884778198433,0.09119245405086691,0.7746783343001603
0.725980763533538,0.08946787017216244,0.7725117832564117
0.7530527070411497,0.08298475021812038,0.7755576659913318
0.7403412039307805,0.08444530598593128,0.7740914445734679
0.7262601383513851,0.08439477426340561,0.780838839937666
0.6969356267149003,0.0984029050898805,0.7750821386222515
0.7526651935325148,0.08195105037949034,0.7718799724403603
0.7969941296560618,0.07294316542515909,0.7709175476124163
0.7366525420980626,0.08521069530300099,0.7721952934906601
0.7912908793285629,0.07887257847457127,0.7715740632630997
0.737084619450866,0.08478143283560806,0.7730565548235712
0.7770078957071985,0.08065939376121885,0.770992258843682
0.8119388693617162,0.0686131943639525,0.7812000386745855
0.6955763165369361,0.09605132621513658,0.7742595035969495
0.7384968422186629,0.08798996792182322,0.7731263753969325
0.7670995223417263,0.08153909693646381,0.7744592931874311
0.7736042605972154,0.07672414943861453,0.7837434634638527
0.7657377153593421,0.08329040572802944,0.7751507837469263
0.7758413153619729,0.07272378248835862,0.7792826051105218
0.7059659701352031,0.09678416849225469,0.7766634938601426
0.7518028077638909,0.08606885129494717,0.7728557589978662
0.7724972551701618,0.073382985370338,0.7792402430658018
0.7515090924473465,0.08424091302001617,0.7721952318302443
0.7724374293024637,0.08060360218495209,0.7709545415675981
0.7470697916604533,0.08430386779996214,0.7717536509746462
0.7492073738840871,0.08117600998068991,0.7847431231301922
0.7661269148450877,0.08348960906445593,0.7739745156408789
0.7719009547369385,0.07577044572802856,0.7843109089893756
0.7329790291600174,0.0917023135625682,0.7761365740361814
0.7398769788175832,0.08963076306383523,0.7759028061075246
0.7555940366187105,0.08589465741249278,0.7746166561956717
0.7043507758877089,0.09920012547198713,0.7762254141630657
0.72722330212541,0.08380515348439976,0.7814946837173399
0.6957382314159767,0.09592104144272093,0.7733560160408015
0.6968816028024808,0.09877962734444498,0.7749947300956042
0.746662951634464,0.08704249176948754,0.7761147909592304
0.7032313784985286,0.09579865099823907,0.7728607396607423
0.7339200833550267,0.08726986180619906,0.7851835147213563
0.7236557634500006,0.09522597817887128,0.7763297480696728
0.7560316476208281,0.08227101131840432,0.7752274292336583
0.7669973499441646,0.07588584523946662,0.7835191015149516
0.776066685971749,0.08287403812602495,0.7735177170805283
0.7060393451764634,0.0966551010297203,0.7728037125783237
0.7519807460659478,0.08657020496209088,0.7744048375070756
0.6966404188775652,0.09770973445546716,0.7733492352802424
0.7052223102450588,0.09619018897535467,0.7762743826341932
0.7640638871541365,0.08316536481916506,0.771068559713546
0.7633146211622683,0.08102871801309544,0.7711797849551253
0.7437794195645988,0.08778944443889328,0.7756602991757789
0.7190764660827246,0.0904622280972437,0.7735449486285476
0.7274019616712707,0.09601764763746302,0.7726796082328322
0.7409023991312266,0.08914896338107445,0.7742769105856421
0.7745290388348008,0.07266860183498017,0.7796519345625372
0.7309925106155101,0.08679222664754474,0.772945253026743
0.714136234876967,0.09289611937764806,0.7728802384952584
0.7584327434765211,0.07588801651376997,0.7797217882301521
0.7256566083072574,0.09415224211130971,0.7752692874784413
0.7624954528222001,0.08280841719356069,0.7741424167547438
0.757898079886664,0.08173690273978845,0.7722196940936574
0.7211546069515643,0.08308517072759494,0.7807495262601988
0.7034842137936033,0.09665825633194022,0.7765561601299728
0.7771702181370077,0.07837296866005053,0.7712870634436775
0.7519031768826745,0.07974415675453699,0.7723695497437133
0.7527851454763743,0.08360396390539658,0.773274174734804
0.7319136584005589,0.09170308363564722,0.7771654259428284
0.7348289746746292,0.08543522444118719,0.7731763208271352
0.7567066410790687,0.08088333313792297,0.7717086110061138
0.7350501668453999,0.08709799857092644,0.772811068916589
0.7598614907935506,0.07997971488888427,0.7722581267430773
0.7167155986356787,0.09503935827104808,0.7763617020070013
0.7354507544796124,0.09327431478883721,0.7758698126582511
0.7319513350172575,0.08648168537841265,0.7722808682884991
0.7135926748296426,0.08698373252297618,0.7806058354365238
0.7799582406893145,0.07893779288279172,0.7714423024100374
0.7173613332684289,0.0948038175212645,0.7758796899785173
0.7298329362183543,0.08918332201520629,0.7725194498032609
0.7968737988948766,0.07457656412433575,0.770335760129892
0.7270190431101237,0.09426628373071651,0.7761589577618949
0.744754331143735,0.08897008969423667,0.7728404839731107
0.7230714945337376,0.08836082948311676,0.7725919713325663
0.7476509053926141,0.08908121842974509,0.7753534497303309
0.7252486648951226,0.09011997883131112,0.7749000572682201
0.7580338287322527,0.08130337643245167,0.7714372480118323
0.726369073059595,0.08801019516818177,0.7725608433850031
0.722029792302238,0.09067671699219935,0.7732784659416021
0.734098243947979,0.0877334801825882,0.7740791973305631
0.7294356371480384,0.0869288473769333,0.7729813757240153
0.7504203304017009,0.08595780819824667,0.7749769072721742
0.7256710524730541,0.08975838375096146,0.7722745418176733
0.7486627833502635,0.08002175975621913,0.7791766001510148
0.7415582615696702,0.08518504523851071,0.7739843906586643
0.7490698524252646,0.07965165240565175,0.7856975494163196
0.7903638909907738,0.07691540978437,0.7724290345076651
0.7513181713935921,0.08598677769131002,0.773631048658435
0.6983468373004569,0.09841852279176028,0.7766649581377508
0.774451376301224,0.07414738647425746,0.7787103317655346
0.7215905994215218,0.090652074136121,0.7732846910256342
0.7834147241065487,0.07293692691163503,0.7783689244184471
0.7444107580716215,0.08643881841341403,0.7737411691254075
0.7694460072701522,0.07845090549915992,0.7713727360555049
0.7437480841303462,0.08618405043775047,0.7725054243457641
0.7652263169029456,0.08138373297733953,0.7735602772738763
0.7270801211920339,0.09145283343800467,0.7752246430455627
0.7571843529516799,0.08699843964910559,0.77482157064699
0.7169922264267103,0.0847376899314508,0.7816903828518683
0.7815204913730206,0.07892091512525948,0.7714528208412259
0.7059484844695663,0.09353196112850574,0.7737491332982691
0.7733929804280362,0.07842752587767607,0.771567800875387
0.7537196405776522,0.08827035365806692,0.7755852305672762
0.7544404806738584,0.08674173234738372,0.7749468781403084
0.7623849075577833,0.07889358454558804,0.7853390137207021
0.7474372511886657,0.0866110888764599,0.7711470109012172
0.7517171892941064,0.08237394371321635,0.772415627889062
0.7558734471481002,0.08223318422573533,0.7722393029831864
0.7570140400253736,0.07621049654549762,0.7801035641289672
0.7655629654262852,0.08031332982216273,0.7843344445107426
0.7415147358962608,0.08473796390668102,0.7725860344645089
0.7802369493622225,0.08040951090722842,0.7710262974448069
0.7709187972833399,0.07577897238773355,0.7854435497539823
0.7142923807199911,0.0919678870515164,0.7731885166785529
0.7180042332222326,0.09006619892823796,0.7759360221049423
0.7786198873362993,0.08003055815063453,0.7744288590288984
0.7663067035078932,0.08104524668169527,0.7736688961033886
0.7148224927341513,0.09035486445507437,0.7728593615216974
0.7792481678507444,0.07632439168996799,0.7711580318541347
0.7286310645974974,0.09019843572766019,0.7727477967136099
0.7726609798322392,0.07598694690315075,0.7843388772255867
0.7457424248181667,0.0858699225599197,0.7721420875066737
0.7641331382926665,0.08015530472066247,0.7848237860942554
0.7107528693344816,0.09591458302038533,0.7720328272871589
0.7649242769591496,0.0840278044503101,0.7747460591782791
0.7627523475812122,0.08583328986858291,0.7758995642617652
0.7351131794688711,0.08294072291626768,0.7811942267901564
0.7590481855010479,0.08018202983800578,0.7717574960981285
0.7636960960118383,0.08046962176465812,0.7721522996444539
0.7077652429872896,0.09536902281812282,0.7734113409866308
0.778180468218008,0.07386775711946739,0.7824882831741566
0.6968404632160103,0.09436492910785753,0.7736821832623041
0.7773388972284075,0.07955523094793457,0.7708341476622487
0.7206263967932975,0.09092309283795078,0.7726814144360181
0.7753468372663538,0.08397746281757457,0.7743921581751249
0.738819357249357,0.0865917992171247,0.771968275591067
0.7271602711224096,0.08250335960742453,0.7848604100159661
0.7633182529779845,0.08607807289352344,0.7731118525301183
0.7038592521616427,0.09325507796539874,0.773192713077096
0.7371554854452238,0.08813834794469698,0.7724520953165933
0.740884370767559,0.08611044605924104,0.7718718110187678
0.7478179053403625,0.07919536696254163,0.7799108897681293
0.7691654477338102,0.08409634873079427,0.7700396499410381
0.7464519743340102,0.08842054724029082,0.7739758446121164
0.7916397194780752,0.07662269817074945,0.7749785514446232
0.7301609359338963,0.08988557442020721,0.7755611224614917
0.7949534228380568,0.07804430811881667,0.7749934344805982
0.7580004580270928,0.08295059215047566,0.7739299487229329
0.6985429076558775,0.09722929896035008,0.7727983831329537
0.7581652112781383,0.08195974831728176,0.771298619583851
0.7438269144331259,0.0837036595015571,0.7726552146835287
0.7160455354052357,0.09026835639623393,0.7729042541274068
0.7636784506782499,0.08409130872137187,0.77419230118571
0.740263134535431,0.07972770673399478,0.7802782825367411
0.7481130341329325,0.08489180645577782,0.7714665772585693
0.7609120290326665,0.07878392037302083,0.7718587562446868
0.721051858328322,0.08851763686404886,0.7737804971697995
0.7146753415451848,0.09434572928844417,0.7748688619702484
0.7139471103704258,0.0903401641115694,0.775871949587968
0.7462009174437871,0.08504948893321858,0.7715057176500918
0.7520627072129025,0.08339635025447369,0.7715329614978593
0.7065110392500875,0.09837598001998306,0.7767483603348191
0.8125104431998792,0.07016259956772604,0.7827621832189786
0.7131901029608465,0.09186098212923541,0.773451260067102
0.749754702297743,0.08580870722876344,0.77287969568743
0.8052143557459374,0.06942539915165447,0.7803616727814446
0.7442258996451064,0.08683951618662655,0.7762206332132829
0.7074985060469353,0.0980519570834532,0.7757825149899983
0.7515615992276116,0.08383427941905774,0.772209175942919
0.7749294396180931,0.0733202118266252,0.7797786394407653
0.7424325725230766,0.08604604684866254,0.7729640401619995
0.7501521526200124,0.07778486024954787,0.7796949817010691
0.7472088414447968,0.08365825535068065,0.771729128811852
0.7627650232522356,0.08039659072052438,0.7713473871071868
0.749460692341935,0.08721920470911991,0.7754510688376275
0.7730398086017558,0.07209438387792325,0.7799586890283988
0.7499869193307843,0.08013831283881534,0.7836193577068068
0.731888479103545,0.09288226065343665,0.7762639833330034
0.7683505820693373,0.08066732888556703,0.7710278491920984
0.729225871865169,0.08993335658059756,0.7727306360895925
0.7275494558789082,0.08529053352122232,0.7729378788564044
0.7463331747841723,0.08610250440362519,0.7740008887245491
0.7968545888780376,0.07523226277987864,0.770539454850991
0.7576890890737957,0.07703857994062921,0.7792480282334687
0.7136280461732846,0.09325336627751263,0.7735449778006909
0.7478871983537754,0.07739365232655818,0.7802907477243127
0.7487765977470899,0.08005466017286166,0.7823171009607405
0.784780496894278,0.07989622057173028,0.7743800770185195
0.7968865675396178,0.0748058324216604,0.7702883151981592
0.7648097456344132,0.08300378819231602,0.7714401698124074
0.7945699535831103,0.07861255828069384,0.7743745669047635
0.7790573352975049,0.07981770780042009,0.7713796876570087
0.700921653153676,0.1020737014167489,0.776909296673182
0.7482657320863902,0.08573380884735302,0.7753080388963087
0.7235520075087913,0.08622944963425357,0.7732387458323714
0.7714408174989497,0.07853003580715598,0.7712313506039415
0.7565761668895835,0.08610625995671103,0.7758036154028666
0.7723738583129087,0.07761578413467804,0.7842388408834741
0.7229031582715085,0.09252131620991941,0.7761436470491704
0.754988222033261,0.0833726182961987,0.7719373450897731
0.7618997994094643,0.08400514965025317,0.7758240215004468
0.7594883929031622,0.07285749401717573,0.7818962355581579
0.771010363806488,0.07657713307258698,0.7716369191394565
0.7771768215621169,0.08121234987342911,0.7740616489113323
0.7019989362527442,0.09531628246294863,0.7728938655933808
0.7511968818707512,0.08293795686184216,0.7719722481108005
0.698076265519404,0.09696188785489786,0.7775177038261539
0.765802545094187,0.08104986871010866,0.7844705029707597
0.7273968829219694,0.09310953931364423,0.7765772285416085
0.8017418105601268,0.06979245491039494,0.778129377711106
0.7452361431082044,0.08361180753872903,0.7757508732420961
0.7569647164199095,0.08583749433592681,0.773849751132598
0.7369792217240382,0.08503769390435542,0.7722037716281348
0.7980869952556076,0.07521565850794966,0.7717547933662161
0.7099744531295175,0.08985590648146846,0.7735252487836562
0.7191950511088148,0.08556520305923586,0.7806162695463742
0.740475765877899,0.09133904490859351,0.7757400560350338
0.7623766504111086,0.08069630936338662,0.7713233842132939
0.7251718558082019,0.09157800743753687,0.7760334613946089
0.7667510749764125,0.08179280909643506,0.772344438717963
0.7604212249460973,0.0817029874194479,0.774066953825369
0.735711339976873,0.08536877947365815,0.7722341909663664
0.7771276627393408,0.06976737074435622,0.7799092432896165
0.7556378820464494,0.08193392242874754,0.7714968979013799
0.7511685150814844,0.08327745297451872,0.7716896751091946
0.7318214118799525,0.08954091712414268,0.7724934621387352
0.7481392597682713,0.08414623333348716,0.7715352554287811
0.7476896960590264,0.08788138331404768,0.7755909592439622
0.7654239928404988,0.0773771036170154,0.7789819411365398
0.8187973942868677,0.06854628707928483,0.7806068808230517
0.7232658779356649,0.09489624541682495,0.7773833487133196
0.7699626016382545,0.08338449733472796,0.774762048443077
0.7155909693683195,0.08947351357720534,0.7850553281253532
0.7194021404606602,0.09081511628833608,0.7735219479714275
0.7341764412460299,0.08469503331961506,0.772523590751637
0.754768596453512,0.0824817386576346,0.7716740366038558
0.7018389295549141,0.09639642948826524,0.7765645311503364
0.696431390202003,0.09907334478667269,0.7732171877943319
0.7563487825703161,0.08142068449158006,0.7716331363388473
0.7701089814244663,0.07515470196676739,0.7804782634608187
0.7711371853210244,0.081380131349454,0.7745084137880931
0.7540833548733354,0.0831224228901136,0.7722847169357896
0.7751523552016483,0.08153522249248707,0.7741574115913614
0.7110405181150807,0.09462631521011682,0.7774378124486424
0.7315575851521131,0.08908123810455128,0.7756939891196627
0.7329447335765741,0.08279487250284076,0.7800523073579068
0.7652491018803749,0.0768153003683419,0.7848748868290036
0.756854375241488,0.08260875129081292,0.7713721532613275
0.7856936193806366,0.07180373396959537,0.7793159365305572
0.7262924850115877,0.08527281633600182,0.7732951542125146
0.7246217021088892,0.09116158116493733,0.7738814857888788
0.7466748621070344,0.07960373056598076,0.7798160737632719
0.7353729277842387,0.08892502817563765,0.7735293858401178
0.7498503344677236,0.08669481611958842,0.7717774196507472
0.7166927728469312,0.09892129767541238,0.7768529477796982
0.7142125602626589,0.09074891796147551,0.7728413196330001
0.7275285131913091,0.08442299060937052,0.785138130489498
0.7603799260379086,0.08293915083253556,0.7716799747115674
0.7873127968748879,0.07837656032961826,0.770958755964668
0.749828864584487,0.07824656303835133,0.7796230642608751
0.756513077019474,0.08188694904811507,0.7714218540235787
0.7054474864433405,0.0909509642332515,0.7749789664279338
0.697349844345064,0.09863038435363289,0.7758817710586378
0.742920582398908,0.0829894907402748,0.7847691624312878
0.7406886545784207,0.0867939058030929,0.7738057152071102
0.7758280992848907,0.07800897649631795,0.7712898629002207
0.7230801360637118,0.08603330842457421,0.7732718494447884
0.7107147501213327,0.09411745884650143,0.7723936752795955
0.7994811184195167,0.07666320876563927,0.7736244259071734
0.7905543284578315,0.0757499590976659,0.7729811043271753
0.7272800265013983,0.08246160104894865,0.7811301893007654
0.7345945473272929,0.09102918427225412,0.7720661953052141
0.7389193071043048,0.08943985045433539,0.776426486516293
0.7437680696819766,0.0897074539155814,0.7762315575749715
0.7661848058879812,0.08160172050436834,0.7718142373801585
0.7970028171844755,0.07656323149180262,0.7700630927877151
0.7447646678739904,0.09082616321127396,0.7745784470575775
0.7687133220275453,0.08140783383841926,0.7746765409171211
0.7541107309176466,0.08494482035434069,0.7715716726625689
0.8004337484756723,0.07908121282983233,0.7743034593372902
0.7346675218640368,0.08470071117079617,0.7726016507909982
0.7956614129875822,0.07481105955667575,0.7707567298085554
0.7448864123051383,0.08225322683878668,0.7834089295272131
0.7877240174158,0.07130873808609609,0.7785258622359827
0.7789676715989807,0.07686484281696726,0.770985202657528
0.7783657399225155,0.08150895683869472,0.7744763508009739
0.7513555164518974,0.08195762912773748,0.7772772192518267
0.7638345172459478,0.08010895785023149,0.7712925555416915
0.7188869429605634,0.0905188709450706,0.7725385614613165
0.7715003361989025,0.08059262644588065,0.7707940056275759
0.7097079692449337,0.09178117442315906,0.7735517392256518
0.7774875710876948,0.07753503209639757,0.7713497684916123
0.7404206960341249,0.0878843807896044,0.7725166426504656
0.7493901792985563,0.07902031954253365,0.7793540366407171
0.762339215547592,0.08046468835778353,0.7716211740964461
0.7667633504780267,0.08042770140758614,0.784748227261931
0.7554803146051727,0.08279124971129298,0.7719097596133697
0.7758571584104054,0.08189425880092255,0.7743803149569677
0.7095456083438979,0.09446188811592142,0.7724521553853153
0.7852843893872744,0.07558727875475676,0.7710505124346136
0.7699066146227552,0.08070711859423008,0.7715165105317479
0.7433176593634303,0.08509928792192449,0.7721495899684608
0.7155991504246281,0.09274963008300853,0.7728754605828047
0.7496892904347134,0.08865942290589464,0.7760003405227065
0.7671695807662531,0.08383247645256196,0.7705726864285208
0.7550182778330761,0.0846407653505451,0.7721934523455489
0.7002817125858349,0.09355391318609663,0.7735345122172992
0.7539110295945631,0.08362014568460231,0.7716370086212798
0.7429188354962453,0.08623121550119536,0.7720543142911358
0.7432694738219807,0.08394077184412552,0.7720144337308292
0.7922207521467008,0.07056096559199579,0.7790950303908283
0.7359338734464894,0.08739347858235948,0.771815159753503
0.7344598745468195,0.08769093753612277,0.7746290700622183
0.7452229815362361,0.0887557654905016,0.7742423015508881
0.7475409338761251,0.08306383474195264,0.7719712911487744
0.8138378011653904,0.06861849958840313,0.7774259656762696
0.756845960981256,0.08226144508380882,0.7720007701646436
0.749118113989753,0.08268599418755161,0.7726972839888604
0.7468328911767607,0.08180228697706061,0.7731009607489053
0.7574538006211401,0.08075992716332908,0.7718330125492633
0.7427791934357442,0.08726643588494684,0.7720982252489531
0.7425031268049225,0.08635506108260776,0.7760542232507064
0.7425536013915514,0.08591394085623227,0.7716551095737483
0.7889854019883829,0.07171932434280127,0.7791544366496168
0.7157494361706538,0.0844607600529646,0.7809201687608258
0.7707162252605649,0.08168451005230475,0.775140280303945
0.7484390992782585,0.08022765314414175,0.781698366036575
0.7550656869316886,0.08246533577253776,0.771480298941335
0.7691575356753215,0.07707100290827965,0.7725880614980235
0.7695352531885383,0.07447886016699154,0.779130784969128
0.8177276764142223,0.06692832557539445,0.7833897038573443
0.7279566667797364,0.09147936605533426,0.7766092023791625
0.7511638830885247,0.08061493557303842,0.7788627106770577
0.7449282880297357,0.08601928907017696,0.7717483030145393
0.775833972956536,0.07914744475008229,0.7710715115180125
0.7365449113219307,0.08884853139393814,0.7742430883603633
0.8201354882179027,0.07014963747072411,0.782600253810621
0.7609804510009032,0.07715825212628095,0.7849523039492442
0.7284511241771676,0.08730778830682077,0.7744052690950619
0.7312281014501962,0.09337191425383597,0.7762542507454933
0.7530321964638016,0.08438767644744466,0.7718446271533989
0.7126488734637848,0.09310872395435128,0.7724604963511774
0.778789198524806,0.08043566244835591,0.7730125156163318
0.7216824586795323,0.09090420962799806,0.7726755728286853
0.7923028576792525,0.0745599047486904,0.7706394779866942
0.7205551935014092,0.09081667822786474,0.7722799745236542
0.7430643110107819,0.0856055421439719,0.7761170308763355
0.754019744386928,0.08325726051721477,0.7715247387288074
0.752847735502233,0.08509224110423566,0.7753415057068863
0.7411941885016574,0.08746817797417879,0.7723357936306513
0.7472779743973079,0.08833449098617464,0.771208991639763
0.7303583801236403,0.08567072785721375,0.7727868793516974
0.7390369495056615,0.08216301711122512,0.7839043855350452
0.7697746378557467,0.07608438270853651,0.7827079244231182
0.7639784339128483,0.07469018213284472,0.7793417891859614
0.7638108171666396,0.07492391916170088,0.7795157650729069
0.7667672496275567,0.07673439083152787,0.7793251813764615
0.7541052049399984,0.08217937883543171,0.7716816614377159
0.779673994902918,0.08142706840773373,0.7737246321176247
0.78743276031443,0.07400443395340256,0.781464234212287
0.7285453409170338,0.09103391755827903,0.776793864149828
0.7747692891349348,0.08370475282464682,0.7746800124923092
0.7582825694718339,0.08096567814686206,0.7721216521540637
0.7049168046092511,0.09695426685214749,0.7727980487634031
0.75679989963763,0.08213307297326335,0.7735842472838032
0.7967292041560914,0.07406940129852792,0.7708972557783516
0.7625727260988062,0.08158762765038603,0.7710458044974243
0.753856598978319,0.08698094339450187,0.7763574342638813
0.7271862687876868,0.08837446827602907,0.7722667429686293
0.7315277182267734,0.08751601692717138,0.7746419092174582
0.7504992982533035,0.0825992445541954,0.7718267187542118
0.7646665186145133,0.08329016001308415,0.7756359208604028
0.7650133305929333,0.07665536406598493,0.7815822799292781
0.7710370782180783,0.07942559971463725,0.7712830672337037
0.7650584041304065,0.08056422992698517,0.7719800146242222
0.7477236851748981,0.08298995030458814,0.7718697462814599
0.7310579157616605,0.08043702519221729,0.7809111899740918
0.7532694867940726,0.08269875474869855,0.7718737585421582
0.7744540260321257,0.07881001367312879,0.771226444980817
0.7062398109807821,0.09526670091210232,0.775855305717926
0.7358394208993535,0.08629272756703205,0.7720401668451627
0.7868527759145958,0.07494001735159421,0.781644829763236
0.7468733913087011,0.08246038022996197,0.7722965772128556
0.7169724143934982,0.08967143353339958,0.7728192074760726
0.7084724022077292,0.08810374703813194,0.7740136469673027
0.7390510993580787,0.08765282747538786,0.7718377688768822
0.7221628832565822,0.0900028893790452,0.7723613556319462
0.757841652520563,0.08430722358083793,0.7740042632364423
0.7447207927153601,0.0871990665948047,0.7753042818657692
0.7235272224184904,0.09069644568715829,0.7726072739269912
0.724733968868235,0.09012508178030405,0.772419339197976
0.7522641078158594,0.08062073247878737,0.7720520276248793
0.7616451667341939,0.07563430089356749,0.7800284129572209
0.7288451321739186,0.08863724734650855,0.7722064451249537
0.7412218271870901,0.08435120968779326,0.772245763321984
0.7414521875863788,0.09128958671883637,0.7756972546516064
0.7259849006638659,0.0880829364364626,0.7724509419583695
0.7078779153325394,0.0902207544425269,0.7736285071337657
0.7148303727077471,0.09336584188003448,0.775210444520706
0.7369973596662256,0.08487608200227373,0.7723289799980159
0.7564175948909689,0.0815554950159718,0.7715330052851136
0.7667745331796143,0.08061723098148812,0.7720790697780209
0.7566312322106846,0.07798761868044028,0.7847021927276525
0.7441316052769898,0.08783023620500495,0.771950728782327
0.7820262912036433,0.077318375250745,0.7706982758952812
0.7504740070225963,0.0792244421842196,0.7811689845254193
0.7666231962325378,0.07959056224255803,0.7712157778163502
0.7361484375083134,0.09211894311357004,0.7772275401017159
0.7793381945611425,0.0790019432801734,0.7706163363963424
0.7547083099517777,0.08365087211734198,0.7738247374502146
0.7524205885086688,0.08360342566279708,0.7717299143865812
0.7624568579493648,0.0817324857649204,0.7721163197667618
0.7513827797436903,0.08603468624197401,0.77606581079635
0.728618907074819,0.08620666815570871,0.7749321500086991
0.716783629246533,0.08960459064752661,0.7740285327914957
0.7229877581986862,0.09451329649844484,0.7760723210068134
0.7346400319430936,0.08645395540102559,0.7729674014862685
0.7493343533024369,0.08380078400801037,0.7719418332560991
0.7697216325162712,0.07685287252800313,0.7718497453280442
0.7433771542089761,0.08522766159462675,0.7716558598823832
0.7943930588322744,0.07024547551825068,0.7783113141372785
0.7289521694798923,0.08765073731674555,0.772286618443646
0.7165039878840563,0.09358343192424982,0.7754431505840867
0.735084532145046,0.08912590390903104,0.7720469410948517
0.7606649359256619,0.07967713860063201,0.7718112375056461
0.7260943890593148,0.08918840709538829,0.7752843839513688
0.7446374839632566,0.08543729913907244,0.7720679385687346
0.7604227261511678,0.08559968076027455,0.7744214046485697
0.7465390083283956,0.08998073844295928,0.776332382576424
0.8000469565333181,0.07191600456544978,0.7837768447035822
0.7242466643173768,0.0820099656657458,0.7814654525750249
0.7238151588466221,0.08981986509121806,0.773051524906078
0.7820265667543657,0.08093337928731034,0.7725527674266565
0.7372599112957718,0.08508199913582881,0.7731354239349569
0.7321792075966252,0.08155585411809202,0.7802395242376223
0.7503234094034549,0.0842128667857244,0.7713823127974705
0.7251334984935172,0.09044908314298918,0.7747465741367663
0.7969251370946728,0.07543264040150915,0.7710736436779009
0.7889197445492162,0.07758832380140551,0.7739143579357072
0.7625979992131331,0.0811659557556082,0.7711965095631865
0.7857610008347956,0.08147452030998098,0.7750264935905035
0.7062501989503855,0.09312787537180012,0.7741436960178604
0.7543502864528295,0.08421499516430443,0.7732307495924285
0.7521846928892744,0.08546489199714444,0.7752248370065297
0.7384378116322214,0.09195940917296816,0.7751608266791544
0.727530896436283,0.09147817794297962,0.7761391324682452
0.7759568906773419,0.07821928069021863,0.7736497929397718
0.6954251553421329,0.09463039837837624,0.7741780070841525
0.7642455810422416,0.07893829085178412,0.7715469247805858
0.7630976763535261,0.0811663737818032,0.7732816860783691
0.735289284629273,0.08719330395055006,0.7724554743836278
0.7085285753151065,0.09392213582773594,0.7726677033437761
0.74701476734436,0.08263621958206754,0.7719732913020012
0.7433168499198246,0.08447306280884778,0.7723683292384612
0.7112560054120504,0.09043746041838942,0.7733086724989976
0.7295249501972705,0.08831199856635326,0.7720892596679194
0.7617295983427682,0.08016670685270938,0.7714357920755658
0.7581280205954503,0.08068638636826654,0.772140136582689
0.7290532542818123,0.0883171491446937,0.7721394176301513
0.7805378250270125,0.081811211207287,0.7744936233181768
0.7654402296814273,0.07627751915903452,0.7788655535945143
0.7188511199111907,0.09246605995755905,0.7753704176690828
0.8004779434215404,0.06995166617070807,0.7798606977407553
0.7683448079700511,0.08090166137389211,0.7707806658283892
0.7336640173139016,0.08100583936014781,0.7831894890234653
0.7559191916034628,0.08972754754532077,0.7742089519783055
0.7159251384901868,0.09304179320208904,0.7761008371207517
0.7361570680768303,0.08501737314403227,0.7722885739879302
0.7236023210474216,0.08258879986098173,0.780663537971811
0.7800800490819089,0.07514789596474011,0.7818246110540524
0.7462811029242397,0.08161302967614532,0.7834955921486966
0.7300613022726652,0.08990952932641204,0.7751402997597624
0.7461585196498721,0.08487225748484382,0.7715832960408628
0.7498432802858378,0.082967587483943,0.7726439332926706
0.7349835653153021,0.09002440890808124,0.7767482825310894
0.7409275050777564,0.08261510367028665,0.7726329844200107
0.7305045420332915,0.08959470724130245,0.7768763276270158
0.7429527374957073,0.08476251884620958,0.771825186755842
0.7409808333426608,0.08471152667580127,0.7727775156506665
0.7519104962331924,0.08245671734021408,0.7716276157691514
0.7392369758427234,0.08495208973821397,0.7720838430960136
0.7968601181441866,0.07271519413656563,0.7708670208132196
0.7469829484745143,0.084890907113282,0.7720365043038314
0.7077055845287483,0.09809785531798833,0.7776890374467892
0.7225350873825528,0.08707240564151816,0.7843900136542159
0.7604762912519883,0.08279032476957077,0.7725910919319436
0.7476327088556092,0.08951992582519336,0.7746493828607441
0.7950164452849213,0.07231072223182301,0.7823488844926084
0.7407806454253509,0.08864987974237516,0.7711758805411149
0.7575649729122104,0.07536534152186147,0.7796526105065344
0.7632853275899596,0.08038372516873295,0.7850469876323486
0.7623742543641027,0.0795039985347159,0.7716650440976616
0.7490558806568168,0.07973719422137639,0.783052200760348
0.7454457053990896,0.08171851412185474,0.78103710131964
0.7311224423045923,0.08800350132220505,0.7723825656870821
0.7914669986878905,0.07908809490135243,0.7754086226957091
0.7053655278551068,0.09319159599220339,0.7730780903528095
0.6956931402322499,0.09742202985845447,0.7732593066169937
0.7122204145547962,0.0941117111654044,0.7728151207121978
0.7529594274758943,0.08333746140802616,0.7719643005509172
0.721946949747281,0.08971728598703671,0.7723775390884122
0.7724263129686655,0.08020008901325523,0.7739950490952189
0.7440325468326117,0.08417270913014946,0.771945460873177
0.7335817033132356,0.08725730195260019,0.7721019144949316
0.7163173374089351,0.09275881220753458,0.7727368487146594
0.7426925145129966,0.08361415054114824,0.7720921839316259
0.751980424200183,0.08646441373628429,0.7749826364700565
0.7850848624392308,0.07462619111414398,0.7711159673577627
0.7618201748640474,0.07964100126602525,0.7715547050164092
0.7482596750511302,0.0872865841917596,0.7753668329539539
0.7554848267868074,0.08926180812289573,0.7751183963122086
0.7768515741417944,0.07182306843303303,0.7795682196235061
0.760987035631313,0.0821968270495877,0.7712498742585017
0.707315409817957,0.09894697277572746,0.7771758129096074
0.7616663155476092,0.07793023385058159,0.7726521308351888
0.7784743674519856,0.07820120334023806,0.7712781933054405
0.7060234215252719,0.09377047524597479,0.7736704603823205
0.7270219366236422,0.087232541737785,0.7726906958442039
0.7032993603766726,0.09199620949995263,0.7735343744586985
0.7910988534660073,0.0694337256533553,0.7811241972325398
0.7785613285950664,0.08025020972120439,0.7713581207373379
0.732224078640425,0.08864037713856261,0.7719916188822548
0.7947300988321394,0.07047286030284444,0.7789129544821563
0.7874893391174626,0.07185997066943797,0.7814501042768555
0.7081356122072419,0.09935889834428163,0.7767650270969758
0.7284423066151052,0.09201533745629821,0.775255436429054
0.7961113276683861,0.06831284920517111,0.7789569231486368
0.7129712020488251,0.09255848128653495,0.7725193662044001
0.6996085771022098,0.0984529402530564,0.7766936222037881
0.7226226857078683,0.08854796473764852,0.7733906289179519
0.7928320121718079,0.07282287687068073,0.7777365271724181
0.7597259099657012,0.0752789514040398,0.7795335368987809
0.7466605807352699,0.08517538883214033,0.7715405317528213
0.745843699760915,0.08430111539715231,0.7722946629221539
0.7472273990412579,0.08714166661018419,0.7754379558119846
0.7278067594724431,0.0856172938966833,0.7728534100092326
0.7922508321222814,0.07993837409853383,0.7739875526522264
0.7290606172207859,0.0857365700690198,0.7726997339781772
0.7262278486060173,0.08555916227343809,0.7857317980110797
0.7705436889744371,0.08302855235751631,0.7703033059238967
0.7854219259274798,0.07930480885100581,0.7742715830622191
0.7509156729205474,0.08212875499977837,0.7718329681772235
0.7674755480360023,0.07703201850685794,0.7721349177657655
0.7555309209707043,0.08274354010667653,0.7718704622418902
0.7382056718216146,0.0886893767457963,0.7720115767546087
0.6990020325163709,0.1000531359775617,0.7774588474104186
0.7965935956689507,0.07706635571213173,0.7738756372809197
0.7394667077222161,0.08546073618071376,0.7860667954231672
0.7368281918007439,0.0891752266770053,0.7744203119790052
0.7286587699617801,0.09138411358555311,0.7715490304391224
0.7988792330978541,0.0765682925030639,0.7721097989766464
0.7832477495564917,0.0784681939780265,0.7748161322815313
0.725153134907453,0.08224213860867814,0.7811756986545568
0.7444548667467958,0.0843478332224977,0.7718341367863732
0.7386501535302282,0.08054713885208784,0.7800766422825712
0.7334290484750587,0.0868893265069439,0.7761773502629251
0.7488164669193835,0.08452178562016281,0.7713913248116208
0.7444411776305045,0.08140031964503175,0.7856448134610147
0.7310208534248575,0.09194101291827113,0.7755241435470932
0.7791957372086677,0.07704313146175912,0.7709785796222421
0.7539148249195514,0.08498295408546225,0.7730442509150902
0.7340305732673875,0.08825088714107635,0.771730141211039
0.7129217129399064,0.09140946400604352,0.7770301574507845
0.7467502880724757,0.07917504009233306,0.7800869043613716
0.7893364137796536,0.07678518615084783,0.7727966554094013
0.7575582090648768,0.07528628276877804,0.7798290049755192
0.7942186321722342,0.07081814806850481,0.7783966110539267
0.7737198209753371,0.07826688357109232,0.7710148697614079
0.7619299320660722,0.08219939854408832,0.7743232295226675
0.7740100493338493,0.07911330804781115,0.7707946401446456
0.7566526529812069,0.08444982863205132,0.7755626335676071
0.7416331118623694,0.0851579305038313,0.7718438180975405
0.7338703298066058,0.08688515013636673,0.7720276309118815
0.7639143672698403,0.08394749735616977,0.7751210762874033
0.7004655335574589,0.09528040926812698,0.7736537053088316
0.7887957315712715,0.07828181124459072,0.7723176523030739
0.7587968146682826,0.08020140005550623,0.7835974125557331
0.719462717177199,0.08936176854020268,0.7727033087821472
0.73811092636157,0.08858316479347794,0.7749178308181748
0.723033176020919,0.09045732965650687,0.7729766223583625
0.7347398004565998,0.08917656740591784,0.7731354477037298
0.71821327550378,0.09087411588501494,0.7736845235766482
0.7724076685784642,0.0765913482766733,0.7804247735731668
0.7523221903337388,0.08311219403800411,0.7716576698414747
0.7309973542586681,0.0886050671275169,0.7770106762925545
0.7493648021006454,0.08517494719564106,0.7714092107391559
0.6970023422760451,0.09868505379313419,0.7747469662098668
0.7128998750489469,0.099665320309482,0.7766267495730538
0.7325524666394729,0.08978090036912417,0.7726304079701459
0.7558331636351548,0.07464629655860071,0.7814838492690642
0.7963084350352506,0.07365964994548996,0.7830337568237351
0.7588790707925477,0.08533016648018722,0.7752755476479752
0.7695363801412399,0.0807406704126194,0.7754630661647334
0.7455390146421311,0.08194945506569253,0.7722648471839667
0.7803762461782877,0.0837811633489741,0.7740574130833248
0.7890274924466896,0.07157208213522552,0.7783005827516158
0.736184674790696,0.08669225597831492,0.7720745016495111
0.7632362165644088,0.08522669347122697,0.7748338101949177
0.737468191928409,0.0874974953657789,0.7735564726716858
0.6955260464302189,0.09444279958417938,0.7737073091404058
0.7492081380659865,0.08516519032940668,0.7718377751418806
0.7609126602268197,0.08136789884705466,0.7712315262288613
0.703763731194679,0.09901905589722647,0.7740829489489311
0.7663682086980661,0.08190863947217449,0.7711186877494303
0.7297550832192048,0.09159600442879688,0.7761947518412297
0.7547355713235147,0.0791689098550198,0.7815007547630128
0.7865175910642815,0.0698068161669716,0.7790359265359855
0.7981298167044677,0.07697089610580989,0.7747419795660461
0.7386856759527652,0.08608009750864332,0.7724357595510168
0.716634896961134,0.09133436792038911,0.7724729217387727
0.7338714801727728,0.08644036368534454,0.7732965870224747
0.7629088639070034,0.07447736879320054,0.7802380593391569
0.7347536870404311,0.09065298787712148,0.7749291587722176
0.698092468148014,0.09620769336918514,0.7772742841483558
0.773533294364828,0.07213706019946035,0.7794328137454769
0.7506644239167738,0.08335747451782825,0.7715287888505957
0.7946249274241644,0.06828133709289626,0.7791076677168808
0.7252114596695607,0.08657412826868868,0.7855270370873884
0.7299879556622328,0.09403792947260654,0.7764573745976451
0.7457312677012733,0.0797338927910958,0.7831993855734202
0.7202437121610942,0.09241658819235762,0.7723296480907895
0.7639841817688365,0.08217616429339139,0.7733680301656662
0.7815737119207541,0.08102176660689733,0.7736315017220577
0.7304073002425994,0.0904970729041887,0.7721786044716311
0.7694934564423717,0.07473483910355339,0.7812682776929613
0.7323176302825901,0.08509468888960887,0.7726139441077245
0.797001759034343,0.0763721152216855,0.7706554198947205
0.7231826498898901,0.09414662119023558,0.7739229399779194
0.77051089344322,0.07531030215283087,0.779410464514613
0.7968679666589326,0.07535660243417067,0.7705213042671589
0.7377978550323067,0.08632653796726425,0.7730110784511348
0.759761489979242,0.0796410641463746,0.77193517226455
0.7782359620658822,0.07744265708062673,0.7709750382209901
0.7200342956909278,0.08329003580737862,0.7807959643967809
0.76633240778651,0.07745720265512929,0.7718011125510681
0.7298401348406082,0.09219410859918023,0.7762230009027764
0.7767833254457286,0.07756944981007732,0.7715001439422768
0.728205465484624,0.08731778680835647,0.7723999422265634
0.7576051806014289,0.07800989906174285,0.778984676674397
0.7680802729124888,0.07889253721464293,0.7843661497358179
0.7519659943045065,0.0847722179477299,0.7757851594817897
0.7437869277104775,0.08926307538477606,0.776260957840471
0.7678882321131648,0.07459579153863703,0.780210215527145
0.7197453944232511,0.08809193100362404,0.7730101666608202
0.7360980280615149,0.07949849002804367,0.7803497174906855
0.7567558353334933,0.07828805583975929,0.7789580216030126
0.7520483474573888,0.08336776069110007,0.7724800548235427
0.7293755052676635,0.08549552356216271,0.7839478702566205
0.7466544136486442,0.08744381361395792,0.7755723226824714
0.7714366504875225,0.07958904808158877,0.7725124599718278
0.7523129576038571,0.08773342358214356,0.7758555621043043
0.7281881588241312,0.08852486055945574,0.772470093833544
0.7194941341490168,0.09588271937612043,0.7768347063166438
0.7202111883061357,0.0882810197106352,0.7731376666140786
0.7487076205928074,0.08162627592311,0.7721741327909151
0.7626307689998791,0.0830866246596461,0.7707548180824864
0.7291255241203732,0.08165689150605215,0.7803943177788447
0.7009700117260262,0.09590285286484279,0.7729570412098988
0.7297091979074861,0.09108193832889772,0.7759302605168389
0.7346372719810463,0.09279038816877126,0.7769697710274015
0.7446045004235631,0.08927568414753755,0.774510536408286
0.7899889354115937,0.07327770787809168,0.7828725430446292
0.734399325623688,0.09251002310759693,0.7767184033381122
0.7632702569442823,0.08423813991771532,0.7751106101777626
0.793536514771739,0.07025233069862426,0.7783532363697336
0.7286702259859564,0.08838105654649171,0.7723077712719758
0.7095932445309068,0.09062359437810291,0.7732779861164514
0.7737245735208493,0.08201960481765878,0.7730594495105891
0.7334873663816457,0.08119588200855136,0.7803378358052974
0.7234743681621083,0.09246176922473844,0.7720970161138959
0.7968557819601091,0.07182112652961845,0.7711962541320933
0.7553388984933642,0.08215368370904932,0.7714405963021359
0.7699903544500274,0.08012290661239212,0.7712611600716935
0.7457971498904731,0.08687322557573836,0.7720269278616751
0.7299296750062738,0.08732537707194972,0.7732043285929526
0.7228476550784619,0.09156639568535631,0.7746966445356898
0.7228860912460302,0.08636389102805356,0.7830783384447029
0.7412120611792783,0.08706299733791115,0.77145538943635
0.8004098681624124,0.07648347970486324,0.7748075650671309
0.7162152394336806,0.09298136503385454,0.7731374073883968
0.7495195538488648,0.07965007876370855,0.7813390301643955
0.7694311339230573,0.08311016206086268,0.7703042338795504
0.7321331950692731,0.0842154299146387,0.7847225477475328
0.7461772178564938,0.0883649306780058,0.7761075181628827
0.8040556187816156,0.07031438868796319,0.7785344941994042
0.7966569597243415,0.06918927456454395,0.7785668797277108
0.732385178682706,0.08671509031896403,0.7722228073591275
0.7742345697219097,0.08032853214781929,0.7705999404147974
0.7384462449343898,0.0849420661559549,0.7721409674982664
0.7771133801328453,0.07549409476455184,0.7783345967433043
0.7184009734472105,0.09160509208767027,0.7746575628204571
0.6964271591198111,0.09576894144847388,0.7745598904434089
0.7417837089180495,0.07846589881389081,0.7811281154924892
0.7661838983465091,0.07633749248956373,0.7797276395130661
0.7410128117302107,0.07974395582293149,0.7798684919336683
0.7992034750965625,0.07648826818953999,0.7727447307907589
0.7440720539672006,0.08385699286445537,0.7760727875470848
0.7698915457213669,0.07895446704286091,0.771588252859463
0.751488460875283,0.08265497676002227,0.7851727693697198
0.7242453545036973,0.08967520400127876,0.7733669065410531
0.7049993564366374,0.09439751770752432,0.773851334917234
0.7284368401370508,0.09154177391906611,0.7762940953000347
0.7589386680967741,0.0835329308221761,0.7721317477976031
0.7886972798381473,0.07199179649156472,0.7786487438001541
0.7488565339217648,0.07972851201460911,0.7801411935587743
0.7277407005206411,0.09011420393601903,0.7745535623218309
0.7532784149851741,0.07985860973682163,0.781780387333548
0.7218282237000139,0.08360305408095339,0.7806519432633695
0.8099824286526301,0.07063221287705612,0.7831707674043386
0.7606196178221349,0.08566859996165634,0.7752510920720154
0.7503438181361288,0.08480280204373195,0.7720635750357255
0.798009007403898,0.07574535099039854,0.7716728340812831
0.75702185146853,0.08213229285092315,0.7713435040513862
0.7237826954466884,0.08973721120122502,0.772638222346135
0.7656202055921543,0.07912472053364372,0.7713936142010773
0.7282745846539759,0.08918736703340256,0.7719802163107727
0.7775077902799068,0.0776345772829473,0.7733777305422689
0.6954532924262592,0.09438048264051428,0.7739673128502443
0.7652959533479275,0.07756128410020469,0.7848766356467667
0.737150564057294,0.0891931224762494,0.7756749224521989
0.7952893021399007,0.07075617598414612,0.7816949574458028
0.7870388816567311,0.07093274184612672,0.7786080426212485
0.7537012967455002,0.08001614930778846,0.784130905005177
0.718927600845091,0.09086162100017615,0.7728768301704285
0.7068393183779548,0.09430143372420734,0.7732742858332838
0.7773582609454806,0.07813004647351264,0.7711698930671966
0.7997115019829337,0.06776887648301809,0.7786525234494972
0.7371539109729922,0.08092662347183388,0.7799177719226363
0.7712313044254042,0.0834353295177896,0.7753391206271972
0.7105343074908641,0.09479338514789346,0.7726977358464678
0.6953802245590676,0.09401861889212249,0.7740698671051133
0.7542256903714858,0.08240037345212936,0.7726313900254791
0.7515352049987797,0.08537946842233904,0.7736873290819051
0.7276863366288597,0.08625388425054,0.7728450722986226
0.7910055271807238,0.07904456036544559,0.7747119061116855
0.719946807881109,0.09289037142432663,0.7724175010984466
0.7988437881086279,0.0680229821893166,0.7788977921406119
0.7378405245669134,0.0882600912955178,0.776152419695212
0.7391497976124723,0.08369485267919233,0.7856480837085557
0.7443760273210237,0.086616080168468,0.7742040227384526
0.8172813214435868,0.0677631186580979,0.7774643326730986
0.7968426696005271,0.06983265540393582,0.778225378984196
0.7612803256126174,0.0818684970740457,0.7710980559549433
0.7769634820196717,0.08044826330819785,0.770687704015902
0.7479740192146898,0.08464743091612797,0.7749144094847125
0.6981549942621843,0.09959382686177089,0.7767287495933253
0.7517114460138453,0.08314657440202243,0.7722312385227765
0.7373366737947625,0.09021396509407589,0.776395441249734
0.7084487710771572,0.09798328803702501,0.7758681374645469
0.7332443527097664,0.09270469124313692,0.7754237134998779
0.7275545560512106,0.0875119426659205,0.7859254218766899
0.746688681914519,0.08821064988361539,0.7739049743057812
0.7783485701961627,0.07837729762920896,0.7753824652471321
0.765881056839364,0.0744004405102678,0.7798224096081305
0.745559937168868,0.08486449080045995,0.7724807136032648
0.7089239754041535,0.09393954883983928,0.7727107593709804
0.7607148536027475,0.07738734841558463,0.7810750723792504
0.7154865406371067,0.08719935729229177,0.7866217070842508
0.7370727821307914,0.0872775515567521,0.7738668178513479
0.7901261433194683,0.08067625027852149,0.7711134310759977
0.7803224445002882,0.08008864689961867,0.7701633188455737
0.755344209577179,0.08314535973820605,0.7713845092277097
0.7790228187403688,0.07599266793951721,0.7712529158705287
0.7591755366482953,0.08295833544802507,0.7712720522216062
0.73098622014675,0.09149354044561274,0.7763068205169742
0.7525536171176574,0.08597666596784415,0.7746772488232124
0.74601601609278,0.08676180355259024,0.7753955976058036
0.7519181767358087,0.08348547187052914,0.7715864838797961
0.7447618656790713,0.0874345993353634,0.7713857733357063
0.7468983328171557,0.08468953251919709,0.7732883903078249
0.7435232417187024,0.08577224826235127,0.7715549829494273
0.7816902603236571,0.0762949478870761,0.7822515052303323
0.8004087085924789,0.07749660920714231,0.7745817131007469
0.7565964556648188,0.07964683972315342,0.7851300874930677
0.7746641360960399,0.08105983879629636,0.7703609544904444
0.7583194849152646,0.08199587190456535,0.7713250777398388
0.710335209329234,0.09845119658097175,0.7768196860539851
0.7668144047392564,0.08231052904946431,0.7746888793664163
0.7556983034779258,0.08587769174535063,0.7738621107255144
0.7399963308099514,0.08819176025517259,0.7729521357593544
0.7042439011079096,0.09566491636375808,0.773215329518587
0.7158826995314663,0.0915594663028322,0.7731004093587402
0.7107263093863179,0.08926423775684902,0.7735383247757319
0.7815193083554697,0.07414424676379851,0.7714902472627584
0.761633749732439,0.08146577519356349,0.784123607928593
0.7371807337081675,0.08584110566506746,0.7735205535365144
0.6987292673022221,0.10040293156680721,0.7777162134577208
0.7463456378536464,0.08082446444302872,0.7865465069749901
0.7999205186469903,0.07717142995557058,0.7738862432770206
0.7486471340723331,0.08082186897894285,0.7835579724813976
0.745304989449362,0.08477990383278299,0.7745281039769497
0.7692737874969275,0.07531399969646557,0.7793352621611722
0.7372360220051325,0.08800866661354552,0.7740055951512466
0.7125571402725334,0.09787035051161891,0.7768267102053898
0.7410109123964658,0.08098753858792876,0.781241444279692
0.8040688966628713,0.06839606923879572,0.7781248116419688
0.7539523668174414,0.08434256402347426,0.7736005488837936
0.7657264632595568,0.08000882635443791,0.7843037123930795
0.7312297035814971,0.08445262800678646,0.7728509307145768
0.7634385228616853,0.07868717490707897,0.7828474584563122
0.7745846779730435,0.08028369773101467,0.771582666021406
0.717999239951408,0.08931623145739581,0.7729599554197023
0.7561768122283801,0.08224954344904316,0.7722639202550072
0.7093412232948835,0.09576678283174732,0.77626825604092
0.7430525219315294,0.08874723513613489,0.7762188073214409
0.7781711012923895,0.07691594639106002,0.7829817954099039
0.7240909602877152,0.09170731163991978,0.7765524110931552
0.747504701306654,0.0813526569317872,0.782431388689809
0.6959304209897289,0.09788892184997708,0.7729173393167232
0.7155364343615211,0.09227283755523812,0.7752117064466613
0.7656574886412603,0.08148646739029596,0.7716556653612928
0.7431178681260345,0.08977708577826934,0.774127392712639
0.742264036754814,0.08994259191509417,0.7751476642139333
0.7679453769152981,0.08070281312091987,0.7730441382109012
0.7945593709326866,0.07099386962486123,0.7835341249809785
0.720680775235191,0.09278000559285654,0.7763956861218032
0.7380598179693438,0.09000787569608847,0.7717062406036708
0.7661088083290057,0.07912863601868632,0.7715878103669983
0.7252403162034923,0.08909274099627297,0.7732668744545428
0.7645965449690673,0.08678953630208511,0.7758140276072363
0.7142152056010218,0.08389012375989609,0.7854385247207285
0.7307005789901444,0.09375311297384663,0.7760292957801304
0.7653512840641901,0.08421815526393199,0.7747473349986778
0.7377388241681196,0.09022546719941157,0.7763145289199752
0.7291132999050198,0.07968508075795531,0.7809851893535864
0.7677058901946835,0.08479940652881289,0.7750104006364494
0.7608440926764951,0.0796854240042598,0.771695241183453
0.708841308235028,0.09545939388953788,0.774873196199389
0.7030066032668315,0.09427773858422714,0.7759815215047862
0.7527143985341204,0.0812478730969595,0.771881821939385
0.753593093804632,0.08634386688864643,0.7758594808255854
0.7705364934372426,0.07455988473166088,0.7790604388624106
0.7704168273440731,0.0821413514393435,0.7747260326870195
0.7402801900660729,0.0821005807930077,0.772645102818934
0.7299047334215947,0.08506733810322471,0.7729585611906578
0.7219521236718416,0.09239084281243044,0.7765654814408788
0.7686150446083454,0.07471734643591853,0.7790849033129696
0.7364668549111069,0.09119804695892954,0.7761714959010778
0.7490689155946595,0.08306740053814052,0.7717681458603134
0.6955923454273649,0.09643899468627624,0.7736858908010696
0.7825036636589645,0.07246598485161261,0.7793834033312584
0.7005743039024488,0.09473322772550016,0.7733373704047901
0.747037431775235,0.08830069693196653,0.7749912201402999
0.7359524095851547,0.08718628878869347,0.7718995971807007
0.7761658001897437,0.07724043731907708,0.773917820279844
0.7599833372095809,0.08616998743045566,0.7758055084392587
0.7106822110875047,0.09387067113977624,0.7763529681034246
0.710933231527046,0.08908845365675892,0.7735676378410951
0.7844788645123703,0.08183028967117599,0.7752745030839222
0.7469079500864402,0.07840873316747658,0.7798514372704869
0.7235457111137141,0.08842239197690713,0.7727283812797449
0.7475109200207358,0.0851426158360352,0.7753551279206417
0.7564688537648794,0.08235593055222165,0.7714248418999307
0.7922016461106541,0.07703701151674135,0.773977689559284
0.7547284737103828,0.08279246167610463,0.7722858180985783
0.6978414045068277,0.0952468458373552,0.7771387408728344
0.7133631380633193,0.09170415469952589,0.7740691086959145
0.7990391044722971,0.07212333939020842,0.7826533143246193
0.7521509367510545,0.0793147133908046,0.7790609263411217
0.7728454329255078,0.07235997677970386,0.7829697446857139
0.7725369613516652,0.07553950490205842,0.7817236392208056
0.7530691558822022,0.08274540240761231,0.7718155879217168
0.7947634992719236,0.07211429288898111,0.7809687452482005
0.7561600208525726,0.08268337402222765,0.7750669255117603
0.7624976170034428,0.08335668805496389,0.7759127402880088
0.6973924493835433,0.09422796555020053,0.7756078511077414
0.7837066386570989,0.07517898758973043,0.7845876416068065
0.797217269839963,0.07669044725628744,0.7698478625272985
0.7568660153883404,0.08238216174770518,0.7717056614559029
0.7742844381210784,0.07362527231010037,0.7789957824815248
0.7517216412809956,0.08764700767892708,0.775595321946257
0.747792521694178,0.08211497059794652,0.7727984459286301
0.7468153732548868,0.08251050752141431,0.7723299058357789
0.717047005604921,0.09021752074966323,0.7728158612059173
0.7788261740390021,0.07734363547171794,0.773190498821012
0.7395747167352813,0.08417432732722649,0.7722664938784859
0.7515563785527932,0.07806662873003527,0.7803103216554427
0.7421279362958667,0.08369601446757655,0.7721158576484819
0.7302571265104929,0.09091413418951046,0.7738306667390158
0.7152730112347498,0.08853100505840428,0.7864296984212477
0.7979165978283711,0.07461992754683425,0.7740556991759664
0.8010837563537752,0.07056951757780106,0.7777438322266698
0.791593288063395,0.07150042392232514,0.7781400628698256
0.754792375224976,0.08405521380291688,0.7741995325040015
0.7114445679063668,0.09464181638707417,0.7722759492291569
0.7417852465010429,0.08733416860491629,0.7727353780784407
0.7343762320760961,0.0848702002165825,0.7725355503894242
0.7725580707164112,0.07730112438433971,0.7713542604098252
0.7681791729980596,0.08000647307202724,0.7837713164151414
0.7371014642629528,0.08586104269213932,0.7720002968183473
0.7493810062402304,0.08026532969538358,0.7803500663848418
0.740787331915573,0.08711673940951271,0.7723794798980835
0.7712437201381381,0.08131439111329068,0.7747517475014353
0.7734790472668412,0.0813516840005152,0.7712408579137155
0.7725177266671573,0.07435731303747391,0.7801235199145987
0.7722368851447835,0.08056738986664,0.7740913281226895
0.7870557901162304,0.06976363096017933,0.7799733555428994
0.7854700708963094,0.0753928114257354,0.770941382982842
0.7426503205977031,0.08785381694955968,0.7751184255427572
0.7701464144084493,0.07905815542889309,0.7719058026712148
0.7373665701519696,0.08588520477630864,0.7720886259674149
0.7328819345144518,0.08679599469016003,0.7731792301646337
0.7469230361873725,0.08363712839145455,0.772291829393886
0.725546055149407,0.08982887589894023,0.7723053194592798
0.7332621457480198,0.08445141294211896,0.7831797567868208
0.7605142886770907,0.07581265814008539,0.7799149803130222
0.8154329388983061,0.0665454042475635,0.7778777850442127
0.7032211085353037,0.09322481325208125,0.7732491973662231
0.7511346506523077,0.07775312849494134,0.7820819672789959
0.6976896421869258,0.09958017873011893,0.7761649077779013
0.7483428772397664,0.08219408649414632,0.7720203412885559
0.7347290919171021,0.0884085971781355,0.77259883129774
0.6992013653507153,0.09581063411795106,0.7736980025376903
0.7372051926995622,0.08500003235117311,0.7856005796940682
0.7455987661303252,0.08719192799440251,0.7743147609093964
0.7376510303908491,0.08722726664788058,0.7721491935436732
0.7801582590347106,0.07827236685794987,0.770615260132459
0.7535541701337385,0.08008274512969088,0.7720795342361794
0.7362009915627841,0.08917479963995749,0.7741613073995048
0.7219482437745358,0.09077136531654043,0.7728763732101985
0.770108037042879,0.08074847715181759,0.7714903259229908
0.7719280986980592,0.07496710765878711,0.7790184676640649
0.7843225348533203,0.07343164377760718,0.7818377530390236
0.6971627534347214,0.09744558273724972,0.7760705244335748
0.7134778990893474,0.0926014607528514,0.7755367668978841
0.778889907835336,0.07911657501372661,0.773280550887396
0.7439749345490789,0.0842356300071027,0.7853919838465043
0.7474084968216598,0.08796480775068519,0.7758972970307292
0.737697804677043,0.08845521779958769,0.7751747242169353
0.7488580366917179,0.08043694042801275,0.7728152788599268
0.7431630004831372,0.08350806212487195,0.7720809846170208
0.7268603638673238,0.09072677813750242,0.7752255083443268
0.785743493404973,0.08427112591870048,0.7743155070010536
0.7683335856527783,0.07399969442115732,0.7800335116914308
0.7166377298266308,0.09077317265596796,0.773742886220235
0.7860805252384732,0.07334488867807351,0.7828980801596617
0.748098989485702,0.08057419033055555,0.7798428226779551
0.71780096711191,0.0835086054258684,0.7815006555596703
0.7398299094508888,0.09021900121512762,0.7737773492078924
0.7573676166325214,0.08248713466467457,0.771597287457414
0.8044649338247452,0.06926034758259486,0.7795693004193422
0.7275976781242232,0.08261421234615006,0.7803924473983002
0.7520588126913981,0.0864121559430434,0.7733714159114454
0.7139835804393202,0.09084702369867376,0.7728177967502693
0.7630186559353409,0.07882484079069632,0.7824885022620863
0.7594109555449791,0.07743740522104751,0.7790014975953767
0.7018279065550459,0.09770773571574799,0.7735709915296055
0.7742847502681862,0.0842730563113116,0.7736962020936571
0.762873567495308,0.08045013279747038,0.771864157514914
0.7435263558990116,0.08684311246222752,0.7758649114503849
0.7449233553984461,0.08798110315855977,0.7739825152299266
0.725127944316842,0.08963872734525147,0.773651888503701
0.7704445039227124,0.07780178936936301,0.784749945339911
0.725399913246152,0.08939663210374267,0.7731649187063538
0.757630236122494,0.07738899379198344,0.780096086748888
0.7369465585554221,0.08541871543484296,0.7724883315372741
0.8000611304509588,0.07768969455755743,0.7733086597143096
0.7635819340522404,0.0841272398738951,0.7714149590793117
0.8075433831280271,0.07157035633248515,0.7841041307729324
0.7529191407096204,0.07800111608526251,0.7793421503437544
0.7622855925489044,0.0830817326465244,0.7732584165415789
0.7283516477168112,0.08364941054183955,0.7732829855724508
0.737657188779092,0.08422331736901184,0.7725527610861317
0.7042922065284657,0.09395094140422036,0.7740569045009622
0.7542270542986903,0.0828396724709148,0.7729724160082123
0.737249792298661,0.0876864626982204,0.771919737385386
0.6993611452256624,0.09504209389860874,0.7777446237592159
0.7506140740437603,0.07858057466130991,0.7796804433852729
0.7093213418887773,0.09560585668189191,0.7768812953569706
0.7384993535564149,0.08575899715757701,0.7722955192866892
0.6992922609592949,0.09599719872744726,0.7730744509625587
0.7621584082845627,0.08498839919688586,0.7710027478420524
0.7093316975152422,0.09441859018786929,0.7785763644334696
0.7492120608994991,0.07830296245149022,0.7849578015730092
0.731118154252754,0.08821310618352766,0.7726301878950994
0.7689133665595148,0.07702522732488853,0.7833709684950731
0.7311045673943651,0.08678181842029169,0.7732282680412206
0.7373476396773385,0.09149629604372456,0.7751070677747073
0.7669519072786174,0.07607131684807322,0.7816159184997423
0.7238871518532585,0.09130662268053737,0.7726967011477474
0.771813336059377,0.07865998926748907,0.7711094397214853
0.734136095378936,0.08819770313950417,0.77177670326374
0.7269022044813601,0.09359828699658157,0.7751545647904582
0.7755723435766234,0.0751436952369623,0.783387276887387
0.728609428703597,0.0892045970617314,0.7723805188339362
0.7469281742800545,0.08428451437407979,0.7724901804272398
0.7572452793374626,0.08425232672831859,0.7734258892205099
0.7657955261686007,0.0821620569325338,0.7712000864269815
0.7146152897972858,0.09087718451942772,0.7728025502322224
0.7502117037800465,0.082964749560413,0.7722379707893912
0.7750152202975453,0.08123217601877221,0.7710383414637032
0.7365829249777558,0.08893692023000047,0.7720589728092119
0.7947105868483207,0.07719624972129079,0.7699295023101402
0.7742416968143427,0.08165677055159494,0.7741892692203753
0.7245886378822064,0.09109292498336248,0.7771462136744268
0.769940367895538,0.07945122247350446,0.7716693576792807
0.7160581226122207,0.0938449368576334,0.7724900813985706
0.7425129407091551,0.0840163461247246,0.7847334315255268
0.728532173207214,0.09022873912076171,0.7728098970669552
0.7295002965687993,0.08957157818727773,0.771826426979927
0.7212748902525603,0.08908658881484534,0.7741481178636809
0.7461141378326696,0.08424817953166616,0.7755488471481051
0.7515958977969708,0.08487200036646134,0.7720958188014616
0.7497856838125571,0.08199378646446372,0.771982337778773
0.766247073806213,0.07976437101629064,0.7851292307033461
0.7337437046836333,0.08785860243343942,0.7721289642546253
0.7342909006189333,0.08874473283911487,0.7724414537639201
0.7137599952224258,0.09082426139761905,0.7734584573902348
0.6954451368211731,0.09451432012961651,0.773841631479784
0.7960672793950497,0.08053145031904542,0.77444578917567
0.7317236039954985,0.0891021202799635,0.7751979165366427
0.7154465879279496,0.09234406184334032,0.7755934000497886
0.7618464277285097,0.0849885941844712,0.7705610730037834
0.7244795277904382,0.09140035538137307,0.7736045059731318
0.7224563173754593,0.09330118280163388,0.7755027265722668
0.7190664588379693,0.09212610586540046,0.7750246738670991
0.7629414284571364,0.08674594259466986,0.7757762638929041
0.7893567840037213,0.07945588026221537,0.7723480659574675
0.7460288650395728,0.08345658281039016,0.7718511551931491
0.7366760794333717,0.08629126751073474,0.7731187086833624
0.7402060604065956,0.08489329082207994,0.7728309997874674
0.7077420181055801,0.091464877789512,0.7734149475342819
0.7178234843743357,0.09858901263751899,0.7749777716610674
0.7833094014183787,0.07871267819950047,0.7732580360796535
0.740167321869048,0.08676846854693554,0.774249198814434
0.7132911215671012,0.08999454099986749,0.773396011446453
0.7418117855208988,0.08768632757478995,0.7722241015321548
0.8071043308840528,0.06765291718110986,0.7781262467070665
0.729701736921518,0.08861914591648488,0.7721089955475738
0.7623168810220216,0.08685412714396953,0.7746081362100541
0.7309340270908375,0.08110534766376147,0.7803786862008958
0.8175348648615506,0.06805569991603062,0.7808125831363154
0.7182728992499369,0.08981349770355225,0.7728998146483921
0.7268306304539742,0.08846185197488436,0.772688951206602
0.7143442341274924,0.08767228331885066,0.7833883823264951
0.7553197267357695,0.08306682282862159,0.7714066135547558
0.7537132368821887,0.0784918084262653,0.7818436887937117
0.7842615591751905,0.07312623706017023,0.7782975523435154
0.7462275726080718,0.08070498558200923,0.7793823549992497
0.7449319181937301,0.08277728692348019,0.772098425653386
0.7567887374726424,0.08224977108199462,0.7713604413885182
0.7683867718959545,0.071828966831286,0.7797859015252039
0.74173550844414,0.08714989043416989,0.775802965839987
0.7732263628834792,0.07297488497734199,0.7790923518903757
0.7523367045258366,0.07799485552336312,0.7799630811369539
0.7291117953833435,0.0873731565415395,0.7723080558935844
0.733168399418551,0.08424994147848905,0.7734571986033323
0.733823151610992,0.08856590384754327,0.7717269108872293
0.7613028985566722,0.0824083273418819,0.7709934638255208
0.7398835468575814,0.08768281872861075,0.7717605816147569
0.771311607309978,0.08274558462647356,0.7748272765180897
0.750438116407772,0.08181532867642168,0.7725028395903615
0.7716029629661992,0.07270280658799275,0.7794387283879529
0.7677646728216089,0.08215545358743206,0.7714757971355543
0.734041543010902,0.09205052344937313,0.775414262312871
0.7281816549968547,0.09127361326987456,0.7718204622590609
0.7205339355850173,0.09195411493286738,0.772006403600167
0.7465284611591725,0.08198301242561336,0.77235347505679
0.7343124762719531,0.08780277962609696,0.7722450488408366
0.7568977062006585,0.07701232174685016,0.7802057972270747
0.7695288189161427,0.0751345803974262,0.7792559644534882
0.7369056599598512,0.084359659625443,0.7724528127793016
0.7635777065113041,0.08194329370986175,0.7709228618573953
0.704918671042656,0.09595940672104002,0.7767136757020902
0.7621904474874646,0.08263865337040431,0.7717436322197317
0.8105304920571254,0.06704010798094574,0.7781173223323138
0.7153979733877794,0.09221367032744078,0.7733952697402157
0.7212795082751334,0.0943803520966617,0.7725101026810322
0.7076948647289575,0.09390500977229048,0.7727084153719317
0.7688503991319706,0.08151680126264343,0.7714800155035261
0.73578670349194,0.08599603949924224,0.7727279020762295
0.7358797249705514,0.08613439952758908,0.7737248060392264
0.7719212147192636,0.07915117800042021,0.7712199185884147
0.7372041108119858,0.08755080199320783,0.7743505726240901
0.7685229306422539,0.08199141727548928,0.7705477006473974
0.7714523054804376,0.0806350495109284,0.7730175329921208
0.74700781454918,0.08210307220889751,0.7721861120365546
0.7787756463763101,0.076552320457428,0.7712410119511208
0.7212868772310035,0.08860042743951722,0.7848500482478517
0.69761667299487,0.09875770024182089,0.7767562271834019
0.7368228210849297,0.08393823569206349,0.7726485107200204
0.7382711526363074,0.08466280524920972,0.774380773259607
0.7594212178632099,0.08666089852089487,0.7746347877994387
0.8191694350621811,0.06714651118664983,0.781873302866031
0.7074444044200257,0.09268751801160648,0.7730266917217147
0.7309852504320696,0.08936647159474725,0.7718529740065297
0.7312630088941706,0.0885505056774749,0.7718783328744292
0.7464776237255285,0.08605475840315326,0.775053957891823
0.7341853921667373,0.08650972378023333,0.7721922061620312
0.7470154965816878,0.08733726313730727,0.7765458141012231
0.7514862206129486,0.08441488859042966,0.7751727871686885
0.7705594525580446,0.08157680938044422,0.774394833487402
0.7239301045266546,0.09072304989829404,0.7730891044929573
0.7205226394469545,0.09541034906377449,0.7753583845120348
0.7215138013232638,0.08222032283583884,0.7811081597387733
0.7403450958723984,0.09072532795927558,0.7765476339257382
0.7557138935048974,0.07844129906825159,0.7790925320317316
0.7416479288559618,0.08912245407884978,0.773397509214986
0.7564197924682857,0.07740438625660033,0.7812127070844391
0.758708487599644,0.07948515943210496,0.7833125714293886
0.7308583007661712,0.08666211508061265,0.7723284055175664
0.7673196551243395,0.08213602496193899,0.7746329583271846
0.7280175636320332,0.08702543781773092,0.7740241120366979
0.7228950571425939,0.09436929724031043,0.7714462185934958
0.7450129883760235,0.08575606153157397,0.7739822361177173
0.7911949543788445,0.0796389436540084,0.7746089851620777
0.7677818862813656,0.07670411243720043,0.7836212422260985
0.7990507339694967,0.07184237722246957,0.778106918507845
0.7877682867455708,0.07349223194085669,0.7820050453688198
0.7197438116465733,0.08280358657972055,0.7810746155791295
0.7847951340681045,0.07933103951267526,0.7742976941929175
0.7972333495790715,0.07020943466918086,0.7781144306028479
0.7516081982138882,0.08517045672575417,0.7716700249685906
0.7757766653735633,0.0725307104001456,0.7790596079461902
0.7251205958775259,0.08783354500919908,0.7725785886627666
0.7358870121737913,0.08353459546306506,0.7726611754069224
0.7781983678524086,0.07751278699150006,0.7836990838152857
0.7631879211548565,0.08490659537102552,0.7744477482822824
0.7594339970057618,0.08260104159402576,0.7710338598204138
0.7480162400517144,0.0831238650901187,0.7718152571913164
0.7016962936205801,0.09904584721681059,0.7779852127984747
0.7619398384021778,0.07962105398535867,0.771633716825967
0.7204005845800283,0.09182549544838854,0.772051178680571
0.7261468473220216,0.092401225733555,0.7738937718618498
0.7158622485545347,0.08818597798397397,0.786734715558864
0.7718498332515413,0.07162118883674068,0.7804353591267016
0.7853901743769734,0.07317219646306786,0.7811734921132911
0.7612939175005011,0.0750160530578192,0.7800225881426347
0.76035302794394,0.083316780663583,0.7743304103840961
0.7627291039970593,0.08107621476912502,0.7848828498334535
0.752160886183976,0.08428438579073222,0.7715686605146643
0.7646377266176165,0.08066012926967317,0.7716076658929945
0.7719062112359688,0.0811941024459927,0.7709877190471247
0.7482477124953888,0.08390215522428028,0.7716844827759711
0.7303940240210461,0.08128043135973131,0.7804054897246397
0.7106181319039065,0.09317227231270936,0.7736140534231193
0.7256299970880827,0.09056366950167756,0.7725783857598003
0.7500184352123959,0.08220684600374845,0.7845399891508298
0.7243590746046358,0.09006576689234735,0.7725960504201045
0.7302429655203025,0.08750615342026553,0.7721892992150948
0.7213606445966285,0.08917496396637677,0.7732484060705821
0.7603631137928688,0.07624248182276208,0.7802262859828186
0.7614864818338588,0.08251485053967623,0.7709300987309605
0.7680501099100538,0.07529586563794098,0.7803153857075911
0.7492344131595201,0.07951375975818264,0.7817413202598237
0.7685942714903571,0.07770870037991615,0.7715805627817965
0.7456510584600048,0.08783705182863419,0.7758817481037981
0.7968670607870811,0.06869630815243878,0.7785909955836104
0.7576188226937018,0.0775484999583015,0.779098857317053
0.7485423273012356,0.08171086068381701,0.7829537309697104
0.7084463336629897,0.09635529096769402,0.7728139063870174
0.7332281521484179,0.08248827690934951,0.7836611427446316
0.7397094412802466,0.08756833588649933,0.7763551337877681
0.7501201526661679,0.07993595721692796,0.7790808761161672
0.6987282596436242,0.09907523792024905,0.7774548504582449
0.6990106209103214,0.10131466443280218,0.7770459724633964
0.7091031341756351,0.09211915751296504,0.7730290056178392
0.7710168130915434,0.07463618642206932,0.7808655631351095
0.7507631902075533,0.08559963251704363,0.7720623405955748
0.7529106370389674,0.08598043185616878,0.7756273110194688
0.753294074394308,0.08376851666106448,0.7714041437209455
0.7197587582916106,0.08957629550805618,0.7732329444946968
0.7245310186907347,0.08931498692118443,0.7757912188555057
0.7111033952751669,0.09472016138020335,0.7777659915921199
0.7284222831439408,0.08383819304634647,0.7843831493508153
0.74469983375232,0.07936440113054358,0.7800130529806413
0.7140967754177966,0.09351596361965091,0.7739523270430136
0.7867548725260746,0.0821584289909662,0.7731947736910204
0.7578031844993776,0.07525141314716297,0.7796974451842076
0.7332816100062384,0.08670699613102466,0.7729389448545625
0.7599456924854147,0.07743286597970576,0.7792277438762865
0.7598739509764677,0.08470337493853353,0.7711484633606361
0.7677869589440768,0.07828977716803591,0.7714630771270758
0.7319055585492813,0.09189662782393836,0.7752958057451815
0.7685025003206846,0.08116233013774743,0.7737806847550087
0.7439637938775461,0.07942675953565874,0.7798631259495684
0.7484859229585217,0.07837514387068349,0.7798846793412978
0.760910240148756,0.08253514610864111,0.7748128303663743
0.7139146273315979,0.08934970704227234,0.7737252992991402
0.8114002443721455,0.07055769515039963,0.782020301521177
0.7172022513071149,0.08911260388273011,0.773121960712724
0.7133803056324485,0.09049025144245508,0.77303321914904
0.7704147228568352,0.07818591575809294,0.7804820082151195
0.7702124854486345,0.07609716447843355,0.7784890641402682
0.7362716526245647,0.08715902773302087,0.7718325854781223
0.7601044348632884,0.08216745262630179,0.7721160661303026
0.7669412267200503,0.07655943997216141,0.7852978592524837
0.7398797637883532,0.08020010793633126,0.7798363835667906
0.7562572920259862,0.08410682193078658,0.7711806364316948
0.7491641638661594,0.08329179504926576,0.7716722753965769
0.7644640722932201,0.07706509302011227,0.7789687571102878
0.7424553139385723,0.08616635230887175,0.7720438760577494
0.7557493332408928,0.08363467295020276,0.7741871942519555
0.757981104324332,0.08420924740999498,0.7749121899651149
0.7378793205370628,0.08869354508826076,0.7732028302473756
0.7348195809200753,0.08173052608186002,0.7802470604194972
0.753432902769566,0.08391663322395154,0.7716497702153031
0.7838335157089044,0.07139270710612249,0.7787581694509333
0.7417723104127201,0.08216875107107471,0.7866421764229138
0.7612431692020118,0.08259314232205708,0.7755758506786318
0.7967785788343197,0.07395523148839585,0.7705150050363784
0.6957554596723406,0.09814671885864053,0.7731140162747403
0.7730462719899799,0.07525371698146774,0.7794664184145909
0.773539288583847,0.07824952899726163,0.7715189365800257
0.7562102847552982,0.07739840569284503,0.7793476165351796
0.7658548151737481,0.08571140012001395,0.7729314962363706
0.7833207464452916,0.07613223363140668,0.771582612931417
0.7969275991175672,0.07487196508973111,0.7707320165698704
0.7325387271496,0.08526943170861963,0.7810451603933404
0.7784940803517861,0.08183269453672497,0.7735963033944361
0.7556595119813504,0.07574771628018356,0.779751380704279
0.7659375586781574,0.07779237885917686,0.7718767697010748
0.7393752026723358,0.08916412779057287,0.7753720663820403
0.7674953673455405,0.07378056488023214,0.7794744457652644
0.7711559771787123,0.07436849059320615,0.7793354768780679
0.7212653390203572,0.08695224541824813,0.7741443772149885
0.7627916533463821,0.07570545751691808,0.7734871780975323
0.7465602031739339,0.09064190670946164,0.7749868988721699
0.7125700011794591,0.09145738436458765,0.7728008503126874
0.7469541036811447,0.07947906748005479,0.7797584950464667
0.7286592649457007,0.09200601375953903,0.7738395524885345
0.7793672999974737,0.07100340842058252,0.7793018550271245
0.7949273017523938,0.0745877076314817,0.7836499433188628
0.7385910281860391,0.0914121950274576,0.7755145642247654
0.7806564512291699,0.0741117041836465,0.7826437813328494
0.7388167021937172,0.09103909315011868,0.7753057692315403
0.7645137814350361,0.07843478057778407,0.7785734261106523
0.7054763934939934,0.09403349103006553,0.7728996494472392
0.7086536644474847,0.09258982042881814,0.7766896531908944
0.7314203243840964,0.08833288252966452,0.7719576707152365
0.7601908083154078,0.07995691894447633,0.7715961114694627
0.7024429186102634,0.09678397049820968,0.7725925780597221
0.8196376367194099,0.07091532140849062,0.7830981015140611
0.7628328108672412,0.08072023625743907,0.7714071156158233
0.7348626480668992,0.0880629242752281,0.7747577608518506
0.7456831823551543,0.08509721260352107,0.7752962553985597
0.7817566857795577,0.07982135451119587,0.7702137220859285
0.7272468127855668,0.09289464056083331,0.7764201829694983
0.6959744579211135,0.10039277338598562,0.7734208896911245
0.7384384986559415,0.08492170004266576,0.7722565031257789
0.7052011815404162,0.09563347807185094,0.7728069422945498
0.744516584958195,0.08373244471983551,0.781461933198542
0.7194994599842005,0.09109401542095513,0.7732569411690561
0.7689278853879822,0.08017826498403352,0.7735422300281843
0.7709182442555044,0.07964266068000285,0.7711745204866665
0.7464429437027538,0.08638635210236144,0.773822206577395
0.7627263579356226,0.08055110545341415,0.7716765375474305
0.7251877635017844,0.0886076359974501,0.7723548385276136
0.7712720152634299,0.08110708796714569,0.7705553540022035
0.7201847358046927,0.0865861738526428,0.773319388050079
0.7340263191271762,0.08494542364768175,0.7848848405730315
0.7433040072381726,0.08509077216912736,0.7720879311353015
0.7479490149046519,0.08095321940129215,0.7840638792480913
0.7464814674323612,0.08260657786014314,0.7856832765129772
0.7575203700272978,0.0759410172499327,0.7800018884634229
0.7261766173476891,0.08813465048267409,0.7723830407252074
0.7399505736282198,0.08558693086215113,0.7736745620651855
0.7796326385532247,0.07231176745049804,0.779752906594616
0.7001936995547203,0.0944087735223537,0.7733786661108978
0.7222654413520783,0.09058595907477988,0.7723273403192626
0.7413955925077029,0.08692945631754917,0.7765392542366031
0.7764577344064112,0.08326178521461286,0.7742656045418841
0.768851448249879,0.07319144007855186,0.7793806438393197
0.7333926489679728,0.08562638408040041,0.7725391810729098
0.7386139861238862,0.08498539452371491,0.7730593367368155
0.7496141350276845,0.08362999781478411,0.7715436045412867
0.7722528572291291,0.07445423385223128,0.7797624748416094
0.7346357187042819,0.08662544208054418,0.7742916727592094
0.7754708749510949,0.07307125449367313,0.7789182351281884
0.7355350064342309,0.07934936978025098,0.781228426755195
0.7457871753242825,0.08384443333656423,0.7719584672551721
0.7385833860105251,0.08349750259981355,0.7724950582018316
0.7991908449439407,0.07054388698648505,0.7813120709664612
0.7852231659614042,0.07900347278152561,0.7710864530725118
0.7800239546245167,0.07785079638992808,0.7708383299380323
0.7024725206145858,0.094556910669303,0.7731335436235046
0.7720966476017439,0.07265965157643985,0.7793164894444979
0.7054439703961198,0.09255395665365294,0.7731997510904401
0.7299759027791362,0.08451961107083762,0.7796427212876356
0.7682204483826887,0.08313769519959788,0.7750249336398116
0.7977992012898005,0.07323240553341617,0.7831207667258331
0.7898288514811218,0.07487562540484448,0.7840656346425497
0.7453773488249905,0.08444717702418006,0.772962178439922
0.7660741384908459,0.0763851384331089,0.7851227892414876
0.7392655945197352,0.08509926903398612,0.7720074420022955
0.7621611140418982,0.08116816065666478,0.774396379338837
0.7636115041884551,0.08316425889336482,0.772782816331339
0.7299543071578124,0.08707735956105946,0.7723462155411056
0.708379219663233,0.0986907225810623,0.771655036673462
0.7770544745796213,0.0720275377288185,0.7801033371532786
0.7690230687079584,0.0790681213532843,0.7715115946796322
0.7686528920634711,0.07688838489305336,0.7830790067655876
0.7409578500580479,0.0905495839077821,0.775795458443901
0.6979665523085076,0.0997177641995426,0.7764196342500388
0.7522705904449579,0.08281651234161992,0.7721143601227659
0.743101973764141,0.08636471703981011,0.7715432932185419
0.7785201267599506,0.07287090190323753,0.7789507600170104
0.727953547503441,0.09582054276931408,0.7768405609558874
0.724094376453298,0.0868374127205001,0.7728834339559496
0.758432755001402,0.08409834359768731,0.770774092096032
0.7346823783788445,0.08375271792732059,0.7794088894693261
0.7564275799875624,0.07773679751453136,0.7801619714746015
0.7363469055227868,0.08528023614867088,0.7859136841999745
0.7565626483860488,0.0783748223121515,0.7838965513431521
0.7968212067049275,0.0746324108607846,0.7711358812888861
0.7669411174844003,0.08204534319613317,0.7710377313610464
0.735075672132008,0.0871530118092842,0.7728886793380344
0.7242320289764396,0.09120302998454487,0.7726022562937078
0.727424450313983,0.08928729811529486,0.7720410487789697
0.7741510384428862,0.08202532138535792,0.774814647750238
0.714916573088806,0.09233912803167992,0.7735761865646161
0.7171704495195649,0.08762894931096735,0.7732979877784794
0.7470262776408747,0.08233903555127517,0.7723103054694174
0.734810254082052,0.08417510827349817,0.7726920747611423
0.7338785118872491,0.091575308153713,0.7749030725772469
0.8018115036280902,0.07099094735713646,0.7784211407365785
0.7790675938216611,0.07401332827428218,0.7787008563344584
0.7154955547032519,0.09413103500728222,0.7767488711279714
0.7236851766871405,0.09373844282764004,0.7766291100483067
0.79230999900874,0.07826424312993575,0.7716668149063978
0.7719840795660179,0.07746628283523575,0.771859794830273
0.729656733604001,0.08611251679784034,0.7726867573223135
0.6976681768602294,0.09438485640075328,0.7745618243536178
0.7339377039075455,0.08703712426774679,0.7722106081525826
0.7346022881091615,0.08801825812974381,0.7721299355594374
0.776950448971039,0.08181267281314268,0.7744658421592786
0.7430446767465152,0.08117892904571507,0.7800667843294713
0.7291146261491167,0.08534148927328952,0.7822711775194965
0.7127510466138678,0.09387450842224715,0.7743928236224206
0.7355315400657428,0.08876833483487163,0.7721225779350783
0.7525286531373029,0.08998206137750035,0.775390138688987
0.7482491053635633,0.08950860901024993,0.7756897641714086
0.8178772353007995,0.06645984646869285,0.7803571080176177
0.742280179794705,0.08903729540979465,0.7720428287249333
0.7730870069828801,0.08118235961285464,0.7742926317042867
0.7676455583721272,0.07517773457376165,0.7823580569602268
0.7296756537116645,0.08804161513471416,0.7724909305629007
0.7375153481855785,0.08724867154805861,0.7722673044342125
0.7288120460841793,0.09042240110493643,0.7758220062564314
0.7183270577440635,0.09255834741578554,0.7724829528856539
0.7319641666455599,0.08059055508955255,0.7813167277241948
0.7532901276079796,0.08146121885473943,0.7719097603842886
0.7884282921794495,0.07614020215792724,0.7810265690250978
0.7268003604040125,0.09018420417231757,0.7734880053988615
0.7803239784908361,0.07228749078739656,0.7799950572112615
0.7270356022467955,0.0899088077331053,0.7758104587883015
0.7728862721541122,0.07986776303345297,0.7748894733019133
0.7313800211136597,0.08663911402258417,0.7724875882630737
0.7761285321393272,0.07792237373808893,0.7713578260205729
0.7642283150637209,0.07925793951239592,0.7729576125911466
0.7968736743224969,0.07513168947221542,0.7702901972364968
0.7090581284164533,0.09494686344689848,0.7730425561549386
0.7145602542262284,0.08970588714037289,0.7730393267516457
0.7347466149967357,0.08771268520312969,0.7725811425997967
0.7626997592377801,0.07482697172781039,0.779570729999582
0.7528611039973865,0.07817530776099316,0.7793622892963384
0.7259242554695146,0.08928324762870705,0.7722317147165647
0.7868227821835296,0.07700799340411467,0.7704139906196773
0.7543919273434962,0.07906632978378215,0.7791979287200381
0.7189204703465056,0.08749328334353744,0.7742966555196591
0.7595913339629593,0.07825598478044535,0.7787631882918427
0.7361905583831378,0.08757270587505836,0.772722479050511
0.7482207181837454,0.08350753516179305,0.7718240596178281
0.7451928355770681,0.08529502048631853,0.7752372793942456
0.7403776642379143,0.07831423557868929,0.7802905843771312
0.7495921946535484,0.08718144655015417,0.7753450752911993
0.7535467062238792,0.08352880068100206,0.7722349688806557
0.7590477303801877,0.08165705528907946,0.7714098956903345
0.8005346216906241,0.0776584423304323,0.774788739248884
0.7591505960041707,0.08486557782878659,0.7710781428161032
0.7258427189210426,0.09087549714935131,0.7747763098107602
0.7454998467607544,0.08656151051266844,0.7751342350000684
0.7724436279372562,0.0801928262121314,0.7717163959432655
0.7269127708830497,0.08763079957559101,0.7724325889092479
0.7483840357994235,0.09101554181021886,0.775788096422893
0.7753893249873879,0.08196409459313961,0.7739506681431879
0.7467352866402635,0.07960153035856994,0.7798709953229627
0.7261709174077557,0.08645683532556726,0.7728429713746969
0.7542786016316523,0.0772854684494674,0.7794756137066513
0.7288995266892708,0.0879045864156139,0.7742715636363131
0.7320874028083989,0.08910458701702076,0.7723931314898937
0.7117509220148353,0.09098247845337434,0.7734900288371969
0.7269766881259666,0.08914290067535156,0.7744529730607317
0.7073627528712079,0.09421913885837095,0.7726519770141818
0.7431155624606891,0.0857624159713117,0.7716843226176244
0.7764457574869412,0.07918356510467518,0.7741711206283358
0.7694915849310033,0.08089965903275642,0.7734659358933959
0.7451309668468312,0.08742602918825483,0.775820601582589
0.7691998773828798,0.08402073627817269,0.7757929427007781
0.7445932304713281,0.08484648178625089,0.7749762029665122
0.7514105730228425,0.07879162622682707,0.7819620533496225
0.7260729756175661,0.08672705074399306,0.7730333516649305
0.7673651031954776,0.07786998868338858,0.7825362741874353
0.8130083518737317,0.06679121399254008,0.778312980464934
0.757868133199683,0.08363390663719986,0.7729660811740215
0.7338550475563054,0.0848622085712376,0.7725992420902723
0.7595392338839405,0.08184874812777221,0.7829522766162116
0.7517918205541829,0.07474303216510693,0.7805998403144715
0.7738164696740749,0.07582928557505948,0.7717425347163817
0.7492214523873588,0.08575302619240341,0.7716292133801195
0.7370219997753207,0.08504223631279668,0.7721990322874354
0.7587193123924271,0.08245481975228766,0.7749341016059996
0.7352279385568978,0.08311947930125704,0.7835487235040475
0.7597347270324069,0.07933995856202976,0.7851351454955474
0.7093910463817776,0.09426024744869417,0.7763676512338891
0.7565684133204899,0.08034837532328211,0.785479135719988
0.7474976700737544,0.08497962510512641,0.7714197447311303
0.7646476959555893,0.08027652811758372,0.7712574277533274
0.7593868446032191,0.08137432875666309,0.7713418348701108
0.769114601348019,0.0759866216928809,0.771932992118305
0.7736005541999456,0.076928608738564,0.7713496429229186
0.7401886322554245,0.08571569043408954,0.7718736717916981
0.7968566158528082,0.07435634263489953,0.7703863860745425
0.7553919765662832,0.07826179642241943,0.7790684058756016
0.7540206162404175,0.08274448967984953,0.7717655084333879
0.7112012473812193,0.09150077429139745,0.772976679291298
0.7792560676626814,0.07989714290431188,0.7711187576537496
0.7253364755446098,0.0936566599894296,0.7762244805523385
0.7720437357844169,0.0826052246206297,0.7752597383714823
0.7281790599454092,0.09167678353832759,0.7749857425960976
0.7554420507834255,0.0826323487613283,0.7860965900086015
0.7139127155056905,0.08501899273094504,0.7819044248701965
0.7272926629354933,0.0895583581617447,0.7724218140579763
0.796787172420818,0.07457756844042468,0.7708282285291901
0.7568509795587738,0.08402835557206619,0.7749227292153941
0.7467359955628524,0.08205887024162799,0.7726245512855954
0.7148720945388691,0.09035448007116748,0.7756711703973738
0.7822044763761462,0.07209731740021529,0.7803056252814259
0.724874800740773,0.08980278415782075,0.7758865802491224
0.7450409515110868,0.08288706231374447,0.7720929997795614
0.7982997895568975,0.07012767043515578,0.7781524529787117
0.7139170121423087,0.08705490778385312,0.7827386845543899
0.7913141827678388,0.0724996426451682,0.7819615252122022
0.7543762801147296,0.08168847930967162,0.7716664526660114
0.7362018415978466,0.0813616082701127,0.7802842356852916
0.7902897786078381,0.07696153416230461,0.7834386480118192
0.7357808341723393,0.0866813078845417,0.7752839215222357
0.70738394750085,0.09637546661693742,0.7765913897231718
0.7966374188636507,0.07625364783645343,0.7713420873459541
0.7581330917304091,0.07689983138101542,0.7792100909457417
0.7308866376807353,0.08744314500571496,0.7727490888004114
0.7681223453731623,0.08154525852462058,0.773343820957465
0.6957225344888395,0.09624042595769867,0.7732745751100328
0.7057226368612005,0.09635980486988303,0.7774572792206303
0.7398492627964165,0.08838623715475438,0.7730675414196078
0.7431065584239536,0.08033472670615041,0.7837065657239958
0.765857053257598,0.08099183894341562,0.7754935265455991
0.7602329765320861,0.07799949063753422,0.7788084035856908
0.7428484125745594,0.0785445912476318,0.7803756851309577
0.7487829839404473,0.0826944714751009,0.7718439083901596
0.7814681341489574,0.07513934946575727,0.7717774476988236
0.750562078834838,0.08279859618634249,0.772718811116404
0.7528110824123322,0.08118832231300065,0.7718751114851715
0.7472368025360655,0.07952706352890161,0.7794122504678885
0.7392806914670803,0.08803243961478076,0.7754074716081425
0.7479867320080249,0.07792161456915223,0.7801716293440508
0.7517083813005708,0.08698200783381951,0.7716766130015762
0.7700730488154254,0.07922122336392015,0.7710844604293231
0.7164138506745448,0.09268661996420917,0.7729561795869612
0.7115403739812988,0.09327912601299755,0.7736078822615531
0.8029545521571226,0.06682884099383737,0.7787649695894191
0.7441841749470212,0.08407363112315064,0.7728643256903298
0.7540317173786651,0.08695688429956394,0.775540991242999
0.7500184421873066,0.07855257417586735,0.7794780938020632
0.7588776389639796,0.0814964392871855,0.7713773399721817
0.7868531121811256,0.07352848077968992,0.7813411669481634
0.739967873647079,0.08642331049282462,0.7738086554790573
0.7488864126680008,0.08634598648850843,0.7750620657729588
0.7368933566289058,0.08438271279522179,0.7724549111264828
0.7918229690713428,0.07176205288230901,0.7811035151997766
0.7395000862735073,0.08498325552895997,0.7724485014399199
0.7482641646965742,0.08543587158855524,0.7714108350672976
0.7365166567401532,0.08947263087846312,0.7765166056088157
0.7217026568944748,0.09695044573384462,0.7763822353273652
0.7393265675973001,0.08529335527330385,0.7720963014697686
0.7948143745919359,0.06947018044634015,0.7803161399200267
0.7375420098712899,0.0890655273805638,0.7749614124359625
0.7127965731692972,0.09502701199825872,0.7732634366064934
0.7190700733505718,0.08863585024500664,0.7729383355406151
0.7269848988854438,0.08948646873269524,0.7754072787929733
0.7706001535911652,0.07569491480077685,0.7718861328836236
0.7440254045023603,0.08570149008150194,0.7757074856432452
0.7601659643782808,0.0856528086800848,0.7726581869395506
0.7606046168440443,0.08049512082938615,0.7717754581776994
0.7441064761608595,0.08688662934375871,0.7712555703015243
0.7220898840728217,0.08992797668052491,0.7738347745935792
0.7589566760831107,0.07804423757912138,0.7855864336671644
0.7152741456103563,0.0895277122364618,0.7855292458631706
0.7640422085142026,0.08184694177626685,0.775353674272785
0.7468020171453945,0.08242773408469257,0.7854998530555349
0.7241182008519698,0.08771608111648294,0.7842632405807894
0.6989093041627763,0.10050613260444798,0.7775103028848875
0.7444292973631464,0.0870744862871106,0.771789650046069
0.7306430948651742,0.08716167854105866,0.7722437596250346
0.7763741961754281,0.07991135907405543,0.7743542209975843
0.7163852116577489,0.09155720753815459,0.7724559186536665
0.7141639175462647,0.09121964387356099,0.7727134807417976
0.7283716582528214,0.08704800139290313,0.7725589294954902
0.7293438214385095,0.08721997401150297,0.7724525548078554
0.7614238208209018,0.07724941311114952,0.7793630968028119
0.7281647505029183,0.08748924809928273,0.7724357087672288
0.7365289393557249,0.08910544550963824,0.7750920648375481
0.7344331793896421,0.08545620284339792,0.7723590543733925
0.7595591579676956,0.0847983705965018,0.7736478942305174
0.7344367329143515,0.0887180512584091,0.7720285959037485
0.7377200819200067,0.0864619174031086,0.7853464936263898
0.7283552914603684,0.08447585999645395,0.7731437073291492
0.7208510377511698,0.09783599739089119,0.7758571323334378
0.8033268523475919,0.06948745727944879,0.7804966434334216
0.7639248636158009,0.08097332737916184,0.7710886596324211
0.7274224606701206,0.09263268115573546,0.7723472489115712
0.7831923986630756,0.07043831825130845,0.7790549677456869
0.7309939356376364,0.08621273600736291,0.7724234654255097
0.7426048745232373,0.08627238461111006,0.7723840139132802
0.7677749960155804,0.08228249863287189,0.7741771673280661
0.7540310152830212,0.08323474385497627,0.7730740878721732
0.7949612600748105,0.06965569179643843,0.7791897516768386
0.720229410418682,0.09098073631314402,0.7722629377325732
0.7372533435609199,0.08603545945480975,0.7719692277149519
0.7714814656861068,0.0763094126741001,0.7826129536425365
0.7225988789437302,0.09382138807651429,0.7771065527610744
0.7266594946619273,0.09139062212757763,0.7744095768835463
0.7533443688431615,0.08654888005315074,0.7743055880270764
0.7383599166455813,0.0915800720013492,0.7761824368177116
0.6988075867175213,0.10004762334764924,0.7773145328553871
0.7950749166054776,0.07566442235580051,0.7841827700361952
0.7671626370708478,0.07892461349007095,0.7716006618913409
0.7283249810642466,0.08900725358297888,0.7754240644242605
0.7078248348627117,0.09441862167207436,0.7778594975719687
0.6991192431714307,0.09662780670764008,0.7741349842095285
0.7544729621748288,0.0788795401435223,0.7826003423172863
0.733494477554149,0.09112264453971342,0.776559143983044
0.7718061402146632,0.08041379349492699,0.7727037426395037
0.7538854866331165,0.0888419152827964,0.7740344844536395
0.7370303726919462,0.09041901300793924,0.7771360607640658
0.7323463557436756,0.08353030196268926,0.7804739445914631
0.7266795490387719,0.08653199033978279,0.7728488608044494
0.7198368677761785,0.08724164457452328,0.7822428485316277
0.7312344239433112,0.08885444351924841,0.7740889797712158
0.7293833200989086,0.08813276947896607,0.7724981002005599
0.7543417334845985,0.08399873804643009,0.7748375316852025
0.7912321736118079,0.07322121573199449,0.7844082636048826
0.7324623028704544,0.08982037794308376,0.772386528192918
0.7609153603295156,0.08224023055552229,0.7718481507640106
0.7656585582236294,0.07367231962314826,0.7795280643162865
0.777854123315354,0.07443747858300627,0.7784271533868813
0.7310730586833044,0.08858242678623457,0.7718726613238157
0.7949748498285246,0.07375782768120326,0.7706928263521704
0.7398544878960002,0.08539191912147595,0.7730052130217836
0.7967671076205677,0.07424929829212486,0.7705486148104825
0.7337192243435586,0.08855516694684837,0.7717137850406354
0.7192035309647322,0.09161081038351092,0.7752289251398992
0.7635551414353743,0.07563503934823299,0.7817607888072615
0.7220974234260665,0.0906100814957978,0.7729117149571365
0.7701732123442908,0.08014483748318359,0.7715505041595033
0.7205575347451179,0.08919147496569182,0.7748795386867956
0.7476784674111903,0.07917262582902226,0.7803595416532747
0.7465647028338777,0.08658539545646203,0.7759306280493393
0.7474411280467271,0.08041662909647881,0.7832491936494295
0.713832064235552,0.09591668872559725,0.7727363579149084
0.7046429713806832,0.0937370738015512,0.7730178480991858
0.7498015317496151,0.08570127526481516,0.7736350554546998
0.761019722888696,0.0763061805053518,0.7792510417220586
0.7969895987697131,0.07375253440299125,0.7706162666943432
0.7989360831682887,0.07275774601962633,0.7826461029246506
0.7280435458665631,0.08443378134097823,0.7731746000529572
0.7655163512933862,0.08417525096059836,0.7712084702341562
0.7890747142268745,0.07843163119724082,0.7708255047624452
0.7651600009133332,0.08378619468249268,0.7713985068245531
0.7916412614002828,0.08256615579105198,0.7740667101683272
0.6958778087581334,0.09680703904746751,0.7731858413894434
0.7552200372186332,0.08497895810246635,0.7726711206149193
0.7246661323028707,0.08377453936426923,0.780252006439967
0.7082206351166975,0.09624039777418836,0.7769297823899871
0.7427228678239545,0.08529011099903504,0.771746636602678
0.7233405791444344,0.09284956602528943,0.7767612533007656
0.7688823752721422,0.08179790127242069,0.7754516008070858
0.739272961448576,0.07890509362955263,0.7809405386731904
0.7642606838178955,0.07812137807318263,0.778809938437212
0.7172011002119765,0.09188459408172155,0.7733632069338806
0.7392560790184232,0.0803201576601387,0.7798890383967119
0.7149547702662469,0.09297458720153526,0.7753232259260282
0.7342227774245248,0.09173731413150865,0.7760074792965712
0.7546735228177932,0.07995282772026809,0.7845860178285404
0.746606403624877,0.08548201965492917,0.7755530285095606
0.7117984957203483,0.09705770209726405,0.7774931698333827
0.738456829700316,0.08702253849138819,0.7719786490125329
0.7651907930835044,0.08207700016074153,0.7718374853561726
0.746875825248469,0.08384043507965067,0.7719311645097225
0.8057332911425515,0.07027766748547554,0.7802546332725079
0.7309787276749755,0.0892697247362898,0.7717686892125534
0.729674599645559,0.0883041302700085,0.7741946950912104
0.747249236429061,0.0878146860108246,0.7715514409711626
0.7263663006330339,0.09116511961064644,0.7726501916122004
0.7292214626076126,0.08804399649417241,0.7722037532429242
0.7590660080562723,0.08166809525456618,0.7716157544226625
0.7379446819013459,0.08613690181288824,0.7720668108560874
0.7259493096689511,0.0851660614497289,0.7858927218419023
0.7897461999967418,0.07833166127884086,0.7729052105675057
0.7620338060317873,0.08133440115934056,0.7711870102094979
0.6986355091943547,0.09514816716547933,0.7733547440797173
0.7889591726121492,0.08053699517957288,0.7753537545484809
0.7652485956366972,0.08016100488677778,0.7854826492466362
0.7444851630167652,0.08739103017260308,0.7719118469353091
0.7379561661558535,0.08571352563755609,0.7728343194603366
0.7630253297088846,0.07705242777714252,0.7822685009583936
0.7167095840042781,0.09277766100138152,0.7743292845629381
0.7111817724658888,0.09741793610549664,0.7728217878788556
0.7474117689521305,0.08486503698014607,0.7735462178375171
0.7969648205259734,0.0758927793364152,0.7700809549220813
0.7698740358929317,0.07883669240476074,0.7711597453933623
0.7723994326896547,0.08052609820491956,0.7728059669918299
0.7612455469683885,0.08407467655762953,0.7742900173557802
0.7572214070356849,0.0810560379015906,0.7716542567730001
0.7347276496570212,0.0891404731867983,0.7723111494037233
0.7413180460261632,0.07898877825427965,0.7802893629863975
0.7427195128630751,0.08688821758452218,0.7762087243285234
0.741624331372303,0.08271697843597792,0.7723926218844654
0.8176259116121234,0.06581438321889795,0.7787196935576755
0.7863564499089625,0.07830908784164026,0.7707997508233441
0.7237851560813021,0.09726144223931966,0.7758733564154585
0.7695324316406235,0.07995968599014845,0.7737498562166683
0.7585603730748013,0.07936857476191007,0.7826764409938942
0.7247168694691137,0.09208269569648132,0.7745252600874419
0.770935405094714,0.07608114338477866,0.7830428986031646
0.750398818393001,0.08424059681929885,0.7715544249596691
0.7412115129087358,0.08806750812922137,0.7720830258026778
0.7446235917664545,0.08444752499717655,0.7717297223472106
0.7140188084354695,0.09105792534640011,0.7728535497427915
0.7367072174059138,0.09082275964141326,0.775925785306292
0.7393150593314489,0.08378650573404729,0.7724022838034788
0.7574741675340643,0.07866461951936853,0.7791062023916079
0.7129477077726051,0.08984764195521423,0.7732536831674245
0.759210708178833,0.07524607409914724,0.7812156965183751
0.766134370651598,0.07819160112226001,0.7828050827479116
0.7840353731684122,0.07916389806332087,0.7706153171343538
0.7399125583992157,0.08359312936916666,0.783308664945492
0.7042466983250584,0.09349046346371145,0.7731380115006464
0.7534255386217702,0.0859137610131282,0.7710401260627645
0.8001043069349414,0.07404958184528279,0.7830424221805179
0.7549419987068211,0.08079248932687244,0.7734770518439766
0.7127675279492792,0.09991327864446607,0.7773923574278052
0.7629818608824029,0.07962006472434223,0.7715330603061639
0.7293343491892181,0.08241686107434892,0.7805647705374166
0.7645229686530531,0.08641862557821582,0.7749244746322986
0.7570147464680539,0.07518452214850325,0.7797452819115263
0.7632275671774139,0.08335853352798085,0.7758341173468197
0.7703709076736948,0.08348513945164156,0.7734385812203782
0.7471881713581505,0.08913542628771454,0.7762402947629357
0.7404466176465607,0.08312367595363539,0.7724629440424682
0.7445154439783038,0.08320997186548139,0.7727415996845396
0.7096005395305627,0.09419514092738926,0.7736215729574079
0.7914306199669717,0.08045092421625896,0.7747709328392813
0.7628962457191959,0.07264701326930147,0.7799751183144145
0.7197939039803901,0.0987688124824984,0.7758883272074047
0.745391595230802,0.08980166993872712,0.7760809416741307
0.6995486380533674,0.09359411822601255,0.7736632620968328
0.817659275098215,0.06697255967152291,0.7787729778161283
0.7542921521496102,0.08214348233671553,0.7724248505252587
0.7091455078279764,0.09256040480047474,0.772996647253898
0.7167250810933133,0.09224891384750547,0.7758410414410788
0.7662242281127498,0.0834644555326493,0.7749633363316837
0.7966414255634777,0.07273563206534663,0.7708293921049648
0.7268982206075634,0.09446872995192353,0.7762590674192176
0.8044964065126033,0.06979381228839177,0.7782388651172953
0.7464043533275101,0.08643427505527704,0.7742481075235581
0.712855782642199,0.09299005844413558,0.7729497662567023
0.7274712063819433,0.09243464234572557,0.7728269468142793
0.7596883759728429,0.0769936403347038,0.7796448221282143
0.771084633342388,0.07241974724678299,0.779449202684137
0.7237974620437185,0.0879070574665669,0.7733318906311357
0.7277648751555817,0.0881957581676098,0.774023082030077
0.7511434819157217,0.08438800471211427,0.7848242311128288
0.7061460716858496,0.10288752694268408,0.7760860557931074
0.7610125903056706,0.08064157286957194,0.7713840455527543
0.775921018866414,0.07343617846543667,0.779089582229078
0.7233925966323173,0.09467960097048946,0.7735024969811037
0.7510138243223732,0.08132536211856414,0.7720174851042337
0.7351713395707997,0.08361323320686682,0.7850483042053488
0.7317576522058454,0.08601464476459128,0.7726419612869287
0.7481916189108329,0.08164289948215477,0.7722340328100669
0.7969607003496544,0.0760825417323653,0.770622293477243
0.7249774155923305,0.08734489352172299,0.7727377884171012
0.773449774221499,0.07866169033678794,0.7710082099370413
0.7230228660875968,0.09044403604836745,0.7769461382694994
0.7441786565072637,0.08386248156342767,0.7755188198680966
0.7232527898618559,0.09100962653180802,0.7744823760590918
0.7261706059698877,0.08773748077673418,0.7724709683508949
0.7644116775945629,0.08071446240542589,0.7711248380090823
0.7016944820856443,0.09701176067736833,0.7735600992910294
0.7401820403807196,0.0914928973550409,0.7762153160943388
0.7419832373746978,0.08687587640256011,0.7723814346654492
0.7240233613574742,0.09239341351718496,0.7732664143087453
0.7978049802093545,0.07608753604860347,0.7709786261656512
0.7509247861071789,0.07888251861315212,0.7840170360667784
0.7604379582834196,0.08105535686494338,0.771328694288172
0.7798244155654672,0.07457811969556928,0.7816167213483121
0.7217467102455726,0.08892674330802985,0.7726009534737645
0.7660407267085515,0.08423805769597419,0.7753059332432639
0.7385699633965106,0.07997267296439581,0.780024586498522
0.7227420528293418,0.09203745396237598,0.7726753747231996
0.7364624674360575,0.09531254529288757,0.7749033973827326
0.7778137424019571,0.07704024469231731,0.77132808961163
0.7790466727817934,0.07323684502166125,0.7785747813454563
0.7387059609926161,0.09061439967944765,0.7756976252440869
0.7444065565899448,0.08838757432762659,0.776681011953599
0.7542061103941727,0.08446447473123264,0.7721316681356597
0.7902714729206972,0.0750834594645614,0.7829444107316074
0.7369904054503337,0.08892449016336396,0.7728318693086814
0.7780630883780759,0.07956893147072586,0.7712122848181873
0.7218327732404619,0.09224508571285035,0.7761426060711093
0.7148461758437831,0.09059392855505198,0.7728075991191681
0.7403344758940982,0.08042539406334122,0.7804404130720374
0.7509142505162113,0.07971807957737106,0.7795727114120765
0.7733251826723794,0.07407775614295004,0.7792604928751691
0.7438247535008989,0.08645743970414248,0.7714305250242048
0.7714130693424682,0.0736097105041157,0.7791255168499245
0.7595323328523471,0.08249456724933114,0.7744526064178889
0.7279506140871832,0.09469953359670226,0.7770070278556994
0.7348816531521399,0.08747065024864804,0.7729816192429216
0.7545800693477649,0.08085978497621818,0.7827955688516014
0.7343501009366128,0.09224528631305609,0.776645240616678
0.717744677597082,0.09155746964985173,0.772391187204194
0.7495513948537738,0.07988052115097705,0.7837050878917764
0.7695475986484445,0.07850299162445593,0.7718057062330431
0.6954907459222431,0.09351282675153934,0.7739261120572484
0.7592085183123483,0.08049076113564364,0.7715766168504959
0.7650517843797792,0.08099179762081911,0.7748105999403293
0.8031143593718929,0.07031261722769643,0.7834168257691736
0.736843856637273,0.08852030932057237,0.7758225946226913
0.742633574808055,0.08805171170932438,0.7733206618869793
0.7529352524213172,0.08342075105419797,0.7722443135606074
0.7462853385199689,0.08127300282123447,0.7728878687951867
0.6976842261925327,0.10027890506499927,0.775386566030865
0.6964971393893894,0.0949397768396775,0.7756518091968445
0.7863512800016275,0.07249411196156232,0.7795858112849068
0.7301504335670289,0.0881871152415127,0.7720894113759446
0.7295899025907241,0.08809907666862594,0.7738954185669549
0.7368763709165357,0.0848894135494853,0.7723579299694077
0.7698182934684592,0.07728376374458173,0.784143435868628
0.7489521765559016,0.07948545651506486,0.7794603720656132
0.7427745267667524,0.08995749826350652,0.775410185643638
0.787951640618677,0.08165209099887256,0.775017585258153
0.7594387727971631,0.08176427573421104,0.7713477875753049
0.7420042105973539,0.08633904193087884,0.7760216593530516
0.7415713637562725,0.08403626167637049,0.7859039765381678
0.7519164207264643,0.08965819454848503,0.7759825973144181
0.7473089606833647,0.07586906252801354,0.7803999430997846
0.7829925979551352,0.08157403886086242,0.7748380876126033
0.7184056741296325,0.09368521063074745,0.7748037137888721
0.7638860860865415,0.07416077347713883,0.7795750451172835
0.7957498490627705,0.07409011604640323,0.770581370635347
0.6957546155011315,0.09824608538360187,0.7732530876567485
0.7678986384839016,0.08272324425915975,0.7724008004991781
0.7461759794426661,0.08560685343221218,0.7761030328201814
0.7480606481460221,0.09191357426581187,0.7753709354514817
0.7430933064234387,0.08795967255234136,0.7765122322883601
0.7526232636030667,0.07719784210634736,0.7795696552416985
0.6959402759979237,0.09860656868210017,0.7739056107157712
0.733851591652065,0.08442348082180895,0.7850114746944936
0.7270679085995332,0.08784038314640223,0.7727780555089402
0.7296693643528875,0.08684137772720105,0.7770009202368726
0.7495176045772428,0.08737238287995194,0.771834227603995
0.798223713782828,0.07653311246805203,0.7725635699208344
0.740884697199588,0.09324275947906877,0.776549804755499
0.7510441474821182,0.0857080778791548,0.7746927904471458
0.7296252570899012,0.08106582081096056,0.7806659344762024
0.7697432239807875,0.07482999323998948,0.7791907790027847
0.7497506155407047,0.08265460107314317,0.7719131134723459
0.7453941141506317,0.08397354781138401,0.7718811626838354
0.7179435679228204,0.09096335076944265,0.7726854901028817
0.7520941422324539,0.0887201781609645,0.7757960876359952
0.7411138499992352,0.08271833609778083,0.7852948869961147
0.7476285011614393,0.08479884696558336,0.7737086346854412
0.7648823099186695,0.08539689648629427,0.7752567103541912
0.7410786079278601,0.0859547728173929,0.771984485213821
0.7524048661994073,0.08061224769954707,0.7837153971456806
0.78249426343747,0.0796479634544258,0.7710766757833037
0.7675860211838067,0.07550765912611442,0.7832608710118495
0.7690987787573753,0.0830705854572012,0.7732832769116438
0.7704136646032764,0.07987942616382095,0.7709634482742089
0.7256917383745352,0.0891956927173765,0.7722836131493652
0.7249285497586102,0.09150422892325526,0.7770409000519575
0.7354543849722519,0.08996772426009292,0.7742409382432874
0.7707579795338965,0.07636077732030244,0.7730582298917338
0.7576061588242204,0.0838082707228071,0.7759580808123387
0.7740193531962608,0.08290663323394114,0.7745041860489157
0.7184124991961511,0.08949245418355273,0.7728944143798187
0.7334317978319967,0.08985365466202297,0.7769189554579601
0.76249423955259,0.0807235642224299,0.7712942872368616
0.7602489308378907,0.08618100618864807,0.7746898301049611
0.7428791846254875,0.0842304943514253,0.7725913913818907
0.7570032539912364,0.07519310406099831,0.7799611883630861
0.7465467224660239,0.07812569715091532,0.7816801057442604
0.7143441216586519,0.0914537206537703,0.7727488214093192
0.7857883917143303,0.07829237765308149,0.7713144837004744
0.7640331707352449,0.08420168351867274,0.7752027824457312
0.771454171215022,0.07872849817482479,0.7712481168222801
0.7224717175388233,0.0880767333550104,0.7750297363076083
0.7551055551264053,0.0792030207688749,0.7796828971156824
0.7569430782640115,0.08497306547417549,0.7753230566510304
0.7192379801379344,0.08669029814227262,0.7733764175231936
0.817354201970675,0.06662412671175412,0.7779372729674313
0.7436576140946463,0.0823398908384548,0.7727367276091209
0.7416396226180584,0.08898822936440563,0.7760804273536697
0.7356261796272912,0.08533823568404984,0.7723650218198063
0.7626683494667703,0.07957120127484411,0.7715184407898587
0.7691657500555326,0.07833944034828694,0.7714042272036247
0.7803302938391885,0.07886693145418104,0.7747772727353142
0.7537910378388718,0.08317730591228654,0.771451479549513
0.7137580546682337,0.09371877707556228,0.7740647678392045
0.744925085575477,0.08662133179950506,0.774700994327664
0.7810795871144931,0.08021138221667473,0.7736167101868876
0.6964377498241021,0.09205827814701092,0.7742011823815456
0.7081184361670009,0.099460263838081,0.7763167952988748
0.7237796393372168,0.09521658052148231,0.7770636744082833
0.7968132013466754,0.07315659906632796,0.7706914081146241
0.7527254278605567,0.08565734934503991,0.7739675189945756
0.6961386955600135,0.09759281407958799,0.77440027912087
0.7367125244012863,0.08804814263329835,0.7758925529203919
0.7195188107769641,0.08462135767160892,0.7739665643658477
0.7889189541600655,0.08068469118915648,0.7741319934900971
0.7864540125121438,0.0767030073998871,0.7731465558890732
0.7972112229453159,0.07635249764634303,0.7699449501506276
0.7616076388258535,0.08235656157936005,0.7719697829455392
0.6983351963474873,0.09864445238772435,0.7772017952335438
0.7110851318997264,0.09373175977598629,0.7767902639311737
0.712913412211,0.0924772156243812,0.7726907411052489
0.7696652811712476,0.07765895420496613,0.7855367802147568
0.7204128650798586,0.087331310353331,0.7730774282002592
0.7662770526426324,0.08299632184388672,0.7731691652697191
0.7528244126821255,0.08440231338640733,0.7716801476587519
0.7427921452554423,0.0844382357499959,0.7721327752354087
0.7329061022967196,0.08723413867988633,0.7720288098337269
0.7908739622122678,0.07867426798735822,0.7725761654185738
0.7290090870858195,0.08677868114222131,0.7725223687279958
0.7227569475830559,0.09187702683850725,0.7727063783138698
0.7480537024513565,0.07817723648766764,0.7811454966267868
0.7301911829001271,0.08870191965046151,0.7719655739914307
0.7796736524170009,0.07484268185527257,0.7792397616038363
0.7774174840991704,0.08042476972113369,0.7750327574775702
0.7446302311060982,0.08664083274521121,0.776778724276151
0.7236461832280858,0.089409804334658,0.7723192084097329
0.698575528302182,0.09348973937861929,0.773708018045326
0.7815452575950123,0.07824594053859094,0.7730493033062394
0.7639627186131229,0.07918937026214441,0.771579925315965
0.7541652732432496,0.07426171492729676,0.7802399617092577
0.710774274285979,0.09407758649952873,0.773167184716197
0.7193587002589773,0.08897729244859687,0.7728197231708824
0.7651557990361809,0.08055678028169928,0.7712557048908443
0.7303973055208991,0.08837684507857285,0.7721634369408155
0.7588093901976252,0.08062253213470935,0.7716078226119579
0.7321167601322157,0.08399187490208912,0.7728643996263962
0.7412658647194436,0.08543627057686466,0.7722194707113649
0.7415301261457129,0.08751517043525292,0.7735895307533835
0.7472925704542598,0.08511119343639106,0.772350193322603
0.777982308093353,0.07176701645651234,0.7792353833376472
0.7939352303649861,0.07585174479679122,0.7843092339102022
0.75953582969928,0.08431739180584157,0.7712300746291015
0.7429189627542463,0.08468715013349824,0.7726492883856229
0.7564830243441881,0.08213801450086483,0.7716249330438315
0.7790430841431022,0.07732756973571261,0.7710304240283249
0.70482092545463,0.09807548571609287,0.7755799739256005
0.7599711930276262,0.08109151627246704,0.7714846152773526
0.7428871314280789,0.08068777165875322,0.7832686474413725
0.7402920674105099,0.08540065387256526,0.7719754506708082
0.7305989050600437,0.08532477247459694,0.7858019131826915
0.7633768922017029,0.07784123299073793,0.7830625016564775
0.7786612560473037,0.07575379654433598,0.783740540795658
0.7530950299106641,0.08555322593567619,0.7716239303488099
0.7893616669424305,0.06993226837649606,0.7807129563749593
0.7807270558134116,0.07340454763240997,0.7852639422645447
0.7187197387714633,0.09302660251307464,0.7755415370901316
0.7279879932198392,0.09312039978922985,0.7752679294105219
0.7624969990153644,0.07722402747698322,0.7838316880062629
0.8197414326474749,0.06961141291665071,0.7829252166050569
0.7736318993971841,0.08054564324012091,0.771363692171948
0.7595829331490022,0.08301764080727053,0.7713364761051201
0.7806159356555555,0.08219423792646074,0.7740242083896504
0.7208444068289974,0.09436245642473959,0.7725821858004013
0.7337346562375583,0.08454431225224943,0.7726459167030283
0.799108241326266,0.07489023474271374,0.7731230740254531
0.7525813891047614,0.0847828382697338,0.7742449694409651
0.7701805447037872,0.07546141934738643,0.7792062713709365
0.7455499205007138,0.08693666075410549,0.7750974139866701
0.7286005362479415,0.09009338214094079,0.7728092674855794
0.7552651231011093,0.08341108583163633,0.7732071446297158
0.7668256804201155,0.08102882815142233,0.771028234173683
0.7424604959016937,0.0799491667955213,0.7799053330350767
0.7175123279115373,0.08731857981830986,0.7733633380266726
0.7782272919651361,0.08086947574758073,0.7726421408217168
0.757596073757787,0.08761911039967978,0.7748933616497318
0.7571753089406159,0.08084766592912619,0.7716084145444602
0.735727417345022,0.0843425636936548,0.7725707509156395
0.7889795602403973,0.07208455309034992,0.7781715856168131
0.7969560745522104,0.07397131598035783,0.7705152847528811
0.729356641179392,0.08781435131921642,0.7722510992122883
0.7992401581616022,0.07654391577959076,0.7738470994228495
0.6980050649684693,0.09610225840813222,0.7733974922694195
0.7526786476773116,0.0855927609794676,0.7718676903812673
0.7015464480533841,0.0927910770644364,0.773580106374267
0.7479361968927035,0.08694379387900078,0.7730732039240858
0.7153462104058556,0.0868221104245948,0.7808572457491412
0.7372361661059356,0.08590937552755476,0.7722269218391428
0.7524120001770905,0.08284027090877101,0.7715965708277005
0.7639208315490268,0.0795348491214062,0.7715063788209072
0.755424760990482,0.08266678476276688,0.7713150746295271
0.7147179096423181,0.09388565538232702,0.7731555528808873
0.7663768995421272,0.08076263222884222,0.7727957699845954
0.7529501597285094,0.08616961216720166,0.7722080039740737
0.7403407343341458,0.07876714022725625,0.7803871161426322
0.7101780280305038,0.09051335874635992,0.7733474225780728
0.7129036548774472,0.0840323583133603,0.7813648534736867
0.7454187472942778,0.08551895760479238,0.7741548580427937
0.7218663652594204,0.09221388806490871,0.7749153935772384
0.758533850427874,0.0816342414401499,0.7727821830041015
0.7720724082935656,0.07528523527817983,0.7786187077911654
0.7853928635491689,0.077396131112183,0.7704937317879204
0.7314967210264046,0.08939056637234712,0.772314515247417
0.794443919414782,0.07151596471933787,0.7788104844927196
0.7856264045356006,0.07945912131610389,0.7752172819143643
0.7866007142048033,0.07806297762287707,0.7702569664574404
0.7521208037508222,0.08918572904001017,0.7752373398717971
0.7564815473597877,0.08158193946208395,0.7714936465367805
0.7811746826761241,0.07716964345563875,0.7724543166847123
0.7437082386648537,0.08070608094954977,0.782256603242766
0.7342099902725113,0.08696824073256368,0.7719964462834003
0.7080184519264991,0.09472245234193884,0.7751602151871406
0.8190048240418398,0.06763873163945464,0.7812727403899765
0.7308844927724706,0.08851179264234613,0.7729774026429157
0.7212081097243489,0.09074161021259161,0.7723104198667741
0.7559130140867031,0.08362295765111351,0.7717497741431739
0.7505636703582134,0.07864875511889215,0.7793544581947052
0.7407033786020079,0.08445997821047459,0.7720402519584323
0.72947103624329,0.09050886022662455,0.7750156353646048
0.7560698871716552,0.08064187872537423,0.7717505368779867
0.75397143721696,0.08226956215668309,0.7739340746531157
0.7586633771336382,0.08129125593677375,0.7714479821237259
0.7240575853592282,0.09144688830863014,0.7750731164941708
0.7298198382707003,0.09182416791244662,0.7745616264473059
0.718398680037681,0.09869992639833841,0.7762085316375674
0.7624830961953193,0.08006342144948843,0.7714081513650883
0.7565991025089748,0.07704017065347002,0.779517125114379
0.7280531058424439,0.09398495790516581,0.7750529911028823
0.7660350153798782,0.08492229373960142,0.7753619766388858
0.7266048198787631,0.09054723164150018,0.7758004173357034
0.7029086044590582,0.09338420281240908,0.773773592212259
0.7565133228381133,0.08747732909784071,0.7752356015046983
0.7758968758383069,0.07171442211194769,0.7792197324188921
0.7769520054270422,0.08331657949100489,0.7753389520478255
0.7414301442809502,0.08682781530694833,0.7725885938566829
0.7425580019316557,0.09126572302364445,0.7765327558312746
0.7772583682314,0.07385178414019117,0.7785780532855131
0.7324240477897729,0.08744012307048686,0.7721298143947111
0.736341208379869,0.08183594338162116,0.7811571165376217
0.7140867986351549,0.09531085639735001,0.7762230132862726
0.7551012521969133,0.08477965276823914,0.7717870670029675
0.7410067250768927,0.08706497527591171,0.7733692849875268
0.7869643667443269,0.07859329348027069,0.7725228856097104
0.7915539979544179,0.07231754793111035,0.783830840306172
0.7670447876709754,0.07804350525882146,0.7717449252354159
0.7079293994302662,0.09359390549772087,0.7738928615769387
0.7356527228829025,0.0898862484583031,0.7751728963684708
0.7451560962603722,0.08295735011229252,0.7819839507227062
0.7544087430732977,0.08237864213477722,0.7720161886072323
0.8176425148539156,0.06623202098797694,0.7784640310883619
0.7743997379341944,0.08007627426258991,0.7722367884119374
0.7739878455407485,0.08186468986089253,0.7740495884764769
0.7440119927576566,0.08477126434114075,0.7747355133481747
0.759539872429896,0.07602959540770585,0.7797264380477861
0.781898274453302,0.07870943312474615,0.7744200644972353
0.723490635825222,0.09205562350625401,0.776056535010318
0.7528755371687232,0.08356395176155255,0.7714789554634109
0.7722670794361826,0.07741724713955073,0.784957496586492
0.7414632446702878,0.0859887795162914,0.7716470035261196
0.7326119872898216,0.08104257910343118,0.780928399142338
0.7094557278045994,0.0921964038449012,0.7729158575173277
0.7728898700132633,0.07931728127033824,0.7708349782908994
0.7356603031573928,0.08695127609068748,0.7718679411544017
0.7288800607919969,0.09238388823965965,0.7716330547068255
0.7224177053199038,0.09109669693274831,0.7744967644643327
0.7402058004682501,0.08537925977454353,0.7723062675107415
0.7249704414672672,0.09716143493140782,0.7751598449674797
0.7475076108376987,0.08769117077498872,0.7751897735979296
0.7479106248811044,0.07894694871711927,0.7825249848007497
0.7794828160939538,0.07924241625132605,0.7737352924028995
0.7276085187952316,0.0868611976760765,0.7725768879531494
0.7268104535333202,0.0813273875766956,0.7808022929105907
0.7082551145545339,0.0932079144969894,0.7729149660486991
0.7235373386612624,0.08880774248209071,0.7724524797077686
0.7286600292996332,0.09390403875908256,0.7758373698448928
0.7741557720755085,0.07824309222764764,0.7709883480497052
0.7854895842596464,0.07267740162914246,0.7783940193900383
0.7381341614493317,0.08899522956320248,0.7756269192953419
0.7545287188804586,0.08203790173798128,0.7715489650812611
0.7633866684612747,0.08080595910857828,0.784804318597408
0.7376902674076237,0.08595097878498478,0.7719430299374833
0.7250854830011323,0.08773771055452428,0.7751888546997092
0.8078712085025004,0.06974649696399207,0.7784300908859683
0.7473628065769832,0.0830443112246158,0.7746298248799688
0.6955706436804803,0.09588244452613146,0.7744161887612405
0.766989137190985,0.07852642555137314,0.7844892231914697
0.7387574425459462,0.08521660551561167,0.7745289057942757
0.7377474615321601,0.09090285174405005,0.7748729527241801
0.7398945025364025,0.08971054864082058,0.7756214034351098
0.7151792970681278,0.08714773740129209,0.7735906978923244
0.7546840121558831,0.08681264262204824,0.7744891177724412
0.7731465811193686,0.07811580853051998,0.7714910939550704
0.7798385826338697,0.07791078764921804,0.7740245989893069
0.7016236714677179,0.10012921342762551,0.7780361310420414
0.7722907559911267,0.07815549500018723,0.7722780883755126
0.7561409062428699,0.08354097853881925,0.7719559821920882
0.7048236971198963,0.09490223925251372,0.7745941044883055
0.7549475090772121,0.07876653204188323,0.785030951256547
0.7683142385941528,0.07924657170670507,0.7711671260146835
0.7583761712326295,0.08516488796612101,0.7713083007127789
0.7099940198190254,0.0932163444404715,0.7778366621534939
0.754227307066577,0.0759994781488364,0.7799697499483781
0.7503246972189446,0.08721325984723793,0.7747784084586896
0.7656751175961825,0.07579355705746962,0.7797839474641988
0.7236602173272079,0.08758370897507674,0.773409071477021
0.7681853867131049,0.08583121767923199,0.7714725682666399
0.7137904185796521,0.08537243677631069,0.781527098209663
0.756855391976199,0.0861520104825243,0.774753733686154
0.7786017117568935,0.07772973229614193,0.783871253718395
0.7933527948450145,0.07102709643849164,0.7807222148380812
0.722512806551413,0.09372448577919944,0.7766474821808367
0.7328186865849894,0.0808688861523608,0.7822370957527843
0.7379693799511243,0.0773890387321216,0.7823795268739325
0.7682321616268886,0.07667554655102123,0.7855264480107778
0.7500869741928494,0.08306446189472248,0.7717870224314447
0.7148671259140411,0.09606603142068594,0.7757534009296372
0.7777834343696202,0.07492604901195202,0.7812390160738228
0.7928306434487691,0.06982988300311316,0.7785571855121043
0.7913431989032732,0.07561795410470906,0.7824657372935633
0.7298421944668446,0.08901166835635733,0.7764655837575807
0.780804206922803,0.07650345423359883,0.7709445615509758
0.7792616788448959,0.08348565920025817,0.774004006675587
0.7498592873834132,0.07745764579072577,0.779751070566992
0.7432135645391659,0.08689961295273513,0.7713906218970313
0.7768335428394252,0.0786470923976867,0.771682511797773
0.7526995126560206,0.08079408798537735,0.7721420214999061
0.7154630310873237,0.09639502273901727,0.7727142162849909
0.7528599225379282,0.08533354523528847,0.7725481271564181
0.7386733220662864,0.08339153625835362,0.7728491297055452
0.762288248179885,0.08596776620279947,0.7751884463925744
0.7487252499001291,0.08693602667398244,0.775137062026274
0.7764069878871271,0.07169603283158346,0.7792076582977058
0.7587663156736413,0.08225650835056704,0.7711755497976738
0.743518148780383,0.08425265863171716,0.7724412065458173
0.7298759336709508,0.08355692651102137,0.779848153041733
0.8037370349054985,0.07020229021970516,0.7778674772573313
0.788376895393021,0.0709871136022252,0.7786998276549781
0.7165996681065121,0.09539737457934676,0.7752502737208546
0.7922816032682573,0.07471876153339922,0.7708842445101485
0.7356146154717823,0.08808350774528899,0.776186588346204
0.7262356123385766,0.09226404749390027,0.7768072764330123
0.7034304020058408,0.09847137819112348,0.7761500286973796
0.6992965854049664,0.10443079566826148,0.7777605643448798
0.7547582886526045,0.08569760127534322,0.7717609486046804
0.7041430967852348,0.09685710922020302,0.7732825943318283
0.7606028060482365,0.07776107282127541,0.7835209144928601
0.7908049322752028,0.07392273180382922,0.7715273986301572
0.7337033261086313,0.08881110834628414,0.7719705853014246
0.7344506796330396,0.08753550537578278,0.7718334002219653
0.7396136637142162,0.08212862877383201,0.7839704697151946
0.7523323983346097,0.08211709057890454,0.7718023849579282
0.7538230732491299,0.08280906735880973,0.7714233021531465
0.7331916818339154,0.0933337933550332,0.7755061689210029
0.7182026486016999,0.09330820330111138,0.7753664058240588
0.703019357750836,0.09969126274476313,0.7741040984537118
0.7479516313423686,0.07886510939203142,0.7804896754685914
0.7647406864850855,0.08134516131220546,0.7731954604715109
0.7386385172477272,0.08684104683306845,0.7719288505347884
0.7145623294310055,0.08759439084516,0.7824634911899121
0.7427665272386613,0.07749400123996733,0.78031994957405
0.7252184117405112,0.08898620881814717,0.7731317455508346
0.7434781078323172,0.08614345928902732,0.7716747722437806
0.7420006928385438,0.08454868846540195,0.7719680419408258
0.7776973944089545,0.07537469122471052,0.7715487771178156
0.7422423428553185,0.07947479815481752,0.7799105027978279
0.7944642320075671,0.07154137682846043,0.7838018716781234
0.7328075834866871,0.08997692535570127,0.7755496512081609
0.7349546883858191,0.08858048131767607,0.771780448632617
0.6998496122170013,0.09490168984744561,0.7776112034345036
0.7132906790940062,0.08561786532201954,0.7808979957761505
0.7404620719694149,0.08452216583325095,0.7754484017576262
0.7217896678226792,0.08974934046613861,0.7728920701366071
0.7273579729578965,0.09121219455056875,0.7745559815124073
0.7318273474570804,0.08711538144052858,0.772312174682346
0.7615208662104554,0.0762707365305477,0.7798582523624159
0.7333596153120222,0.08118220426183441,0.7802003515270302
0.7532748420172946,0.08241262873317869,0.7715746676770721
0.7342094172298366,0.0904891972836201,0.774396310276697
0.7543405424489432,0.08490481946552396,0.7749608276346645
0.760589544017475,0.0855490282632105,0.7733453070605691
0.7597929229256704,0.08257345379560087,0.7715373546530157
0.7262796466733231,0.09089926553746396,0.7718511782055975
0.7808892937855954,0.07113478216174643,0.7793332212923413
0.7711509235455515,0.07968932592236376,0.7708738543497592
0.795592936217982,0.07180959929630194,0.7799622845619454
0.7832454547344517,0.07870750655802072,0.7708727778582914
0.7493942004361658,0.08381913365987813,0.7753926499444831
0.7378087154387828,0.08655192810072271,0.771856936972224
0.7273790603716629,0.08768983287317338,0.7724132296383293
0.7800441860811554,0.07808018836378312,0.7713470290479333
0.7573107127256224,0.08520252221485955,0.7710140650378877
0.7056179141406985,0.09203596441449441,0.7744193646091643
0.6963298303034053,0.09779766044138984,0.7750386401964492
0.7468900898065572,0.08631454417115982,0.7753687820352845
0.7468810396095202,0.08746199369869409,0.7735332063561139
0.7433123396662985,0.08447738821804619,0.7726911069967113
0.7736431362944145,0.07398615059614605,0.7811991830863448
0.7653791722242475,0.07738174760591043,0.7849071498923946
0.7146700753187828,0.09311731836191917,0.7725845117622911
0.7414295031362987,0.07604657771688186,0.7808702541091354
0.7782746158698475,0.07891561590032717,0.7731517074015405
0.7488098014014605,0.08593332972024809,0.7712896020158612
0.7494959872952683,0.0780287583541711,0.7795990205229684
0.730539121172926,0.08638854270822037,0.7855326927601718
0.7069478430165526,0.09726866326857933,0.7771546759105779
0.7752126570254001,0.07698913028510912,0.7717592170653144
0.717474374300697,0.08728099856977439,0.7859899369384108
0.7523114521266673,0.08412241724387885,0.7714919250718281
0.7450736347776803,0.08718378796535524,0.7719262971513884
0.8081575898044182,0.06952505591706816,0.7810086087898191
0.7436261331060812,0.07834380304558523,0.7801572753483219
0.7234530907577994,0.08941801840677026,0.7725261306347257
0.7923006956189135,0.07889474629377502,0.7739762193731936
0.7319322287559641,0.08346417081953815,0.7731073119873745
0.7342469274471772,0.08803221649846373,0.7728797653940885
0.7439209402331809,0.0850200643229049,0.7716653853425879
0.7323140029541123,0.08456453978611934,0.7861904958684077
0.7848626746820726,0.08132345715304984,0.773193018428202
0.7454969346707647,0.08988078547856516,0.7764221045722601
0.7134200455943375,0.09214853531716466,0.7773001865398749
0.7733796728797103,0.07883468491883426,0.7710949974933214
0.7740647278915807,0.07497757214378277,0.7828796745677948
0.7575995919538983,0.08031271451444205,0.7717960572914828
0.6991130868030652,0.09572286275721255,0.7747262316398641
0.699202306808611,0.10140860278148679,0.7772237795332217
0.7227274406825652,0.09252652559580522,0.7745496464664848
0.7164192843225615,0.09123570090814981,0.7725628718503851
0.7623623889785713,0.08221463676882886,0.7720402282105893
0.727813790143341,0.08780938995197171,0.7724633658515668
0.7190361392341681,0.09456989373448775,0.775344609775619
0.7409946301559881,0.08735730082508594,0.7740237377743483
0.736996177476792,0.08952565253967874,0.7749470276852489
0.8049593091687478,0.06890325082548066,0.7779353493815465
0.7840482523595999,0.07186667772722545,0.7786259813481581
0.7847504406203011,0.07792614676393625,0.7703620049035308
0.7660883762237777,0.07473045307875618,0.7807771367406491
0.6955902303263437,0.09628616896061486,0.7735254217032982
0.771508998232541,0.07606291197593965,0.7816975564947779
0.7674931189493972,0.07761837130619424,0.7723229944686357
0.7336380294807597,0.0864513347821721,0.7722651218356953
0.7465683659755883,0.0827558998494175,0.7720032839102619
0.7260232922983443,0.09106407572720791,0.7718713282773503
0.7786284099045275,0.08326594598269332,0.7746097485503215
0.7282424188074085,0.08868120482550693,0.7733453433853903
0.7522055505237966,0.07657155848139505,0.779774953383599
0.7783200867633834,0.07259016542718301,0.7788179645376251
0.7224849480104075,0.09572923868783509,0.7766581396011206
0.7754793978346515,0.07999993271610024,0.7738330767898446
0.7324821334110869,0.0848084687538264,0.7727135283509307
0.7777916407114641,0.07662976657686535,0.7712325104443756
0.706100484616335,0.09390397729481596,0.7735065172203608
0.7462830351397888,0.08439324724113843,0.7722659343089335
0.7556342759765471,0.0821154606009784,0.7716877121148438
0.7709367220890598,0.0820539468645367,0.7718094057357141
0.7068799634691417,0.09462715519884808,0.7726293812699839
0.7473516102535396,0.08627262046982273,0.7712968103165627
0.7760506725592344,0.07905400750379923,0.7714155575886182
0.7916834218623662,0.07872889902148221,0.7701971120349889
0.7870896273781748,0.07140618896590567,0.7784953345371893
0.7965588268207632,0.06824698985284694,0.7786748884329747
0.7734635898891181,0.0788920139114775,0.7710330435076497
0.7942334662532998,0.07198783323130069,0.7780710541013857
0.6992247194099546,0.09596995992379692,0.7731900372913578
0.7495728911598083,0.08239737401437754,0.7722502790790099
0.7397976179062735,0.08807832085257887,0.7754675837297963
0.763928477932238,0.07703743242609994,0.7838552557927561
0.7202779510075953,0.08818414114642335,0.7736924609181255
0.754624692375326,0.0838945966050678,0.7749376465888388
0.7274872684847951,0.08850430770306471,0.7722337005045496
0.7426384288670832,0.0841723115143494,0.7825204115674613
0.7519824187794127,0.08271726864057875,0.7715998090707927
0.7822086001713183,0.07447462659557529,0.7827615494272135
0.7813517353190402,0.0731150106698152,0.7785190579785941
0.7443349926405126,0.09119902413624086,0.7754409363163669
0.7632074464867266,0.0815028233079867,0.7717226473687723
0.7667105900678561,0.08456176435702181,0.7711707968431909
0.7220065095021813,0.09092659375923348,0.7763953259664462
0.7836148399408012,0.07313590811449279,0.7815574314971749
0.7910938406790766,0.07202563443451092,0.7780637276210179
0.7671329103961592,0.0783056717236739,0.7718487974488577
0.755066631956001,0.07727923733201493,0.7821015727153932
0.7687003007530925,0.07325303103737238,0.7793741005386914
0.7231849884496173,0.08922942749191301,0.7723869704305091
0.719319633845785,0.08939562783900121,0.7727498884766483
0.7276640781862551,0.08956389128404978,0.7721770712882314
0.7653579901037947,0.08570993183407805,0.7756279809096347
0.7171973733292883,0.09078593018152495,0.7727529015842584
0.7887216404614809,0.0792730593700363,0.772898075412058
0.6956365097119791,0.09337578796754635,0.7739731280758697
0.7450998695657528,0.08679429526100627,0.7713431539901118
0.7333865249589993,0.08859193819031769,0.7725726085910822
0.719616495423152,0.09411498475151603,0.7716951724135724
0.7178330803289562,0.0923306689592459,0.7747969230919707
0.7376142088005192,0.08425312199939207,0.7728700520758472
0.7320618208549631,0.08232580734315366,0.7735250579258113
0.7448021051193681,0.08270212540060398,0.7853176878369075
0.7322542519914563,0.08831471496379452,0.7741614703504567
0.7694097546022863,0.0761387910091543,0.781990107856164
0.7157681450078901,0.09095991727447364,0.7732976057698303
0.7747250035179465,0.08045506381985366,0.7727391177904062
0.7861945291605055,0.07644405850504729,0.7706937884658626
0.7240443822854898,0.08816697638802676,0.773246090947546
0.7342771744296137,0.0923301172592363,0.7764868964606491
0.7460101939513017,0.08488909431399881,0.771604994034572
0.7093493580312972,0.09296735161928318,0.7773198722754734
0.7921279797852412,0.07270610474840765,0.7780578192370426
0.7949558906993147,0.07837847812685324,0.7749143922843249
0.7528524178193945,0.08349154213877491,0.7720295827223673
0.7464678606166012,0.08553195194002255,0.7720899052962588
0.7626721077290785,0.07838651712604121,0.7821428471632565
0.7322176963681808,0.08544294410602031,0.7725114359848261
0.7308681343382143,0.08705558566792476,0.7722342124412276
0.7821475539896785,0.0768480708634509,0.7733364265969409
0.7179742945229811,0.09544931990046228,0.773462683563657
0.7484499180072434,0.08550229958945793,0.7714772609318016
0.769009334654162,0.08166961832698141,0.7723666838582188
0.7884930590207802,0.07586208582266368,0.784647247635201
0.7738680001241853,0.07884939371520683,0.771281347202806
0.7410057140362025,0.08810205917321551,0.7747273439869853
0.7684248681561378,0.07989272416031484,0.7710105368773639
0.7182488354796758,0.09726068444469917,0.7768613546608288
0.7746228593580496,0.08188804694007885,0.7744541087740213
0.7832047109730647,0.07271270958978929,0.778803353340633
0.7144905892413626,0.09331815986155877,0.7752160753535313
0.7354905206716206,0.08680274500306465,0.7719761988095809
0.6956655958729476,0.0972084857185951,0.7734035034572097
0.7345320880221625,0.08062074696240869,0.78086593323704
0.7321201849039946,0.08693815291658773,0.7721580652653378
0.7048572490659443,0.09523290110791113,0.7763154637338937
0.7885838810449403,0.07656021074354981,0.7709552236018471
0.7620961248210056,0.07564101754318292,0.7810029396155143
0.7310255594774331,0.08901658109066936,0.7761930129503453
0.7786499958944009,0.07685554512912489,0.7841443206201051
0.7801995691113097,0.08089634676606283,0.7748255789315331
0.7341468020320664,0.08951739620802693,0.7743214667335403
0.7556029737024833,0.0883772949291899,0.7756815492305981
0.7403963015517069,0.08564782051122163,0.7719455339416553
0.7433425092046646,0.09240040617086498,0.7753457287473876
0.7668035889435981,0.08382800319939239,0.7710182645385338
0.7151288330168589,0.09418929294726501,0.7753848185701963
0.8157786812638174,0.0658979108834782,0.7780569760282645
0.7598937944753439,0.08153284860857272,0.771249463577301
0.7402121821350691,0.08378761571979539,0.7722544701119273
0.773906063387721,0.07912636335201478,0.7709792306500755
0.7353960859434756,0.08564490835933421,0.7723585004841351
0.7999201081458145,0.07640778790165566,0.773715861387006
0.7403552209902011,0.08451434203371316,0.7730253148440415
0.7506031767447097,0.07684139609146562,0.7807374269800804
0.8026665384811379,0.06955078254543812,0.7805472675224996
0.7271920421574734,0.09436579811809402,0.7757280978604195
0.7710645504093643,0.07443859095057005,0.7809570067861178
0.7474152007225862,0.08254104958410527,0.7721867715805715
0.7564719961779864,0.08285473685955619,0.771680600717257
0.7307762892173856,0.0891666157690814,0.7763346682503018
0.7337041087933621,0.08671270974370267,0.7720805857522772
0.7544150022136656,0.07792662874133637,0.7794744970965892
0.6980667070793277,0.0940830476865112,0.7735550913902975
0.7779785945173356,0.08209352472907935,0.7739740912066324
0.7608174083594061,0.08190382965457624,0.7710914611599547
0.7082155040006314,0.09325561187645956,0.7728878797619995
0.7047454200753521,0.08896337723666346,0.7742539344116222
0.7552323747947044,0.08482840063955004,0.7755428751829319
0.7976067849239465,0.07788011863584293,0.7730626625542486
0.7814471083542326,0.07369617343084779,0.7784624593980711
0.7485054360696584,0.08647452042877382,0.7719768455089518
0.7527006779741809,0.07863582735120045,0.7848031914860105
0.7530223903470082,0.08282211745059335,0.7715846055629091
0.7472348190445153,0.08308709731452021,0.7718474458205282
0.7145756951318911,0.08786225360103968,0.7843498222683551
0.7529591545600737,0.08663000128240084,0.776419649250325
0.7144762460346409,0.09144934099629061,0.7736796029555663
0.741477593020179,0.08310009416870164,0.7724874398326536
0.7237494414905943,0.08864829073438647,0.7724831750792424
0.7472774024908361,0.08424770933242992,0.7720389144892228
0.7558674164519174,0.08079999798129137,0.7727202725017509
0.7573039494771029,0.07699545844665585,0.7808438336315564
0.7540428885250615,0.08065512129040835,0.7719514937015117
0.740371210955248,0.0862795715522666,0.7764363824999662
0.7970803591065764,0.07692311034983026,0.7706951122446235
0.7135745400656365,0.08823705207419677,0.7804582727249977
0.7038400275952132,0.09911360403289991,0.77697324051365
0.721339469622524,0.0832243839617806,0.7806914311749696
0.7721867993656099,0.07166920060566107,0.7796796016922884
0.7598740560341838,0.07550913380729019,0.7808662039238571
0.757292966302215,0.07435687183702663,0.7799806597266808
0.7583134148649515,0.0840393430533555,0.7745873695288723
0.7722097756436803,0.07859544092456262,0.7839913892060284
0.7279318123020404,0.08417692726511032,0.7800968790115042
0.7304475677466777,0.08981357270488964,0.7716536858660771
0.7378773684838958,0.0855865984894396,0.7721606247384357
0.8085764086502839,0.06983914539958594,0.779813467221299
0.7217198598474217,0.091137872091466,0.7721682300442836
0.7768830938369953,0.08139895735282796,0.7760268841771977
0.808436567647768,0.06966835406899999,0.7805139821388197
0.7171458409314708,0.09084839861594073,0.772618214838406
0.7339504491694238,0.08764089271074284,0.7718966158107908
0.724814987916455,0.0924414517937268,0.7724869700306436
0.7133194885748007,0.08572892914890938,0.7808246223321844
0.7481380140722749,0.08444757064954629,0.7716642647519268
0.7501930826471958,0.08247143987320422,0.7722250976622276
0.7201464071890983,0.09276876069487792,0.7770313696176793
0.6990736144930157,0.10179045262181627,0.7776611834245211
0.7889370620322274,0.07146159754853704,0.7788191112092041
0.7298307149965985,0.08967685290213677,0.7717476209525058
0.7429586940932654,0.08656634212719107,0.7717296996438316
0.7717391126992716,0.07605131994627101,0.782927322690458
0.7613003619283495,0.07633876717913671,0.7819579205909372
0.7269400268596826,0.09038885036136737,0.7721165451327069
0.7342566680260628,0.08560505502648766,0.7722975482977813
0.7126338818878127,0.09299541362252396,0.7730941659353062
0.6989394959133435,0.1003513871085374,0.7770745880784777
0.7468968486767852,0.08857526799491296,0.7758055398915253
0.7379928489482026,0.08560533577240836,0.771994443382638
0.761795131726229,0.07958068210577628,0.783794211435681
0.7640170982783672,0.08418846552939728,0.7734025243179904
0.7443709714741348,0.08553250530145125,0.7852016403432047
0.7320716519177423,0.08605391722749643,0.7838752191667393
0.7268789475452818,0.09134417463888475,0.7750951571954123
0.7967730364473004,0.07442739313832746,0.7709069431673833
0.7618690988829682,0.08614859103962472,0.7752489371385706
0.7333033623734047,0.08726254927001137,0.7867214281814553
0.7503612872136481,0.08435038186050084,0.7724342245749555
0.7700432014037922,0.07337867520976299,0.77926799619314
0.6985679689034674,0.09558316530341478,0.7733964299088694
0.7622602722609246,0.08083995110821048,0.7712418843145301
0.7533771131274409,0.08664676895415598,0.7743540343212385
0.7354575805020904,0.09024996024136477,0.7751357655557952
0.7270789796379721,0.08888184053070086,0.7744942979098938
0.7377012690436464,0.08591566509130531,0.7853941375081702
0.7091290726482679,0.0929114509970578,0.7728740459120068
0.7190290265585842,0.0928007686154203,0.7754919626851092
0.7152516409996589,0.09253402838432145,0.7755441269957659
0.757760995706111,0.08237349338444894,0.7713919083240676
0.7926502778285427,0.08120913096524524,0.7736762270612467
0.7702819477430454,0.08002234265616019,0.7715235552952487
0.7655055930530191,0.07494353674539032,0.7843980608557596
0.7325604237089802,0.0810913647791004,0.7802411828704954
0.715307909110268,0.091663292995031,0.7751133909733234
0.702516701866156,0.09898350181427543,0.7759263527318864
0.7160566777786226,0.09103436114488285,0.7750049495838197
0.7591028433636563,0.07393036684681739,0.7801902593663181
0.794886932603941,0.07157003623296115,0.7781087452705735
0.7993963809904072,0.07679999358969694,0.7732533854693169
0.7311223017289419,0.08160475552539846,0.7805091000738478
0.717041696470621,0.09243904152036872,0.7731415813788766
0.7876311040417935,0.0769751941192966,0.7703765509305781
0.735752217268974,0.08554633073720308,0.7724079680895263
0.7639165566949021,0.08492132211284087,0.7754252340538111
0.7312556106785191,0.08427587448597963,0.7833233629672787
0.7131994684242456,0.10039841680649235,0.7765135428656499
0.7632962146384799,0.07447459808741151,0.7804523932020596
0.7474045401148889,0.08507331920485826,0.7713720556259238
0.7320110741841006,0.09383527043795972,0.7767737836642085
0.7219405385214273,0.09634885925282571,0.7769887521660315
0.7836256517958022,0.07789450616380685,0.7707509782816224
0.7312031922137177,0.09029947245789828,0.7720792860440858
0.7071960265314775,0.09487524719024057,0.7765590703729925
0.7342255899493413,0.08664100675341596,0.7729769113678884
0.7359891677358273,0.08664245715357342,0.7727876085580043
0.794575200486759,0.07363439184599439,0.7707631159523477
0.7884867721539187,0.07419957829168275,0.7827085741394356
0.7803967520629608,0.08152298561190312,0.7747536219176956
0.7112322509060242,0.09843630226932835,0.7772997508232691
0.7145158153566922,0.09119841629039627,0.7746525732355701
0.7684943536125954,0.0795265696862341,0.7721887777289284
0.6977931347575901,0.09663956598175642,0.7771399707172021
0.7938601589800667,0.0700683980514431,0.7804582612414602
0.7626373195565627,0.08099985840250995,0.7715326855974902
0.7322498565529659,0.09295682400159196,0.77641253808474
0.7520554706421951,0.08442577781394384,0.7720092213891858
0.8042111924386434,0.0669484953911441,0.778557918206042
0.7479659153748673,0.07722292039221024,0.7802331250202112
0.7139219289084681,0.08779741964330484,0.7807126435081665
0.7530941918831727,0.08206269625597239,0.7720679195889592
0.7426293266794112,0.08472113718847331,0.7724953253298223
0.790575790733474,0.07424580304877546,0.7722120973946183
0.7221718831655449,0.09047700363935356,0.7760865468800412
0.7913322878862517,0.07856508852716791,0.7740078795835268
0.7406317172698607,0.07976891380481503,0.7799370588999702
0.7394424210162391,0.08551891548956356,0.7752601229607446
0.7083602329085543,0.09344508786535319,0.7735257485730367
0.7738870218899523,0.07828909915737711,0.7831771076759821
0.7563224094343959,0.08493011075163534,0.7759937312966961
0.7267129327936234,0.08312086611545802,0.7803015214586766
0.7970096241976053,0.07388961427997386,0.7705863073198841
0.757365589810818,0.07645618844998488,0.7827522399857869
0.7893115630045482,0.0779416472217119,0.7717089294868861
0.7372036325563639,0.08252745686735075,0.7833365272913716
0.6955718031596186,0.09613058389355902,0.7736031346099683
0.7531664945264082,0.07752857416029335,0.7798777586612538
0.7716809212289979,0.0832866306115387,0.772437162673451
0.7649788779708048,0.0820845270946652,0.7726107364547803
0.7440274642482382,0.08700266241813012,0.7749323543183497
0.7451800700146327,0.08397944221808529,0.7719793940677634
0.744351166279684,0.07793415799504935,0.7800603117898038
0.6958943164592932,0.09702842604852313,0.7742823676400047
0.7738392451788026,0.08018380306770957,0.7709394968202874
0.7277581703774676,0.09331588928356677,0.7763165859651365
0.7208558252418926,0.09365169800906796,0.7763872209921333
0.8162261470522061,0.06739084622836412,0.7812980246502779
0.7344890178241044,0.09373821868209843,0.7751630907066702
0.7557904111018031,0.07900601319430328,0.778986727527274
0.6962656453857297,0.09712005819301081,0.7730309065299033
0.7381510620432388,0.08968036614146231,0.7721702439314824
0.7472837496493574,0.08316106924924056,0.7719646003543469
0.7037661322547478,0.09266678345976456,0.7733299914262884
0.7741529576105908,0.07326327817251231,0.7793570513843637
0.7676199030612293,0.07950880912829687,0.7714664100067641
0.8001422035997706,0.07271623136068639,0.7795540303034034
0.7697511539291849,0.0791150131519016,0.7712747265851948
0.7705155407569594,0.08458976314646925,0.774474839320084
0.7159417193966785,0.09160925649900653,0.7736101246876557
0.7712637828649603,0.07294558100307279,0.7794241642201217
0.7414401828048476,0.0836704076315965,0.7722750539650086
0.7400725404150995,0.08698795971773379,0.7767525026832335
0.7736399886587388,0.07338846289755074,0.7790504966392952
0.7737558057376248,0.07893634360499174,0.7713069616376261
0.7247452446324288,0.09204082373790652,0.7739775643704475
0.7836517528565392,0.07783075501038042,0.7734191810841421
0.7567570401089607,0.08349203568635442,0.7730554231715795
0.7263586369989742,0.08983489702135358,0.7747863848331009
0.749669067566601,0.08375417565888851,0.7733502779978275
0.7228139860310095,0.09003376755905412,0.7734720250787726
0.7135114007237288,0.09115211793449357,0.7728749847461739
0.6957923489654547,0.09707957050711126,0.7730833440863656
0.7340065390706231,0.08597970493417341,0.7758537869811312
0.7722736664965993,0.08044508181812733,0.7710752335485006
0.770929970918703,0.08273052742776192,0.774721527477701
0.7497126568326289,0.08906900621486301,0.775714135768462
0.7974051446144933,0.07393468568346431,0.7714681507415184
0.7751869094377919,0.07371013587475445,0.7799078928073391
0.7717634513879603,0.07999543698893614,0.7707888039999379
0.7391248883947831,0.08307921669626765,0.7726078182501336
0.765905160020376,0.07425021280097031,0.7795140435867479
0.7715482022743103,0.07759678044810894,0.7714499098147957
0.7738066821885236,0.07886016178706058,0.7709330647262544
0.7753091637077545,0.07199152650072754,0.7793265833188885
0.7295095922250558,0.08574897803885599,0.7859501525037093
0.7287971403725375,0.08817417412941476,0.7721518681017726
0.7484251217787331,0.07578272593222198,0.7803145840238586
0.7366902278028069,0.0873450468988871,0.7718922284110955
0.719970267218914,0.09433694585461971,0.7770242258740705
0.756772397890575,0.07593112561331333,0.7797513891438618
0.7371097058915145,0.08531982566178599,0.7857022548746839
0.7322459408195107,0.08972750366998078,0.7747728933365492
0.7597663352333828,0.08301952471462555,0.77359105445951
0.7792818098247628,0.08371113946034056,0.7755702891345612
0.7198090703081451,0.09199913062249192,0.7742290217121549
0.7795512061855115,0.07763856695199965,0.7707564611087299
0.7790704796108644,0.0818549340800402,0.7747007670391447
0.7671329531268272,0.0821222792381948,0.774203717990139
0.7423077831956868,0.0849802624079744,0.7719428439430104
0.752943776852658,0.08370115567580151,0.7721904813759614
0.7515943026736416,0.09032894407003714,0.7757592378492403
0.775852750669224,0.08648620938984963,0.7751542699364627
0.7748142122960596,0.07766312175190403,0.783258546116535
0.7500655117137438,0.08873445039337038,0.7744959555028639
0.698428940305987,0.09141076835900806,0.7741682356311018
0.6987375239004089,0.09933496412228682,0.7758182259665397
0.7801802194302065,0.07807524963772774,0.7719624083158027
0.7758767369423125,0.07090723250298947,0.7794814653639094
0.7892933939535804,0.07196145981859578,0.7790275113697286
0.7566178499321248,0.07541063306137423,0.7804269608057111
0.7408613552555947,0.08775505942020931,0.7714988868953934
0.7385847625025221,0.08622111826785522,0.7733197677283108
0.760976663053072,0.08259494000281646,0.771639508511335
0.7158829466803793,0.08642489299052913,0.7820907053707289
0.744812860409581,0.07712859130002987,0.7804581969760768
0.7210798385736542,0.08941755867392674,0.7725309860451327
0.7208805474694162,0.0907231915840871,0.7723929261207463
0.7309375307356266,0.09075621146053625,0.7756713163813432
0.7342173073721238,0.09076670972471708,0.7756781225838644
0.7410073864179588,0.08618766935214818,0.7743918454635975
0.7344204507298695,0.09337666303222843,0.7759337807492946
0.7189066911554088,0.08792183074623854,0.7862426252162249
0.8022344225334272,0.0713746007582369,0.7818948450128137
0.7358126833859479,0.08808911271684337,0.7740258524685326
0.7340774633128665,0.08812924497774753,0.7729260909094509
0.7504091932882389,0.0871302473862754,0.7770303779561564
0.768579023238862,0.07863529341895613,0.7713062934324645
0.7252078515000566,0.08962095743523184,0.7721354652558772
0.7321547773339401,0.08838314394557382,0.771977000631598
0.7808864791192558,0.07770407902139172,0.77071418476954
0.7582392072166967,0.08400272279693576,0.7728472116139747
0.7552786217363707,0.08688538307599383,0.7743341334509486
0.7265987160130101,0.09145783101395331,0.77362440835911
0.7655176086018762,0.08323947572504585,0.7719037625837357
0.7141324735671231,0.09254801688513742,0.7724214241535212
0.8057396391741433,0.06760383490913258,0.7788824574983754
0.7419513115123832,0.07902079800532898,0.7799983146462558
0.7244658896042907,0.09097688512275479,0.7763908052235281
0.7970385160494533,0.07578359864005532,0.7700338016879043
0.6998276407589623,0.0952287111144698,0.7738677745234233
0.7251628932880769,0.08532513557733136,0.7732597590558519
0.7333459898394988,0.08539954077550997,0.7729240962640587
0.7283537280040667,0.08999366715097626,0.7721092684835787
0.7799129379022101,0.07729247179213561,0.7715912295109788
0.7170014458138994,0.09059398681038704,0.7743202049668415
0.71354068704514,0.09190401699112556,0.7726198218201855
0.7525324997119878,0.08161645178198158,0.7718608786820425
0.7346797111897284,0.0869525707546434,0.7724125894442527
0.796150984534282,0.0719955759728098,0.7821186922223013
0.7510588038743526,0.08409956737509866,0.7715371233504024
0.7027987725974107,0.09229138986602319,0.773662357265104
0.7200270660611788,0.09364579540919947,0.7720210534749188
0.7971130787653626,0.07431608065322684,0.7711888781373578
0.7238080944721568,0.08868210841416788,0.7728434715325101
0.7465477236753458,0.08946230561921752,0.7745317481272599
0.7061937792147823,0.09941238795342187,0.777533032173482
0.7259151786718137,0.09075556868995732,0.7766962509105987
0.7264799882337176,0.08705702854192511,0.7868726973592481
0.742434533142008,0.07819499358542807,0.7802981802107608
0.7491243411288184,0.08590926704839832,0.773099402921884
0.7385231301684301,0.0818198708935518,0.7798081167311177
0.7322706693243303,0.08348395543664276,0.7731555177755549
0.7786343855579191,0.07173388942544075,0.7795240078358583
0.8053588824117561,0.06895200670271935,0.7780997307927017
0.7661848376459374,0.07451014659131798,0.7811035966118647
0.7503607138761665,0.08196409595457825,0.7723381569509353
0.7569011291588164,0.0819775670698966,0.7715135927623303
0.7660577019787752,0.07595819367528728,0.779559014874203
0.7386509433239976,0.0864712748989827,0.7724239535072858
0.698974339756423,0.0959579066704093,0.7741143981948165
0.7534340494617676,0.07705188370144653,0.7828270038011059
0.7871667398857267,0.07873193309488966,0.7739634913517154
0.7482760051004818,0.0800601297155437,0.7845472749970784
0.7197191980682369,0.08169282218950147,0.7814710803029409
0.7302319170018586,0.08831477428670939,0.7725874344393227
0.7966563246171643,0.0733979160767639,0.7708980053772982
0.755712463371432,0.08349681714289282,0.7722314450507244
0.7439003623224358,0.08008735766665541,0.7795427048268759
0.7740916925507471,0.07720972016352251,0.7836868176990106
0.7699148060935894,0.07801578914460972,0.771382461557691
0.7571547560985868,0.08422487126427963,0.7718450660473575
0.7500167724714414,0.08773577840999436,0.7748770519673066
0.7517990500579529,0.08252969654389333,0.7716187602044629
0.7078151683374343,0.09535945618747306,0.7734066163380884
0.7458431526956075,0.08676172566403878,0.7760724460514873
0.7583190952154563,0.08274417581596283,0.7716162825851103
0.7167738281665839,0.09311055595603145,0.7758051658113673
0.7205152476205473,0.08965041668231467,0.7725194286291053
0.7500705745507908,0.0823033539912943,0.7720610702403344
0.6955862234033481,0.09391134627701786,0.7738489476939406
0.7524019304164956,0.08101293334841171,0.772979749703699
0.7320145470293008,0.08816233640138597,0.7751007091420433
0.76844538936787,0.0793914790611375,0.7712960481566513
0.7529421563570143,0.0820002707461551,0.7716826830808603
0.723866178642965,0.08253767553263214,0.7809663968903172
0.7456069892174413,0.08691886619592155,0.7714816624611524
0.785161598617718,0.07514606281706472,0.7848547688608665
0.7164963971927261,0.09113037017863104,0.7725325823260095
0.7043880039935593,0.09314055637126824,0.7732835730889845
0.7385244825835389,0.07825192449394826,0.7810561718557403
0.7312799615496173,0.09023719931666842,0.771890919167485
0.7055074906712533,0.09376821239468075,0.7730946138939495
0.7837479826326175,0.07870172630485908,0.7740645988708714
0.7391840000440605,0.08993217932368673,0.7742811928498565
0.7905694712203579,0.06905172183011181,0.7789696843834196
0.792842184028606,0.07847296193161726,0.7749878700354839
0.7315615970561506,0.08618777030100579,0.7725444006661807
0.7776587443084372,0.07598880421468371,0.7842178602804899
0.7801044855126161,0.07296731686054769,0.7794049658840773
0.7678509908303001,0.07982317324059857,0.7752265288354788
0.7317999534314354,0.09318908266228147,0.7716912783452213
0.7280498135636793,0.08665461734660232,0.7725785945724061
0.7215775370800159,0.09203322551669527,0.7727325371327192
0.7225673866679195,0.08935150636930671,0.7726860794256457
0.744738840374575,0.08575175397977225,0.7723603405803315
0.7467868446610333,0.08510763219455986,0.7716149496141661
0.7273319656964781,0.08532087768348057,0.7730356804961994
0.6973032029260097,0.09502786254329612,0.7734115190773156
0.7264388554613347,0.08158036038691133,0.7820232204264403
0.7178185172687314,0.08598557080133375,0.7817012964799325
0.7193447244060552,0.08906196463058261,0.7728845050229163
0.7507426381920336,0.0860755182049086,0.7712194910654772
0.7164991736960516,0.09311047584052727,0.7732640406739261
0.7649685107868993,0.08039260486701834,0.7737486706276182
0.741112075337861,0.08815300333152577,0.7736092605068353
0.757784026121702,0.07774902849271505,0.7811170343999799
0.7449141699671291,0.08484826069535557,0.771614450229643
0.7097986102948726,0.09410067929847592,0.7727684413790397
0.7289773010962188,0.08987386479980528,0.7729647604840507
0.7503625415414195,0.08598733375539275,0.7743594113416792
0.7296992604394394,0.08529462705709295,0.77276986877285
0.715761422552317,0.0926950241355348,0.7725225306907568
0.7431685963809096,0.0808456796750693,0.772888972504924
0.7513010080381332,0.08074836211085143,0.783516704044803
0.7385060237544809,0.08362243939960376,0.7757905574678705
0.737629308623835,0.08392360856644478,0.7724213223522313
0.7672572423606856,0.07519004909588937,0.7791782829962656
0.7488082165929772,0.08118663077021285,0.7855018939898437
0.7731695558905466,0.0778770299334163,0.7726727842912908
0.7645885099514383,0.08158192077213072,0.7729631632128541
0.7171580760322,0.09125632067847525,0.7750358251766186
0.7364277629138243,0.07889838167967532,0.7805195432376201
0.7136386290746499,0.09235457192490462,0.775029517854991
0.7856888661103708,0.08066388272996357,0.7727369178835961
0.7737476662401224,0.07433265465878337,0.7801310019406879
0.7177314028877914,0.09036298287368243,0.7725949504723013
0.7328255225418172,0.0887972725959615,0.771706815931681
0.7684890034481967,0.07890463419882862,0.7831165708913642
0.7494767021516824,0.08287160022208216,0.7719641917154971
0.7304408209979509,0.08838095696526166,0.7725971826104644
0.7643314657422389,0.08468653339879835,0.7748147974681013
0.7691955591804152,0.0820846085400664,0.7753386912558802
0.712304204638731,0.08901692591357793,0.7741088151098412
0.7481341151753077,0.08379145605944076,0.772041441169595
0.7469700887184385,0.08691286887802464,0.7718774917124784
0.7583021462088237,0.07759158323090024,0.7792652743230907
0.7467460261547968,0.08567045155209968,0.7753188197276448
0.7748109071155805,0.07409315294419586,0.7825924956381857
0.7786081100212895,0.07373205585573868,0.7784782100958118
0.7124059169796171,0.09112799053143619,0.7730481674388459
0.74651581793023,0.08842829285869679,0.7767590620155111
0.7454197635988807,0.08492639135297655,0.772058191902884
0.7509353555075649,0.08346248459111784,0.772537290897422
0.7457100897558545,0.0885673257296481,0.7740203475731867
0.7609693986733114,0.07957311865996909,0.7716414638501883
0.7307674908370654,0.0889510601231617,0.7741185316418749
0.7644998260504646,0.07997853494046739,0.7714199083815412
0.7246958689657275,0.09194785629241256,0.7726453528808287
0.7497725557420344,0.08336221694214661,0.7721144295752691
0.7568585076877884,0.08399704314361235,0.7748747811618097
0.7671238191993074,0.07401703635588655,0.7817790703965801
0.7234976508008446,0.09425440867466918,0.776521269035474
0.7796686938236744,0.07600288105702356,0.7711685156618333
0.7247247168845166,0.08746752979343479,0.7727405333760471
0.7499301187018724,0.08422849488897405,0.7730011981232628
0.7889919648509356,0.07658122844643803,0.7704159378183294
0.7541581560131329,0.08537135837166918,0.7708530588361197
0.7860119688519028,0.07002668594420831,0.7799201627370863
0.734052572972109,0.08679951682454057,0.7722247662330664
0.7910724249868863,0.07345492199721482,0.7819427608736398
0.7940116937593057,0.0704683235746424,0.7784943875404223
0.76174692386706,0.08332359593672355,0.7735016050688794
0.7926089544752014,0.07149363828905074,0.7791112186702276
0.7420194881688976,0.08844538898218968,0.7718122611680323
0.7612693834275285,0.08293507809293096,0.7741290043841507
0.7260123038363966,0.08830390525304806,0.772419924933371
0.7772794575577072,0.07573158057333151,0.7713904941343397
0.7068472652680041,0.09616793112980704,0.7776941530908309
0.7599797265332753,0.0815566965858907,0.7713087594379374
0.7920001640667214,0.07305962762802497,0.7845006472762307
0.7757498544814984,0.08046849721307567,0.7752867113115903
0.800226117419815,0.08021847867992916,0.7734311280984014
0.7881455135820609,0.08065399741198016,0.7758188911442054
0.7277738593281005,0.08979072882908623,0.7770777445818551
0.7275210523879034,0.0890003752511264,0.775121427405359
0.7402100235356786,0.08710384758103148,0.7715125083218562
0.7025621171147591,0.09347732346366554,0.7735548084730799
0.7887268549687269,0.07942584889122233,0.7708245863821811
0.7754622508678003,0.08433403838913966,0.7745779584357388
0.7090928342695192,0.09247882663529201,0.7738329956624137
0.7391089922150481,0.08962686307416146,0.776262167633509
0.7342392077987983,0.08870499631063399,0.7720131535165873
0.707524631341952,0.09875108548461417,0.7756636730409159
0.7150677171288098,0.08466935095784109,0.7809157425013713
0.7060914265150245,0.0935641493991634,0.7752684159541474
0.7408869507324054,0.08324654096815806,0.7841686134039068
0.7360177947748392,0.08449050019451004,0.7835956567730159
0.7303833214997589,0.09230756432195407,0.7755347986096762
0.766400422386799,0.08305898923362284,0.7749985085924158
0.7798119569905223,0.07403885491598657,0.7784525182396563
0.7497486828102344,0.08215117744465106,0.7718778204401716
0.7588188486360278,0.08591514127858667,0.7733622008001758
0.738580661721234,0.088117759587326,0.7727659385031276
0.7692119665620082,0.08215083245900275,0.7734406485897075
0.7426027675111487,0.08134400272678124,0.7732724074864268
0.739093339222289,0.07922227222468721,0.7847663995327803
0.79518280312077,0.07537827358495346,0.7837812596032157
0.7513429063174437,0.0875416916181033,0.77374160923336
0.7502998187369965,0.07718712587475995,0.7798179501183032
0.7102581044570309,0.09672974641018516,0.7746798242271983
0.7334639909962448,0.09262928496911721,0.7758446821308768
0.7587544851188908,0.07841726584008007,0.7721030940857843
0.7891877536059535,0.07358940511149396,0.7831534664419373
0.7534932848270711,0.08416152573016611,0.7711291505558794
0.8170908143054187,0.06912301823856784,0.7773044888494738
0.734926760751947,0.09036000132172177,0.7763719231200533
0.7040728782026248,0.0923456940109511,0.7734443517836403
0.7649359754465687,0.0748888143169525,0.7792716152885687
0.751917247799606,0.08380932448457269,0.7714956655246383
0.7232166377732413,0.09185482315712001,0.7724075536926512
0.7210589495200362,0.09611729676032735,0.7757813439666429
0.7557662911348759,0.08384936292821363,0.7711729100754081
0.7296599515636262,0.08619359771974583,0.7836260935799401
0.7084384754325317,0.09260904920990294,0.7729177373373671
0.7407983065523823,0.08485149184490283,0.7719723389448295
0.7135096798291611,0.09277647965691509,0.7729712205587648
0.7514641814976214,0.08391301566059932,0.7713768535655582
0.7700808599350525,0.08109081523160618,0.77418407774611
0.7227905364652417,0.08698624291387275,0.7734034214760245
0.7392714903447828,0.08588152604561174,0.772208087683026
0.7466606374091779,0.0776575924140522,0.779932072573837
0.7871367631343396,0.0770649090083744,0.7707174502034132
0.7088607022446496,0.0960578057419567,0.7762049137564355
0.7279614997160415,0.0846031443443396,0.7731509060161438
0.7676655608862886,0.08038531465678996,0.771148622772199
0.7346904984618042,0.08253941233080705,0.7826977551510367
0.745676019089208,0.08181834344823444,0.7724967980186321
0.7564818389707988,0.08173695922445211,0.7715274210007939
0.7692126578961674,0.080321791220421,0.7715424087549464
0.7455655985199828,0.08917727797128382,0.7752501444315908
0.7790295349159928,0.07686836896867388,0.7747889294564754
0.7609263468982465,0.07684327138473218,0.781474807120846
0.7197004932008433,0.08805265574074413,0.7838382413470292
0.7493836240692724,0.07746334830508689,0.7808119516444652
0.7088981706761652,0.09579565711354439,0.7770535304652489
0.7868899894531054,0.06901527256975443,0.7795186266781027
0.7440995432027834,0.08222242022555103,0.7832993413328442
0.7292033145583894,0.08890003605612967,0.7719743519799657
0.7420697238246681,0.08259927946902768,0.7724442494198921
0.7503950076477877,0.08406412935350997,0.7713889733893592
0.7270371870233852,0.08384417332413338,0.7733480960964972
0.7589236199222892,0.07509948592366744,0.7818506815705836
0.7158173990840254,0.08546657453439509,0.7812085428078556
0.7351632755146396,0.08874931576491345,0.7750626272269368
0.7334442220189321,0.08223304108364415,0.782134779432855
0.7132361645653245,0.09293179647460663,0.7724597567744287
0.7063310254063792,0.09724454468639064,0.7760279898299314
0.7436831496764581,0.08687402191980652,0.7736292423454144
0.727860200175159,0.08859307698107684,0.7858096546379146
0.7610552439755339,0.08061582051343301,0.7722584832693212
0.7331480752466284,0.08095539694386521,0.7845111742573229
0.7351318319828807,0.08848838149607413,0.7717573623473193
0.7225372736105048,0.09404004360291904,0.77379321495357
0.7672507564017553,0.08630914270960216,0.7731038241735758
0.7799308295539142,0.07641161757774056,0.7713198816071962
0.7517734486538986,0.08466539015716318,0.7755582444995353
0.7433352844221055,0.08664239871044534,0.7715750851934411
0.744660504865308,0.08442044734547449,0.7737223891572507
0.74573185511951,0.08914821010079389,0.7763083812497126
0.7577850230051945,0.08033709437687128,0.7718317860945556
0.7062588865363033,0.09572228369022973,0.7768380203103036
0.7570854514399277,0.08235804427142514,0.7713016972248347
0.7524615865702782,0.0768752954144266,0.7801220545580986
0.7636935378874296,0.07962986204096238,0.7714638258543016
0.7462970167828537,0.07770517369248615,0.7801532814493408
0.7455169787338838,0.08550039814941564,0.7727751553198137
0.749625954780463,0.08318289818057614,0.7716347632269034
0.7565637664647106,0.08505941740613074,0.7738067978545002
